run,step,loss/reconstruction
small-sc341,7,111.44871520996094
small-sc341,14,111.63912200927734
small-sc341,33,109.47451782226562
small-sc341,42,106.77664184570312
small-sc341,87,90.64803314208984
small-sc341,90,88.55630493164062
small-sc341,93,87.72000122070312
small-sc341,96,87.08226776123047
small-sc341,101,85.651611328125
small-sc341,136,81.08657836914062
small-sc341,143,79.36067962646484
small-sc341,150,79.43929290771484
small-sc341,152,78.40001678466797
small-sc341,192,71.79747009277344
small-sc341,195,72.73670196533203
small-sc341,197,72.21035766601562
small-sc341,213,69.4080810546875
small-sc341,238,65.45698547363281
small-sc341,269,60.579002380371094
small-sc341,275,59.96324157714844
small-sc341,276,60.30372619628906
small-sc341,319,53.90056610107422
small-sc341,323,52.49599075317383
small-sc341,372,44.410518646240234
small-sc341,378,43.852516174316406
small-sc341,382,42.96998596191406
small-sc341,405,39.67588806152344
small-sc341,425,37.012691497802734
small-sc341,441,35.43383026123047
small-sc341,444,35.43413162231445
small-sc341,458,33.316017150878906
small-sc341,502,30.44161033630371
small-sc341,506,29.716293334960938
small-sc341,511,29.038238525390625
small-sc341,512,28.914817810058594
small-sc341,519,29.12002944946289
small-sc341,527,27.930389404296875
small-sc341,531,27.241836547851562
small-sc341,535,26.767799377441406
small-sc341,545,25.929214477539062
small-sc341,574,23.815807342529297
small-sc341,584,24.19277572631836
small-sc341,610,22.067590713500977
small-sc341,617,21.685970306396484
small-sc341,622,21.267187118530273
small-sc341,629,21.429859161376953
small-sc341,652,20.380550384521484
small-sc341,672,19.752267837524414
small-sc341,678,19.023578643798828
small-sc341,682,18.488086700439453
small-sc341,686,18.01580810546875
small-sc341,690,18.907459259033203
small-sc341,696,18.324378967285156
small-sc341,698,18.093151092529297
small-sc341,720,18.173545837402344
small-sc341,731,17.321903228759766
small-sc341,735,17.529279708862305
small-sc341,745,17.090003967285156
small-sc341,753,16.378673553466797
small-sc341,764,16.480920791625977
small-sc341,775,15.662773132324219
small-sc341,812,14.864900588989258
small-sc341,841,15.381731033325195
small-sc341,862,14.182955741882324
small-sc341,872,14.084332466125488
small-sc341,897,13.027962684631348
small-sc341,908,13.553882598876953
small-sc341,918,12.957590103149414
small-sc341,929,12.892772674560547
small-sc341,946,13.661262512207031
small-sc341,949,13.156304359436035
small-sc341,981,12.365779876708984
small-sc341,991,12.541082382202148
small-sc341,993,12.672795295715332
small-sc341,1012,12.253545761108398
small-sc341,1014,12.10130500793457
small-sc341,1021,12.372915267944336
small-sc341,1022,11.876482009887695
small-sc341,1027,11.888980865478516
small-sc341,1041,12.683418273925781
small-sc341,1064,12.175068855285645
small-sc341,1094,12.152368545532227
small-sc341,1128,11.231258392333984
small-sc341,1132,11.488094329833984
small-sc341,1134,11.440817832946777
small-sc341,1158,11.475475311279297
small-sc341,1161,11.917047500610352
small-sc341,1176,11.184062957763672
small-sc341,1215,11.973126411437988
small-sc341,1232,11.355544090270996
small-sc341,1266,11.056964874267578
small-sc341,1289,10.795503616333008
small-sc341,1300,10.46389102935791
small-sc341,1302,10.676738739013672
small-sc341,1308,11.064554214477539
small-sc341,1320,10.580631256103516
small-sc341,1336,10.450912475585938
small-sc341,1344,10.356143951416016
small-sc341,1356,10.396503448486328
small-sc341,1364,10.790199279785156
small-sc341,1370,10.352899551391602
small-sc341,1371,10.617250442504883
small-sc341,1374,10.200702667236328
small-sc341,1401,10.464616775512695
small-sc341,1420,10.066455841064453
small-sc341,1433,10.746788024902344
small-sc341,1439,10.54267692565918
small-sc341,1448,10.396003723144531
small-sc341,1462,10.797916412353516
small-sc341,1468,9.959936141967773
small-sc341,1472,10.070804595947266
small-sc341,1483,9.901334762573242
small-sc341,1512,10.276033401489258
small-sc341,1522,10.132379531860352
small-sc341,1524,9.894993782043457
small-sc341,1539,10.180280685424805
small-sc341,1551,10.040557861328125
small-sc341,1561,10.116003036499023
small-sc341,1562,9.571215629577637
small-sc341,1566,10.00166130065918
small-sc341,1567,10.076436996459961
small-sc341,1623,9.834762573242188
small-sc341,1628,9.763998031616211
small-sc341,1634,9.843087196350098
small-sc341,1660,9.652494430541992
small-sc341,1686,9.584938049316406
small-sc341,1725,9.664812088012695
small-sc341,1729,9.919219970703125
small-sc341,1739,9.608253479003906
small-sc341,1762,9.514933586120605
small-sc341,1765,9.64896011352539
small-sc341,1774,9.536931991577148
small-sc341,1805,9.944977760314941
small-sc341,1826,9.562877655029297
small-sc341,1860,9.36307144165039
small-sc341,1889,9.187623023986816
small-sc341,1938,9.203821182250977
small-sc341,1939,9.202397346496582
small-sc341,1947,9.11233139038086
small-sc341,1956,8.604354858398438
small-sc341,1965,8.975099563598633
small-sc341,1972,8.790176391601562
small-sc341,1976,9.045923233032227
small-sc341,1978,8.99606990814209
small-sc341,2009,8.818253517150879
small-sc341,2036,9.289691925048828
small-sc341,2060,9.087032318115234
small-sc341,2078,8.742755889892578
small-sc341,2090,8.944562911987305
small-sc341,2174,9.059280395507812
small-sc341,2193,9.468842506408691
small-sc341,2205,8.770011901855469
small-sc341,2206,8.784303665161133
small-sc341,2229,9.121098518371582
small-sc341,2288,8.906435012817383
small-sc341,2293,8.603133201599121
small-sc341,2311,8.82784652709961
small-sc341,2378,8.933708190917969
small-sc341,2389,8.408597946166992
small-sc341,2397,8.48218822479248
small-sc341,2430,8.540777206420898
small-sc341,2441,8.601353645324707
small-sc341,2447,8.68674373626709
small-sc341,2448,8.962640762329102
small-sc341,2464,8.664116859436035
small-sc341,2508,8.623778343200684
small-sc341,2516,8.352409362792969
small-sc341,2541,8.308429718017578
small-sc341,2548,8.442893981933594
small-sc341,2585,8.360237121582031
small-sc341,2590,8.352456092834473
small-sc341,2600,8.24184799194336
small-sc341,2606,8.016837120056152
small-sc341,2610,8.464149475097656
small-sc341,2615,8.351235389709473
small-sc341,2630,8.265602111816406
small-sc341,2650,8.479836463928223
small-sc341,2660,8.532571792602539
small-sc341,2662,8.457202911376953
small-sc341,2666,8.446920394897461
small-sc341,2733,8.326287269592285
small-sc341,2735,8.267147064208984
small-sc341,2738,8.182319641113281
small-sc341,2740,8.004059791564941
small-sc341,2746,8.30617904663086
small-sc341,2756,8.10919189453125
small-sc341,2775,8.224349975585938
small-sc341,2781,8.285626411437988
small-sc341,2796,7.71783447265625
small-sc341,2801,8.525362014770508
small-sc341,2839,8.122234344482422
small-sc341,2872,8.025945663452148
small-sc341,2884,8.040060997009277
small-sc341,2887,7.974841117858887
small-sc341,2897,8.080705642700195
small-sc341,2900,7.720861434936523
small-sc341,2903,8.134200096130371
small-sc341,2910,8.105016708374023
small-sc341,2925,8.172978401184082
small-sc341,2963,8.067481994628906
small-sc341,2969,8.046551704406738
small-sc341,2977,8.087388038635254
small-sc341,2991,7.958925247192383
small-sc341,2992,7.850639820098877
small-sc341,2993,8.037217140197754
small-sc341,3025,7.915982723236084
small-sc341,3026,7.930089473724365
small-sc341,3049,7.717369079589844
small-sc341,3051,8.039092063903809
small-sc341,3061,8.382643699645996
small-sc341,3103,7.83364725112915
small-sc341,3112,7.747363567352295
small-sc341,3135,7.657306671142578
small-sc341,3159,8.02640151977539
small-sc341,3171,8.09481430053711
small-sc341,3183,7.828845024108887
small-sc341,3190,8.057760238647461
small-sc341,3248,7.9690423011779785
small-sc341,3277,7.750544548034668
small-sc341,3289,7.670016288757324
small-sc341,3312,7.691287517547607
small-sc341,3316,7.806040287017822
small-sc341,3358,7.791193008422852
small-sc341,3376,7.710478782653809
small-sc341,3380,7.632850170135498
small-sc341,3401,7.9537153244018555
small-sc341,3402,7.877720832824707
small-sc341,3406,7.984622001647949
small-sc341,3408,7.7071428298950195
small-sc341,3415,7.976726531982422
small-sc341,3416,7.903354644775391
small-sc341,3433,7.721149921417236
small-sc341,3434,7.574151039123535
small-sc341,3435,7.8868088722229
small-sc341,3452,7.499648571014404
small-sc341,3456,7.764303207397461
small-sc341,3495,7.794939994812012
small-sc341,3503,7.599908828735352
small-sc341,3527,7.655919075012207
small-sc341,3539,7.7497124671936035
small-sc341,3548,7.620663642883301
small-sc341,3553,7.710294246673584
small-sc341,3555,7.56791877746582
small-sc341,3563,7.430366039276123
small-sc341,3578,7.69118595123291
small-sc341,3579,7.287677764892578
small-sc341,3587,7.911111831665039
small-sc341,3643,7.874640464782715
small-sc341,3646,7.691196441650391
small-sc341,3661,7.556234836578369
small-sc341,3677,7.756318092346191
small-sc341,3684,7.555027961730957
small-sc341,3707,7.649827003479004
small-sc341,3708,7.637474536895752
small-sc341,3717,7.7646484375
small-sc341,3724,7.56985330581665
small-sc341,3737,7.459133148193359
small-sc341,3779,7.5011186599731445
small-sc341,3792,7.382978439331055
small-sc341,3794,7.317258834838867
small-sc341,3800,7.556602478027344
small-sc341,3811,7.502307891845703
small-sc341,3812,7.636658191680908
small-sc341,3817,7.666290283203125
small-sc341,3854,7.537014007568359
small-sc341,3878,7.31755256652832
small-sc341,3882,7.605902671813965
small-sc341,3894,7.918397426605225
small-sc341,3897,7.425346374511719
small-sc341,3905,7.399746417999268
small-sc341,3928,7.615718364715576
small-sc341,3930,7.190611839294434
small-sc341,3954,7.429946422576904
small-sc341,4012,7.500124931335449
small-sc341,4014,7.699267864227295
small-sc341,4016,7.295560836791992
small-sc341,4024,7.2671074867248535
small-sc341,4049,7.445186614990234
small-sc341,4079,7.472682952880859
small-sc341,4092,7.500164031982422
small-sc341,4098,7.720269203186035
small-sc341,4111,7.36212682723999
small-sc341,4118,7.339089870452881
small-sc341,4125,7.35164213180542
small-sc341,4149,7.403725624084473
small-sc341,4169,7.3640546798706055
small-sc341,4180,7.309690475463867
small-sc341,4205,7.3942694664001465
small-sc341,4210,7.384912014007568
small-sc341,4240,6.971017360687256
small-sc341,4260,7.391458511352539
small-sc341,4273,7.334824562072754
small-sc341,4278,7.32557487487793
small-sc341,4280,7.506862640380859
small-sc341,4284,6.946523666381836
small-sc341,4306,7.182870864868164
small-sc341,4330,7.327864170074463
small-sc341,4352,7.4196553230285645
small-sc341,4368,6.842524528503418
small-sc341,4386,7.129861354827881
small-sc341,4394,7.059029579162598
small-sc341,4454,7.168510913848877
small-sc341,4493,7.491110801696777
small-sc341,4499,7.271181106567383
small-sc341,4543,7.415571689605713
small-sc341,4580,7.071107864379883
small-sc341,4593,7.226910591125488
small-sc341,4601,7.253317356109619
small-sc341,4605,7.2520670890808105
small-sc341,4631,7.2934370040893555
small-sc341,4634,6.968491077423096
small-sc341,4640,7.324616432189941
small-sc341,4645,7.025690078735352
small-sc341,4650,6.912623405456543
small-sc341,4654,7.2728471755981445
small-sc341,4678,7.023374557495117
small-sc341,4683,7.25047492980957
small-sc341,4703,6.8895673751831055
small-sc341,4741,7.216860294342041
small-sc341,4747,7.153903961181641
small-sc341,4759,7.140605926513672
small-sc341,4763,7.012371063232422
small-sc341,4771,6.978509902954102
small-sc341,4797,7.095139503479004
small-sc341,4821,6.971797466278076
small-sc341,4822,7.044081687927246
small-sc341,4850,7.171073913574219
small-sc341,4864,7.04573917388916
small-sc341,4891,7.026882648468018
small-sc341,4941,6.873043537139893
small-sc341,4971,7.085753440856934
small-sc341,5015,7.177237033843994
small-sc341,5032,7.181176662445068
small-sc341,5040,7.036996841430664
small-sc341,5065,7.024848937988281
small-sc341,5073,7.101696014404297
small-sc341,5107,7.027629852294922
small-sc341,5148,7.03182315826416
small-sc341,5172,7.123448371887207
small-sc341,5176,7.071844100952148
small-sc341,5185,7.091057777404785
small-sc341,5216,6.865246295928955
small-sc341,5233,6.887081146240234
small-sc341,5238,6.968756675720215
small-sc341,5271,6.681911468505859
small-sc341,5275,6.846553802490234
small-sc341,5279,6.923861026763916
small-sc341,5287,6.789423942565918
small-sc341,5302,7.136505126953125
small-sc341,5304,7.060733795166016
small-sc341,5326,7.164013862609863
small-sc341,5344,6.789246082305908
small-sc341,5348,6.7537713050842285
small-sc341,5355,6.74675989151001
small-sc341,5357,6.740475654602051
small-sc341,5369,6.931628227233887
small-sc341,5443,6.80120849609375
small-sc341,5450,6.834624767303467
small-sc341,5454,6.739850997924805
small-sc341,5463,6.82393741607666
small-sc341,5475,6.942615032196045
small-sc341,5482,6.654090404510498
small-sc341,5485,7.058356285095215
small-sc341,5494,6.816477298736572
small-sc341,5528,6.705899238586426
small-sc341,5534,6.860113143920898
small-sc341,5543,6.790744304656982
small-sc341,5546,6.668058395385742
small-sc341,5549,6.898845672607422
small-sc341,5558,6.763023853302002
small-sc341,5565,6.633101463317871
small-sc341,5566,6.843945503234863
small-sc341,5569,7.109044075012207
small-sc341,5572,6.810944557189941
small-sc341,5621,6.974299907684326
small-sc341,5641,6.657995223999023
small-sc341,5652,6.714482307434082
small-sc341,5656,7.116848945617676
small-sc341,5669,6.81680154800415
small-sc341,5671,6.74848747253418
small-sc341,5682,6.752184867858887
small-sc341,5689,6.906126022338867
small-sc341,5729,6.578071594238281
small-sc341,5749,6.859537124633789
small-sc341,5794,6.500866413116455
small-sc341,5803,6.751067161560059
small-sc341,5811,6.800859451293945
small-sc341,5829,6.889087200164795
small-sc341,5865,6.7781982421875
small-sc341,5909,6.703446388244629
small-sc341,5923,6.783176898956299
small-sc341,5986,6.565764427185059
small-sc341,5997,6.794163703918457
small-sc341,6005,7.063943386077881
small-sc341,6026,6.79277229309082
small-sc341,6032,6.81967306137085
small-sc341,6059,6.736812114715576
small-sc341,6071,6.598519325256348
small-sc341,6081,6.708220481872559
small-sc341,6127,6.607470989227295
small-sc341,6128,6.522395133972168
small-sc341,6136,6.848420143127441
small-sc341,6150,6.592414855957031
small-sc341,6154,6.624288558959961
small-sc341,6162,6.748673915863037
small-sc341,6183,6.758418083190918
small-sc341,6185,6.702939510345459
small-sc341,6186,6.693497180938721
small-sc341,6192,6.66356897354126
small-sc341,6211,6.863504409790039
small-sc341,6213,6.756291389465332
small-sc341,6215,6.703378677368164
small-sc341,6225,6.681987762451172
small-sc341,6236,6.623989582061768
small-sc341,6240,6.417239189147949
small-sc341,6260,6.6031174659729
small-sc341,6299,6.563631057739258
small-sc341,6331,6.512413024902344
small-sc341,6359,6.541568756103516
small-sc341,6409,6.8324432373046875
small-sc341,6414,6.438971519470215
small-sc341,6458,6.572723865509033
small-sc341,6475,6.4257707595825195
small-sc341,6479,6.554609298706055
small-sc341,6486,6.441353797912598
small-sc341,6487,6.2787275314331055
small-sc341,6516,6.447297096252441
small-sc341,6522,6.7022247314453125
small-sc341,6537,6.702840805053711
small-sc341,6544,6.541333198547363
small-sc341,6547,6.401369571685791
small-sc341,6553,6.453314304351807
small-sc341,6562,6.571508407592773
small-sc341,6567,6.5226664543151855
small-sc341,6604,6.617215156555176
small-sc341,6614,6.383435249328613
small-sc341,6626,6.58254337310791
small-sc341,6636,6.33369255065918
small-sc341,6642,6.459300518035889
small-sc341,6654,6.6925249099731445
small-sc341,6666,6.349241256713867
small-sc341,6686,6.518548965454102
small-sc341,6688,6.495809555053711
small-sc341,6697,6.410041332244873
small-sc341,6703,6.352577209472656
small-sc341,6741,6.269848823547363
small-sc341,6752,6.527716636657715
small-sc341,6767,6.315740585327148
small-sc341,6772,6.334901809692383
small-sc341,6790,6.406057834625244
small-sc341,6807,6.522251129150391
small-sc341,6817,6.5372467041015625
small-sc341,6844,6.38007926940918
small-sc341,6878,6.518282890319824
small-sc341,6952,6.448902606964111
small-sc341,6965,6.770166397094727
small-sc341,6970,6.5410051345825195
small-sc341,7101,6.383825302124023
small-sc341,7154,6.170620918273926
small-sc341,7188,6.414229393005371
small-sc341,7205,6.176814556121826
small-sc341,7219,6.262805938720703
small-sc341,7242,6.069140434265137
small-sc341,7276,6.5071916580200195
small-sc341,7288,6.232011795043945
small-sc341,7289,6.185625076293945
small-sc341,7309,6.135575294494629
small-sc341,7310,6.399417877197266
small-sc341,7321,6.209056854248047
small-sc341,7339,6.318426132202148
small-sc341,7366,6.315924167633057
small-sc341,7405,6.371118068695068
small-sc341,7408,6.175754070281982
small-sc341,7416,6.393249988555908
small-sc341,7461,6.418346881866455
small-sc341,7473,6.33089542388916
small-sc341,7482,6.124166488647461
small-sc341,7500,6.43815803527832
small-sc341,7519,6.355010509490967
small-sc341,7535,6.221208572387695
small-sc341,7561,6.278206825256348
small-sc341,7574,6.169261932373047
small-sc341,7602,6.215963363647461
small-sc341,7604,6.171327590942383
small-sc341,7606,6.12545108795166
small-sc341,7617,6.276280879974365
small-sc341,7620,6.240031719207764
small-sc341,7635,6.08284854888916
small-sc341,7637,6.059011936187744
small-sc341,7639,6.292547702789307
small-sc341,7654,6.2247138023376465
small-sc341,7687,6.399501323699951
small-sc341,7698,6.211943626403809
small-sc341,7715,6.2076005935668945
small-sc341,7737,6.127911567687988
small-sc341,7778,6.33682107925415
small-sc341,7781,6.418597221374512
small-sc341,7793,6.028763771057129
small-sc341,7795,6.069608688354492
small-sc341,7806,6.0724687576293945
small-sc341,7821,6.127660751342773
small-sc341,7870,6.299491882324219
small-sc341,7886,6.01416540145874
small-sc341,7899,6.117959976196289
small-sc341,7903,6.164997100830078
small-sc341,7914,6.054991722106934
small-sc341,7933,6.080587863922119
small-sc341,7943,6.09058952331543
small-sc341,7948,6.1085405349731445
small-sc341,7956,6.002780437469482
small-sc341,7973,6.021121978759766
small-sc341,8019,5.994386672973633
small-sc341,8045,6.050575256347656
small-sc341,8073,6.095185279846191
small-sc341,8075,6.056787967681885
small-sc341,8093,5.998599052429199
small-sc341,8094,5.957387447357178
small-sc341,8095,6.025317192077637
small-sc341,8117,6.142434120178223
small-sc341,8130,6.096770286560059
small-sc341,8131,5.904290199279785
small-sc341,8133,5.993745803833008
small-sc341,8176,6.032022476196289
small-sc341,8186,6.1227216720581055
small-sc341,8204,6.138014793395996
small-sc341,8224,6.168486595153809
small-sc341,8238,6.140110492706299
small-sc341,8239,6.173548698425293
small-sc341,8259,5.915735244750977
small-sc341,8275,5.998935699462891
small-sc341,8352,6.069372177124023
small-sc341,8371,6.111392974853516
small-sc341,8377,6.053757190704346
small-sc341,8381,5.969941139221191
small-sc341,8449,6.074202537536621
small-sc341,8465,6.020256042480469
small-sc341,8481,6.033448219299316
small-sc341,8482,6.086552619934082
small-sc341,8488,6.1395721435546875
small-sc341,8492,5.93546724319458
small-sc341,8508,5.94964075088501
small-sc341,8516,5.882107257843018
small-sc341,8529,5.941795349121094
small-sc341,8533,6.017639636993408
small-sc341,8540,5.942381858825684
small-sc341,8567,5.99857759475708
small-sc341,8573,5.98922061920166
small-sc341,8584,6.1484808921813965
small-sc341,8599,5.919647693634033
small-sc341,8613,5.939903259277344
small-sc341,8644,6.010560035705566
small-sc341,8645,5.906674385070801
small-sc341,8661,6.063342094421387
small-sc341,8662,5.962449550628662
small-sc341,8687,6.037136554718018
small-sc341,8744,5.77632999420166
small-sc341,8753,6.010652542114258
small-sc341,8755,5.964763641357422
small-sc341,8776,5.86427640914917
small-sc341,8779,5.949275016784668
small-sc341,8783,5.928234100341797
small-sc341,8794,5.839991569519043
small-sc341,8800,5.837482452392578
small-sc341,8823,5.941962242126465
small-sc341,8841,5.8894267082214355
small-sc341,8863,5.889962673187256
small-sc341,8871,5.86985969543457
small-sc341,8874,5.872183799743652
small-sc341,8876,5.970576763153076
small-sc341,8911,5.84273624420166
small-sc341,8920,5.817559242248535
small-sc341,8925,5.915804862976074
small-sc341,8945,5.974423408508301
small-sc341,8947,5.863309860229492
small-sc341,8957,5.832024097442627
small-sc341,8991,5.970941543579102
small-sc341,8992,5.848833084106445
small-sc341,9007,5.73246955871582
small-sc341,9022,6.084034442901611
small-sc341,9032,5.800825595855713
small-sc341,9047,5.861170768737793
small-sc341,9067,5.81612491607666
small-sc341,9071,5.7312092781066895
small-sc341,9092,5.935482978820801
small-sc341,9120,5.698635101318359
small-sc341,9132,5.883962631225586
small-sc341,9133,5.8046393394470215
small-sc341,9144,5.753993511199951
small-sc341,9146,5.9808759689331055
small-sc341,9157,5.85292911529541
small-sc341,9159,5.7340087890625
small-sc341,9166,6.020800590515137
small-sc341,9174,5.837924003601074
small-sc341,9184,5.777854919433594
small-sc341,9200,5.767409324645996
small-sc341,9208,5.84114933013916
small-sc341,9268,5.759075164794922
small-sc341,9284,5.7378435134887695
small-sc341,9336,5.892110824584961
small-sc341,9344,5.828609466552734
small-sc341,9358,5.682864189147949
small-sc341,9360,5.844669818878174
small-sc341,9375,5.993759632110596
small-sc341,9429,5.801385879516602
small-sc341,9434,5.684100151062012
small-sc341,9445,5.840625762939453
small-sc341,9449,5.788739204406738
small-sc341,9450,5.721245288848877
small-sc341,9468,5.929559707641602
small-sc341,9472,6.041107177734375
small-sc341,9487,5.787775993347168
small-sc341,9491,5.8604044914245605
small-sc341,9504,5.855986595153809
small-sc341,9574,5.856491565704346
small-sc341,9584,5.897538185119629
small-sc341,9617,5.63616943359375
small-sc341,9629,5.801856517791748
small-sc341,9639,5.661378383636475
small-sc341,9640,5.629528045654297
small-sc341,9648,5.947567939758301
small-sc341,9659,5.7841715812683105
small-sc341,9672,5.663814067840576
small-sc341,9753,5.598613739013672
small-sc341,9761,5.637416839599609
small-sc341,9763,5.614258766174316
small-sc341,9776,5.710731506347656
small-sc341,9854,5.614126682281494
small-sc341,9889,5.76427698135376
small-sc341,9908,5.719459533691406
small-sc341,9911,5.620213508605957
small-sc341,9914,5.773929595947266
small-sc341,9917,5.688884735107422
small-sc341,9920,5.643276214599609
small-sc341,9931,5.517060279846191
small-sc341,9939,5.6145172119140625
small-sc341,9959,5.644448280334473
small-sc341,9974,5.710601806640625
small-sc341,9986,5.630721092224121
small-sc341,10028,5.5704450607299805
small-sc341,10041,5.551127910614014
small-sc341,10060,5.658344268798828
small-sc341,10068,5.832247734069824
small-sc341,10090,5.463717460632324
small-sc341,10100,5.598400115966797
small-sc341,10118,5.748416900634766
small-sc341,10149,5.604910373687744
small-sc341,10158,5.688048362731934
small-sc341,10164,5.605358600616455
small-sc341,10166,5.612127304077148
small-sc341,10176,5.669966220855713
small-sc341,10177,5.673832416534424
small-sc341,10182,5.803841590881348
small-sc341,10190,5.474584579467773
small-sc341,10222,5.549952507019043
small-sc341,10297,5.601183891296387
small-sc341,10301,5.737921237945557
small-sc341,10303,5.526350975036621
small-sc341,10334,5.6166205406188965
small-sc341,10345,5.583930015563965
small-sc341,10410,5.354059219360352
small-sc341,10435,5.588037490844727
small-sc341,10448,5.667886734008789
small-sc341,10453,5.520242691040039
small-sc341,10497,5.4288010597229
small-sc341,10524,5.443382263183594
small-sc341,10534,5.731415748596191
small-sc341,10540,5.4623308181762695
small-sc341,10549,5.52268123626709
small-sc341,10569,5.515514373779297
small-sc341,10585,5.497537612915039
small-sc341,10616,5.561911582946777
small-sc341,10630,5.48610258102417
small-sc341,10657,5.566927909851074
small-sc341,10699,5.56882905960083
small-sc341,10738,5.571054458618164
small-sc341,10746,5.391271591186523
small-sc341,10756,5.5927815437316895
small-sc341,10770,5.324776649475098
small-sc341,10780,5.469816207885742
small-sc341,10797,5.415214538574219
small-sc341,10800,5.416945457458496
small-sc341,10801,5.581713676452637
small-sc341,10830,5.62434196472168
small-sc341,10918,5.590301513671875
small-sc341,10921,5.57351016998291
small-sc341,10928,5.474123001098633
small-sc341,10942,5.56620979309082
small-sc341,10965,5.550755977630615
small-sc341,10972,5.347936630249023
small-sc341,10999,5.526140213012695
small-sc341,11011,5.462281227111816
small-sc341,11022,5.534245491027832
small-sc341,11032,5.474656105041504
small-sc341,11036,5.559779167175293
small-sc341,11039,5.466418266296387
small-sc341,11041,5.393452167510986
small-sc341,11042,5.351431846618652
small-sc341,11047,5.620881080627441
small-sc341,11048,5.6189374923706055
small-sc341,11053,5.7133283615112305
small-sc341,11128,5.408886432647705
small-sc341,11132,5.497847557067871
small-sc341,11136,5.5226640701293945
small-sc341,11144,5.487640380859375
small-sc341,11159,5.287212371826172
small-sc341,11192,5.404189586639404
small-sc341,11194,5.407719135284424
small-sc341,11200,5.599069118499756
small-sc341,11204,5.367874622344971
small-sc341,11205,5.613410949707031
small-sc341,11211,5.476282596588135
small-sc341,11214,5.534193992614746
small-sc341,11224,5.554189682006836
small-sc341,11244,5.592865467071533
small-sc341,11253,5.5291852951049805
small-sc341,11262,5.295337677001953
small-sc341,11312,5.334944725036621
small-sc341,11353,5.41187858581543
small-sc341,11356,5.436985492706299
small-sc341,11358,5.3991289138793945
small-sc341,11410,5.406693458557129
small-sc341,11426,5.360141754150391
small-sc341,11428,5.361910820007324
small-sc341,11501,5.2372918128967285
small-sc341,11524,5.325834274291992
small-sc341,11526,5.357124328613281
small-sc341,11539,5.569071292877197
small-sc341,11550,5.22442626953125
small-sc341,11566,5.290385723114014
small-sc341,11582,5.280527114868164
small-sc341,11671,5.517972946166992
small-sc341,11675,5.398626327514648
small-sc341,11676,5.268901348114014
small-sc341,11691,5.456000804901123
small-sc341,11694,5.204610824584961
small-sc341,11741,5.3618669509887695
small-sc341,11794,5.405494689941406
small-sc341,11796,5.276957035064697
small-sc341,11818,5.49122428894043
small-sc341,11838,5.401837348937988
small-sc341,11845,5.2938690185546875
small-sc341,11856,5.289450168609619
small-sc341,11862,5.259587287902832
small-sc341,11868,5.372311592102051
small-sc341,11884,5.390700817108154
small-sc341,11897,5.257866859436035
small-sc341,11928,5.305190086364746
small-sc341,11960,5.112363815307617
small-sc341,11962,5.198374271392822
small-sc341,11997,5.1913347244262695
small-sc341,12039,5.2865142822265625
small-sc341,12055,5.194831371307373
small-sc341,12076,5.295395374298096
small-sc341,12080,5.274355888366699
small-sc341,12087,5.160609722137451
small-sc341,12111,5.310646057128906
small-sc341,12136,5.221195220947266
small-sc341,12166,5.322368621826172
small-sc341,12184,5.1498823165893555
small-sc341,12210,5.245095252990723
small-sc341,12221,5.122119426727295
small-sc341,12224,5.243083953857422
small-sc341,12230,5.222378253936768
small-sc341,12248,5.254341125488281
small-sc341,12273,5.310696125030518
small-sc341,12286,5.291467189788818
small-sc341,12300,5.192131042480469
small-sc341,12328,5.225893974304199
small-sc341,12340,5.255556106567383
small-sc341,12348,5.383180618286133
small-sc341,12428,5.283346176147461
small-sc341,12454,5.04470157623291
small-sc341,12463,5.358729362487793
small-sc341,12492,5.195972442626953
small-sc341,12494,5.151424407958984
small-sc341,12507,5.205032825469971
small-sc341,12508,5.277989864349365
small-sc341,12543,5.022042274475098
small-sc341,12569,5.146299362182617
small-sc341,12574,5.047660827636719
small-sc341,12586,5.195818901062012
small-sc341,12591,5.232087135314941
small-sc341,12646,5.013669013977051
small-sc341,12659,5.102692604064941
small-sc341,12661,5.1793317794799805
small-sc341,12673,5.1949782371521
small-sc341,12674,5.265995025634766
small-sc341,12689,5.262506484985352
small-sc341,12733,5.163916110992432
small-sc341,12784,5.469841480255127
small-sc341,12789,5.153954029083252
small-sc341,12792,5.265272617340088
small-sc341,12802,5.152202606201172
small-sc341,12827,5.254980087280273
small-sc341,12831,5.224964618682861
small-sc341,12835,5.11138391494751
small-sc341,12836,5.12141227722168
small-sc341,12840,5.07058048248291
small-sc341,12855,5.094597339630127
small-sc341,12898,5.154292106628418
small-sc341,12905,5.189644813537598
small-sc341,12907,5.168126106262207
small-sc341,12929,5.11170768737793
small-sc341,12931,5.197432994842529
small-sc341,12945,5.075626373291016
small-sc341,12951,5.125275611877441
small-sc341,12969,5.094350814819336
small-sc341,12973,5.117481231689453
small-sc341,12979,4.950318336486816
small-sc341,12987,5.1139655113220215
small-sc341,12992,4.978243350982666
small-sc341,13013,5.111128807067871
small-sc341,13019,5.0645246505737305
small-sc341,13020,5.177332878112793
small-sc341,13036,5.139328956604004
small-sc341,13049,5.064811706542969
small-sc341,13050,5.369027137756348
small-sc341,13064,4.959850311279297
small-sc341,13103,5.102509498596191
small-sc341,13131,5.126049518585205
small-sc341,13135,5.16375732421875
small-sc341,13149,5.09332799911499
small-sc341,13217,5.085989952087402
small-sc341,13235,5.139461517333984
small-sc341,13262,5.129256248474121
small-sc341,13288,5.111413955688477
small-sc341,13296,5.1510210037231445
small-sc341,13312,5.004063606262207
small-sc341,13322,5.000200271606445
small-sc341,13342,5.005202293395996
small-sc341,13352,4.939706802368164
small-sc341,13361,5.08756160736084
small-sc341,13362,5.037395477294922
small-sc341,13450,5.054944038391113
small-sc341,13465,4.9691338539123535
small-sc341,13472,5.025193214416504
small-sc341,13473,5.210575103759766
small-sc341,13501,5.141034126281738
small-sc341,13520,4.970778465270996
small-sc341,13538,5.107954502105713
small-sc341,13557,5.107093334197998
small-sc341,13581,5.047397136688232
small-sc341,13582,5.018929958343506
small-sc341,13587,5.2027201652526855
small-sc341,13599,5.0578742027282715
small-sc341,13611,5.067647457122803
small-sc341,13612,5.022246360778809
small-sc341,13622,4.975765228271484
small-sc341,13648,5.087198257446289
small-sc341,13664,5.040831565856934
small-sc341,13674,5.094850063323975
small-sc341,13696,4.94448184967041
small-sc341,13705,5.0406951904296875
small-sc341,13725,5.1184844970703125
small-sc341,13727,5.098507881164551
small-sc341,13746,5.040937423706055
small-sc341,13780,5.095762252807617
small-sc341,13802,5.016860008239746
small-sc341,13815,4.932769775390625
small-sc341,13823,4.926632881164551
small-sc341,13838,4.863404750823975
small-sc341,13841,5.013558387756348
small-sc341,13851,5.014591217041016
small-sc341,13871,4.9740471839904785
small-sc341,13895,5.050103187561035
small-sc341,13902,4.832443714141846
small-sc341,13912,5.187554359436035
small-sc341,13920,5.09217643737793
small-sc341,13921,4.916629314422607
small-sc341,13978,4.873796463012695
small-sc341,13999,5.027595520019531
small-sc341,14025,5.062475204467773
small-sc341,14087,4.982466697692871
small-sc341,14088,5.030581474304199
small-sc341,14096,4.94545841217041
small-sc341,14100,5.005237579345703
small-sc341,14122,5.006355285644531
small-sc341,14130,5.037664413452148
small-sc341,14145,4.970317840576172
small-sc341,14149,4.987031936645508
small-sc341,14179,5.00615119934082
small-sc341,14197,4.82863712310791
small-sc341,14215,5.005220413208008
small-sc341,14220,5.023873329162598
small-sc341,14227,4.955191612243652
small-sc341,14282,4.967983245849609
small-sc341,14293,4.910472393035889
small-sc341,14296,4.934819221496582
small-sc341,14299,4.932267189025879
small-sc341,14329,4.954254150390625
small-sc341,14398,4.754721641540527
small-sc341,14407,5.010719299316406
small-sc341,14408,4.9793806076049805
small-sc341,14417,4.949007511138916
small-sc341,14429,4.880359649658203
small-sc341,14443,4.983235836029053
small-sc341,14446,4.796228408813477
small-sc341,14449,4.928967475891113
small-sc341,14457,4.942499160766602
small-sc341,14460,4.985692977905273
small-sc341,14468,5.023207664489746
small-sc341,14480,4.876650810241699
small-sc341,14496,4.838830947875977
small-sc341,14515,4.999388694763184
small-sc341,14555,4.899336338043213
small-sc341,14575,5.020994186401367
small-sc341,14582,4.904263973236084
small-sc341,14598,4.905112266540527
small-sc341,14608,4.895290851593018
small-sc341,14609,4.976471900939941
small-sc341,14618,4.84289026260376
small-sc341,14621,4.878783702850342
small-sc341,14631,4.9552412033081055
small-sc341,14642,4.870053291320801
small-sc341,14658,4.927363872528076
small-sc341,14666,4.946326732635498
small-sc341,14687,4.921921730041504
small-sc341,14724,4.730048656463623
small-sc341,14748,4.837336540222168
small-sc341,14761,4.945291519165039
small-sc341,14882,4.958987236022949
small-sc341,14889,4.831562042236328
small-sc341,14891,4.802639961242676
small-sc341,14902,4.842334747314453
small-sc341,14905,4.960381031036377
small-sc341,14922,4.9822564125061035
small-sc341,14963,4.887170791625977
small-sc341,14998,4.9391069412231445
small-sc341,15037,4.866306304931641
small-sc341,15048,4.849275588989258
small-sc341,15051,4.830140590667725
small-sc341,15053,4.869931221008301
small-sc341,15063,4.76375675201416
small-sc341,15076,4.781621932983398
small-sc341,15165,4.761867523193359
small-sc341,15190,4.832545757293701
small-sc341,15217,4.870048522949219
small-sc341,15232,4.844841003417969
small-sc341,15251,4.696644306182861
small-sc341,15255,4.8889570236206055
small-sc341,15285,4.757626056671143
small-sc341,15292,4.806280612945557
small-sc341,15300,4.815439224243164
small-sc341,15302,4.8245439529418945
small-sc341,15303,4.573986053466797
small-sc341,15313,4.780383586883545
small-sc341,15315,4.8665361404418945
small-sc341,15318,4.772058486938477
small-sc341,15323,4.853770732879639
small-sc341,15328,4.735040664672852
small-sc341,15351,4.6724138259887695
small-sc341,15365,4.875843048095703
small-sc341,15375,4.900795936584473
small-sc341,15408,4.8547186851501465
small-sc341,15430,4.804536819458008
small-sc341,15467,4.805861473083496
small-sc341,15511,4.8093767166137695
small-sc341,15519,4.890110969543457
small-sc341,15547,4.825763702392578
small-sc341,15549,4.918458938598633
small-sc341,15608,4.7793097496032715
small-sc341,15612,4.8722944259643555
small-sc341,15613,4.817143440246582
small-sc341,15614,4.8945231437683105
small-sc341,15616,4.779097557067871
small-sc341,15644,4.732219219207764
small-sc341,15662,4.8438825607299805
small-sc341,15683,4.704653263092041
small-sc341,15722,4.773214817047119
small-sc341,15743,4.782077312469482
small-sc341,15772,4.888866901397705
small-sc341,15788,4.833958625793457
small-sc341,15821,4.764557838439941
small-sc341,15828,4.775378704071045
small-sc341,15836,4.716807842254639
small-sc341,15878,4.823225021362305
small-sc341,15887,4.748671531677246
small-sc341,15924,4.852345943450928
small-sc341,15928,4.814307689666748
small-sc341,15941,4.841233730316162
small-sc341,15956,4.718788146972656
small-sc341,15961,4.780172824859619
small-sc341,15978,4.757689476013184
small-sc341,15982,4.699031352996826
small-sc341,15986,4.725046157836914
small-sc341,16008,4.740652084350586
small-sc341,16013,4.784578323364258
small-sc341,16015,4.615610122680664
small-sc341,16025,4.827851295471191
small-sc341,16036,4.869283199310303
small-sc341,16044,4.790307998657227
small-sc341,16051,4.544396877288818
small-sc341,16056,4.70304012298584
small-sc341,16061,4.670595645904541
small-sc341,16067,4.7562408447265625
small-sc341,16088,4.692814826965332
small-sc341,16101,4.734518051147461
small-sc341,16105,4.718790531158447
small-sc341,16126,4.71345329284668
small-sc341,16161,4.666579246520996
small-sc341,16202,4.732019424438477
small-sc341,16207,4.892477035522461
small-sc341,16209,4.832727909088135
small-sc341,16212,4.750217437744141
small-sc341,16250,4.736903190612793
small-sc341,16304,4.698555946350098
small-sc341,16309,4.6361284255981445
small-sc341,16310,4.833339691162109
small-sc341,16314,4.590701103210449
small-sc341,16320,4.791756629943848
small-sc341,16330,4.800040245056152
small-sc341,16339,4.786626815795898
small-sc341,16342,4.631779670715332
small-sc341,16368,4.790841102600098
small-sc341,16369,4.670099258422852
small-sc341,16371,4.692061424255371
small-sc341,16424,4.727201461791992
small-sc341,16445,4.7131571769714355
small-sc341,16449,4.689516067504883
small-sc341,16497,4.716464996337891
small-sc341,16526,4.648053169250488
small-sc341,16537,4.668427467346191
small-sc341,16559,4.717453956604004
small-sc341,16569,4.704957008361816
small-sc341,16573,4.8010969161987305
small-sc341,16612,4.653658866882324
small-sc341,16620,4.6463093757629395
small-sc341,16711,4.718218803405762
small-sc341,16722,4.694625377655029
small-sc341,16759,4.51239013671875
small-sc341,16760,4.695940017700195
small-sc341,16778,4.781793594360352
small-sc341,16781,4.5764031410217285
small-sc341,16831,4.771323204040527
small-sc341,16843,4.658686637878418
small-sc341,16854,4.632903099060059
small-sc341,16872,4.730752944946289
small-sc341,16882,4.5407915115356445
small-sc341,16890,4.665172576904297
small-sc341,16915,4.725030899047852
small-sc341,16925,4.616844177246094
small-sc341,16940,4.764810562133789
small-sc341,16945,4.589014530181885
small-sc341,16947,4.557472229003906
small-sc341,16960,4.5934343338012695
small-sc341,16980,4.627373695373535
small-sc341,16988,4.583498001098633
small-sc341,16995,4.689647197723389
small-sc341,17005,4.706505298614502
small-sc341,17007,4.659095287322998
small-sc341,17012,4.630608081817627
small-sc341,17024,4.685858726501465
small-sc341,17102,4.637434482574463
small-sc341,17104,4.69956111907959
small-sc341,17115,4.629547119140625
small-sc341,17118,4.599459171295166
small-sc341,17126,4.742010116577148
small-sc341,17164,4.611943244934082
small-sc341,17207,4.616214752197266
small-sc341,17213,4.69376277923584
small-sc341,17223,4.60584020614624
small-sc341,17237,4.54392147064209
small-sc341,17288,4.784213542938232
small-sc341,17298,4.688567161560059
small-sc341,17309,4.671618938446045
small-sc341,17315,4.655493259429932
small-sc341,17325,4.558895111083984
small-sc341,17334,4.518798828125
small-sc341,17370,4.607990264892578
small-sc341,17373,4.644153118133545
small-sc341,17376,4.61149787902832
small-sc341,17406,4.5222697257995605
small-sc341,17427,4.580205917358398
small-sc341,17445,4.583375453948975
small-sc341,17457,4.623075485229492
small-sc341,17460,4.608016014099121
small-sc341,17461,4.594781398773193
small-sc341,17462,4.565093040466309
small-sc341,17464,4.617469787597656
small-sc341,17508,4.629705905914307
small-sc341,17512,4.596981525421143
small-sc341,17515,4.676435470581055
small-sc341,17518,4.58168888092041
small-sc341,17521,4.584539890289307
small-sc341,17528,4.543368816375732
small-sc341,17542,4.567343711853027
small-sc341,17550,4.529604434967041
small-sc341,17552,4.513557434082031
small-sc341,17569,4.514512062072754
small-sc341,17587,4.573216438293457
small-sc341,17606,4.60887336730957
small-sc341,17621,4.589635848999023
small-sc341,17631,4.659440517425537
small-sc341,17643,4.570252418518066
small-sc341,17650,4.493685722351074
small-sc341,17652,4.571907997131348
small-sc341,17661,4.6011857986450195
small-sc341,17680,4.579023838043213
small-sc341,17683,4.5466461181640625
small-sc341,17709,4.559272289276123
small-sc341,17711,4.672922134399414
small-sc341,17741,4.75048828125
small-sc341,17767,4.700626373291016
small-sc341,17782,4.665605545043945
small-sc341,17808,4.653563976287842
small-sc341,17820,4.571917533874512
small-sc341,17836,4.703185081481934
small-sc341,17859,4.575201988220215
small-sc341,17865,4.613835334777832
small-sc341,17884,4.573365688323975
small-sc341,17886,4.6577253341674805
small-sc341,17920,4.528712272644043
small-sc341,17929,4.541027545928955
small-sc341,17966,4.540094375610352
small-sc341,18027,4.589054107666016
small-sc341,18033,4.578330993652344
small-sc341,18039,4.500504493713379
small-sc341,18092,4.502772331237793
small-sc341,18099,4.552240371704102
small-sc341,18104,4.46348762512207
small-sc341,18115,4.514908790588379
small-sc341,18118,4.586524963378906
small-sc341,18124,4.505289077758789
small-sc341,18126,4.614952087402344
small-sc341,18141,4.66251802444458
small-sc341,18148,4.612523078918457
small-sc341,18152,4.709543704986572
small-sc341,18168,4.4637346267700195
small-sc341,18180,4.467606544494629
small-sc341,18194,4.585100173950195
small-sc341,18202,4.511205673217773
small-sc341,18214,4.621135234832764
small-sc341,18233,4.56303071975708
small-sc341,18236,4.573671340942383
small-sc341,18248,4.509799480438232
small-sc341,18274,4.457520008087158
small-sc341,18292,4.63073205947876
small-sc341,18293,4.579972267150879
small-sc341,18294,4.62840461730957
small-sc341,18307,4.403852462768555
small-sc341,18333,4.401587963104248
small-sc341,18346,4.732882499694824
small-sc341,18361,4.504884719848633
small-sc341,18365,4.542202949523926
small-sc341,18394,4.503121852874756
small-sc341,18433,4.519807815551758
small-sc341,18439,4.645179748535156
small-sc341,18486,4.517534255981445
small-sc341,18500,4.584964752197266
small-sc341,18515,4.518126487731934
small-sc341,18516,4.461160659790039
small-sc341,18525,4.485869407653809
small-sc341,18565,4.58040714263916
small-sc341,18583,4.43171501159668
small-sc341,18644,4.515635967254639
small-sc341,18654,4.469877243041992
small-sc341,18668,4.563800811767578
small-sc341,18673,4.533173561096191
small-sc341,18675,4.535994529724121
small-sc341,18680,4.524266719818115
small-sc341,18687,4.512086391448975
small-sc341,18784,4.395007133483887
small-sc341,18798,4.470634460449219
small-sc341,18804,4.437809467315674
small-sc341,18816,4.41544246673584
small-sc341,18844,4.410473346710205
small-sc341,18853,4.387039661407471
small-sc341,18870,4.510139465332031
small-sc341,18906,4.477406024932861
small-sc341,18929,4.496247291564941
small-sc341,18937,4.437952995300293
small-sc341,18947,4.453845024108887
small-sc341,18952,4.365475654602051
small-sc341,18963,4.551176071166992
small-sc341,19012,4.446006774902344
small-sc341,19030,4.391089916229248
small-sc341,19037,4.51800537109375
small-sc341,19048,4.386553764343262
small-sc341,19055,4.459617614746094
small-sc341,19063,4.34155797958374
small-sc341,19068,4.4754958152771
small-sc341,19102,4.405214309692383
small-sc341,19108,4.443613052368164
small-sc341,19117,4.456747055053711
small-sc341,19120,4.489324569702148
small-sc341,19145,4.3873796463012695
small-sc341,19166,4.438168048858643
small-sc341,19167,4.353425979614258
small-sc341,19180,4.55562686920166
small-sc341,19182,4.401095390319824
small-sc341,19242,4.494170188903809
small-sc341,19262,4.416313171386719
small-sc341,19267,4.377140998840332
small-sc341,19270,4.451086044311523
small-sc341,19287,4.447097301483154
small-sc341,19291,4.422095775604248
small-sc341,19298,4.552644729614258
small-sc341,19304,4.387311935424805
small-sc341,19317,4.416749954223633
small-sc341,19354,4.4603271484375
small-sc341,19369,4.52147102355957
small-sc341,19378,4.454720973968506
small-sc341,19386,4.467223167419434
small-sc341,19392,4.417427062988281
small-sc341,19395,4.404057502746582
small-sc341,19402,4.468216419219971
small-sc341,19409,4.445199012756348
small-sc341,19410,4.467719078063965
small-sc341,19420,4.3684163093566895
small-sc341,19449,4.385149955749512
small-sc341,19453,4.486206531524658
small-sc341,19476,4.533844947814941
small-sc341,19479,4.413525581359863
small-sc341,19502,4.351986885070801
small-sc341,19512,4.321171760559082
small-sc341,19514,4.443848133087158
small-sc341,19532,4.40679931640625
small-sc341,19535,4.39869499206543
small-sc341,19576,4.38251256942749
small-sc341,19577,4.524947166442871
small-sc341,19584,4.487140655517578
small-sc341,19596,4.413792610168457
small-sc341,19597,4.4981231689453125
small-sc341,19604,4.394384384155273
small-sc341,19620,4.374394416809082
small-sc341,19621,4.355559349060059
small-sc341,19627,4.514536380767822
small-sc341,19628,4.36464786529541
small-sc341,19629,4.517232894897461
small-sc341,19633,4.379607677459717
small-sc341,19655,4.450786590576172
small-sc341,19685,4.415608882904053
small-sc341,19686,4.2754106521606445
small-sc341,19696,4.387657165527344
small-sc341,19700,4.472836494445801
small-sc341,19704,4.353310585021973
small-sc341,19715,4.263267517089844
small-sc341,19739,4.313571929931641
small-sc341,19750,4.328460693359375
small-sc341,19762,4.425484657287598
small-sc341,19768,4.362161636352539
small-sc341,19769,4.409829616546631
small-sc341,19781,4.301265239715576
small-sc341,19785,4.298786163330078
small-sc341,19786,4.374598503112793
small-sc341,19809,4.364169120788574
small-sc341,19828,4.232622146606445
small-sc341,19845,4.43221378326416
small-sc341,19860,4.380707740783691
small-sc341,19873,4.419437408447266
small-sc341,19875,4.308837413787842
small-sc341,19888,4.469841003417969
small-sc341,19893,4.308851718902588
small-sc341,19897,4.487666130065918
small-sc341,19913,4.360390663146973
small-sc341,19970,4.401055335998535
small-sc341,19990,4.487942218780518
small-sc341,19992,4.46524715423584
small-sc341,20066,4.286673545837402
small-sc341,20072,4.335423469543457
small-sc341,20083,4.25440788269043
small-sc341,20084,4.310164451599121
small-sc341,20085,4.306858062744141
small-sc341,20129,4.359962463378906
small-sc341,20203,4.352016448974609
small-sc341,20204,4.47422456741333
small-sc341,20214,4.37345027923584
small-sc341,20216,4.432345390319824
small-sc341,20231,4.4047346115112305
small-sc341,20277,4.447665214538574
small-sc341,20278,4.368256568908691
small-sc341,20308,4.312067031860352
small-sc341,20312,4.467470169067383
small-sc341,20314,4.315258502960205
small-sc341,20324,4.4116621017456055
small-sc341,20343,4.46129035949707
small-sc341,20348,4.387144088745117
small-sc341,20353,4.34976863861084
small-sc341,20354,4.3717145919799805
small-sc341,20360,4.414599418640137
small-sc341,20377,4.238431930541992
small-sc341,20385,4.361398696899414
small-sc341,20388,4.268965721130371
small-sc341,20402,4.251684188842773
small-sc341,20406,4.422148704528809
small-sc341,20419,4.3638105392456055
small-sc341,20422,4.462799549102783
small-sc341,20428,4.3475799560546875
small-sc341,20450,4.427737236022949
small-sc341,20511,4.3736138343811035
small-sc341,20527,4.272226333618164
small-sc341,20529,4.406768321990967
small-sc341,20530,4.375187397003174
small-sc341,20544,4.365763187408447
small-sc341,20582,4.306838035583496
small-sc341,20594,4.3912458419799805
small-sc341,20602,4.360823631286621
small-sc341,20609,4.3692779541015625
small-sc341,20619,4.357574462890625
small-sc341,20625,4.337635517120361
small-sc341,20654,4.258633136749268
small-sc341,20685,4.312593460083008
small-sc341,20734,4.390771865844727
small-sc341,20748,4.2025370597839355
small-sc341,20764,4.335822105407715
small-sc341,20768,4.233939170837402
small-sc341,20827,4.269582748413086
small-sc341,20874,4.375475883483887
small-sc341,20895,4.342572212219238
small-sc341,20901,4.236291885375977
small-sc341,20907,4.40864896774292
small-sc341,20927,4.329178810119629
small-sc341,20932,4.278940200805664
small-sc341,20946,4.371252059936523
small-sc341,20968,4.353885650634766
small-sc341,20973,4.190263271331787
small-sc341,20987,4.3464202880859375
small-sc341,20995,4.234741687774658
small-sc341,21012,4.219310283660889
small-sc341,21014,4.23348331451416
small-sc341,21057,4.241616249084473
small-sc341,21070,4.2555952072143555
small-sc341,21083,4.329837799072266
small-sc341,21097,4.11293363571167
small-sc341,21103,4.37491512298584
small-sc341,21122,4.383416175842285
small-sc341,21131,4.3156890869140625
small-sc341,21159,4.396330833435059
small-sc341,21164,4.315598487854004
small-sc341,21165,4.210731506347656
small-sc341,21174,4.2761735916137695
small-sc341,21194,4.299934387207031
small-sc341,21201,4.334047794342041
small-sc341,21209,4.289443016052246
small-sc341,21224,4.2166547775268555
small-sc341,21239,4.347255706787109
small-sc341,21253,4.267889022827148
small-sc341,21282,4.282218933105469
small-sc341,21299,4.283815383911133
small-sc341,21336,4.234242916107178
small-sc341,21343,4.347348213195801
small-sc341,21355,4.301666259765625
small-sc341,21389,4.31805944442749
small-sc341,21419,4.41474723815918
small-sc341,21464,4.386266708374023
small-sc341,21476,4.156650543212891
small-sc341,21478,4.2502264976501465
small-sc341,21486,4.2224650382995605
small-sc341,21487,4.323280334472656
small-sc341,21554,4.259618759155273
small-sc341,21574,4.310915470123291
small-sc341,21588,4.3090972900390625
small-sc341,21614,4.299258708953857
small-sc341,21647,4.18947696685791
small-sc341,21678,4.329823970794678
small-sc341,21720,4.2061591148376465
small-sc341,21727,4.323988914489746
small-sc341,21734,4.276247024536133
small-sc341,21735,4.208590984344482
small-sc341,21744,4.249295711517334
small-sc341,21759,4.388192653656006
small-sc341,21767,4.324219703674316
small-sc341,21768,4.2078962326049805
small-sc341,21770,4.343242645263672
small-sc341,21776,4.3020758628845215
small-sc341,21810,4.327429294586182
small-sc341,21813,4.193966865539551
small-sc341,21832,4.336130142211914
small-sc341,21836,4.25228214263916
small-sc341,21845,4.1540207862854
small-sc341,21867,4.302811622619629
small-sc341,21875,4.354109287261963
small-sc341,21913,4.309571266174316
small-sc341,21924,4.157818794250488
small-sc341,21966,4.211238861083984
small-sc341,21977,4.291945457458496
small-sc341,21981,4.199800491333008
small-sc341,22003,4.233231544494629
small-sc341,22013,4.253003120422363
small-sc341,22029,4.314817905426025
small-sc341,22035,4.237466812133789
small-sc341,22052,4.2486467361450195
small-sc341,22061,4.230743408203125
small-sc341,22064,4.246404647827148
small-sc341,22068,4.157580375671387
small-sc341,22101,4.281187534332275
small-sc341,22151,4.284985542297363
small-sc341,22157,4.19805383682251
small-sc341,22173,4.241247177124023
small-sc341,22190,4.345425605773926
small-sc341,22253,4.2953081130981445
small-sc341,22280,4.24925422668457
small-sc341,22298,4.31516170501709
small-sc341,22305,4.189236640930176
small-sc341,22310,4.1672210693359375
small-sc341,22346,4.304422855377197
small-sc341,22379,4.235428810119629
small-sc341,22400,4.283799648284912
small-sc341,22411,4.1868743896484375
small-sc341,22415,4.255885601043701
small-sc341,22436,4.254822731018066
small-sc341,22444,4.356027126312256
small-sc341,22471,4.190999984741211
small-sc341,22498,4.303714752197266
small-sc341,22523,4.197633743286133
small-sc341,22539,4.288120746612549
small-sc341,22554,4.210409641265869
small-sc341,22557,4.296998023986816
small-sc341,22578,4.204936981201172
small-sc341,22591,4.217735290527344
small-sc341,22607,4.129776954650879
small-sc341,22618,4.248042106628418
small-sc341,22625,4.169773578643799
small-sc341,22655,4.225447654724121
small-sc341,22671,4.2090582847595215
small-sc341,22678,4.141545295715332
small-sc341,22695,4.22010612487793
small-sc341,22709,4.189599990844727
small-sc341,22724,4.24952507019043
small-sc341,22731,4.289600849151611
small-sc341,22732,4.249545097351074
small-sc341,22748,4.194077491760254
small-sc341,22775,4.271197319030762
small-sc341,22786,4.173628330230713
small-sc341,22795,4.247300148010254
small-sc341,22802,4.1973114013671875
small-sc341,22836,4.154937267303467
small-sc341,22861,4.2213592529296875
small-sc341,22900,4.181739807128906
small-sc341,22922,4.160586357116699
small-sc341,22927,4.229405403137207
small-sc341,22930,4.08621072769165
small-sc341,22943,4.098138332366943
small-sc341,22975,4.153552055358887
small-sc341,22987,4.142697811126709
small-sc341,23000,4.188870429992676
small-sc341,23001,4.20716667175293
small-sc341,23004,4.097378730773926
small-sc341,23038,4.082664489746094
small-sc341,23066,4.116316318511963
small-sc341,23074,4.254201412200928
small-sc341,23101,4.187032699584961
small-sc341,23116,4.259000301361084
small-sc341,23120,4.212307929992676
small-sc341,23155,4.0366973876953125
small-sc341,23163,4.102289199829102
small-sc341,23211,4.145754814147949
small-sc341,23225,4.095848083496094
small-sc341,23243,4.181491851806641
small-sc341,23249,4.126594543457031
small-sc341,23251,4.2650370597839355
small-sc341,23262,4.216065406799316
small-sc341,23279,4.2639923095703125
small-sc341,23309,4.238546848297119
small-sc341,23317,4.113914489746094
small-sc341,23323,4.046142101287842
small-sc341,23325,4.14058780670166
small-sc341,23335,4.3251214027404785
small-sc341,23341,4.276644706726074
small-sc341,23343,4.211789608001709
small-sc341,23367,4.168642997741699
small-sc341,23370,4.268440246582031
small-sc341,23376,4.1939616203308105
small-sc341,23381,4.1869354248046875
small-sc341,23414,4.193901062011719
small-sc341,23427,3.990902900695801
small-sc341,23446,4.292003631591797
small-sc341,23471,4.197666168212891
small-sc341,23475,4.132302761077881
small-sc341,23476,4.163322925567627
small-sc341,23512,4.144674301147461
small-sc341,23525,4.145400047302246
small-sc341,23534,4.180065155029297
small-sc341,23540,4.297395706176758
small-sc341,23541,4.150395393371582
small-sc341,23543,4.138527870178223
small-sc341,23596,4.1620097160339355
small-sc341,23628,4.22020149230957
small-sc341,23653,4.0688042640686035
small-sc341,23671,4.252387046813965
small-sc341,23757,4.116781234741211
small-sc341,23764,4.202061653137207
small-sc341,23773,4.165954113006592
small-sc341,23785,4.143293380737305
small-sc341,23796,4.043042182922363
small-sc341,23801,4.070441246032715
small-sc341,23815,4.128241539001465
small-sc341,23819,4.171010494232178
small-sc341,23835,4.155331611633301
small-sc341,23836,4.140104293823242
small-sc341,23860,4.108027458190918
small-sc341,23871,4.252615451812744
small-sc341,23879,4.15590763092041
small-sc341,23881,4.032384872436523
small-sc341,23891,4.182406902313232
small-sc341,23920,4.203600883483887
small-sc341,23934,4.169994354248047
small-sc341,23936,4.190182685852051
small-sc341,23943,4.170327186584473
small-sc341,23949,4.137162208557129
small-sc341,23966,4.100703239440918
small-sc341,23973,4.199128150939941
small-sc341,24004,4.2372026443481445
small-sc341,24009,4.099915027618408
small-sc341,24015,4.057427406311035
small-sc341,24028,4.1345672607421875
small-sc341,24056,4.091967582702637
small-sc341,24080,4.237896919250488
small-sc341,24115,4.156476974487305
small-sc341,24124,4.0890092849731445
small-sc341,24173,4.206608772277832
small-sc341,24189,4.181021690368652
small-sc341,24209,4.226099014282227
small-sc341,24212,4.154699802398682
small-sc341,24213,4.105522155761719
small-sc341,24218,4.149010181427002
small-sc341,24225,4.174778938293457
small-sc341,24250,4.053537368774414
small-sc341,24257,4.158168792724609
small-sc341,24263,4.058268070220947
small-sc341,24302,4.093046188354492
small-sc341,24305,4.232324600219727
small-sc341,24332,4.083554267883301
small-sc341,24369,4.2289958000183105
small-sc341,24389,4.073254585266113
small-sc341,24409,4.242215156555176
small-sc341,24420,4.178045749664307
small-sc341,24430,4.19249153137207
small-sc341,24442,4.063691139221191
small-sc341,24484,4.180546283721924
small-sc341,24512,4.0816850662231445
small-sc341,24525,4.190091133117676
small-sc341,24534,4.135332107543945
small-sc341,24543,4.088166236877441
small-sc341,24569,4.2779130935668945
small-sc341,24583,4.201081275939941
small-sc341,24597,4.181804656982422
small-sc341,24598,4.112384796142578
small-sc341,24625,4.13294792175293
small-sc341,24635,4.037570953369141
small-sc341,24654,4.093296527862549
small-sc341,24661,4.005720138549805
small-sc341,24668,3.9820504188537598
small-sc341,24711,4.052333831787109
small-sc341,24721,4.098268508911133
small-sc341,24745,3.9757213592529297
small-sc341,24749,4.0476975440979
small-sc341,24756,4.059267997741699
small-sc341,24794,4.220913410186768
small-sc341,24831,4.155985355377197
small-sc341,24848,4.01801872253418
small-sc341,24881,4.182741165161133
small-sc341,24887,4.088884353637695
small-sc341,24893,4.201789379119873
small-sc341,24896,4.232616424560547
small-sc341,24908,4.140778064727783
small-sc341,24925,4.054777145385742
small-sc341,24928,4.053345680236816
small-sc341,24946,4.037797927856445
small-sc341,24947,4.188454627990723
small-sc341,24955,4.163272857666016
small-sc341,24963,4.148965835571289
small-sc341,24966,3.955880641937256
small-sc341,24969,4.075869083404541
small-sc341,25003,4.130646228790283
small-sc341,25021,4.179393768310547
small-sc341,25040,4.109009265899658
small-sc341,25070,4.218518257141113
small-sc341,25077,4.064048767089844
small-sc341,25094,4.05317497253418
small-sc341,25132,4.21621036529541
small-sc341,25159,4.111053943634033
small-sc341,25162,4.127503871917725
small-sc341,25178,4.0506815910339355
small-sc341,25226,4.081029415130615
small-sc341,25234,4.149605751037598
small-sc341,25250,4.179931640625
small-sc341,25276,3.928576707839966
small-sc341,25288,4.204532146453857
small-sc341,25296,4.204031944274902
small-sc341,25302,4.13733434677124
small-sc341,25315,4.016976833343506
small-sc341,25328,4.137595176696777
small-sc341,25353,4.064198017120361
small-sc341,25359,4.088315963745117
small-sc341,25369,4.120938777923584
small-sc341,25375,4.08796501159668
small-sc341,25386,4.076791763305664
small-sc341,25393,4.157567977905273
small-sc341,25401,4.1514482498168945
small-sc341,25404,4.030218124389648
small-sc341,25405,4.065804958343506
small-sc341,25415,4.05240535736084
small-sc341,25468,4.129528999328613
small-sc341,25476,4.095115661621094
small-sc341,25483,4.139737129211426
small-sc341,25508,4.072774887084961
small-sc341,25555,4.15140438079834
small-sc341,25575,4.163325786590576
small-sc341,25599,4.037229537963867
small-sc341,25605,4.127930641174316
small-sc341,25608,4.050025939941406
small-sc341,25611,4.17183780670166
small-sc341,25619,4.0671586990356445
small-sc341,25631,4.118511199951172
small-sc341,25705,4.125269412994385
small-sc341,25713,4.010542392730713
small-sc341,25716,4.143071174621582
small-sc341,25736,3.950099468231201
small-sc341,25747,4.11673641204834
small-sc341,25756,4.083232879638672
small-sc341,25788,4.127166748046875
small-sc341,25791,4.1278791427612305
small-sc341,25792,4.118076324462891
small-sc341,25793,4.135965824127197
small-sc341,25824,4.077308177947998
small-sc341,25845,4.093636512756348
small-sc341,25849,4.023954391479492
small-sc341,25852,3.973102331161499
small-sc341,25860,4.013532638549805
small-sc341,25895,4.044299125671387
small-sc341,25941,4.030991077423096
small-sc341,25951,4.154387474060059
small-sc341,25955,4.156929016113281
small-sc341,25975,4.111067771911621
small-sc341,26004,4.081475257873535
small-sc341,26008,4.068427085876465
small-sc341,26036,3.93544340133667
small-sc341,26066,3.9960265159606934
small-sc341,26073,4.039758205413818
small-sc341,26074,4.006289005279541
small-sc341,26084,4.12294864654541
small-sc341,26090,4.166700839996338
small-sc341,26101,4.137088775634766
small-sc341,26121,3.95597243309021
small-sc341,26131,4.143733978271484
small-sc341,26152,4.060427188873291
small-sc341,26181,4.069216728210449
small-sc341,26182,3.9591403007507324
small-sc341,26185,4.1358137130737305
small-sc341,26189,4.096146583557129
small-sc341,26228,4.0306396484375
small-sc341,26279,4.066556453704834
small-sc341,26286,3.931293487548828
small-sc341,26287,4.117094993591309
small-sc341,26304,4.020971775054932
small-sc341,26313,4.060720443725586
small-sc341,26322,4.071064472198486
small-sc341,26394,4.054490089416504
small-sc341,26408,3.97092342376709
small-sc341,26422,4.077864646911621
small-sc341,26433,4.148858070373535
small-sc341,26444,4.102802276611328
small-sc341,26447,4.215633392333984
small-sc341,26453,4.125802040100098
small-sc341,26464,3.9396042823791504
small-sc341,26474,4.008599281311035
small-sc341,26479,4.047858715057373
small-sc341,26483,4.09113883972168
small-sc341,26487,4.132552146911621
small-sc341,26492,4.020751476287842
small-sc341,26502,4.102171897888184
small-sc341,26524,4.043623924255371
small-sc341,26538,3.979271173477173
small-sc341,26566,4.065797805786133
small-sc341,26591,4.016236305236816
small-sc341,26624,3.994536876678467
small-sc341,26625,4.0260443687438965
small-sc341,26644,4.089469909667969
small-sc341,26646,4.092805862426758
small-sc341,26679,3.988529682159424
small-sc341,26708,4.124856472015381
small-sc341,26728,4.096230506896973
small-sc341,26735,4.06608772277832
small-sc341,26743,4.064672470092773
small-sc341,26763,4.044861793518066
small-sc341,26772,4.175941467285156
small-sc341,26792,4.051993370056152
small-sc341,26793,4.109776496887207
small-sc341,26796,4.108376979827881
small-sc341,26816,4.078934669494629
small-sc341,26836,4.084895133972168
small-sc341,26843,4.014932155609131
small-sc341,26857,4.040623664855957
small-sc341,26858,4.057575225830078
small-sc341,26863,4.052158832550049
small-sc341,26880,3.9721550941467285
small-sc341,26897,4.09708309173584
small-sc341,26979,3.973574161529541
small-sc341,27031,3.9934849739074707
small-sc341,27055,4.0622358322143555
small-sc341,27057,4.0674729347229
small-sc341,27063,4.213357925415039
small-sc341,27068,3.936288595199585
small-sc341,27070,3.9584603309631348
small-sc341,27072,4.11635684967041
small-sc341,27074,4.076010704040527
small-sc341,27076,4.046306133270264
small-sc341,27103,4.014523029327393
small-sc341,27119,4.069233417510986
small-sc341,27129,4.042078018188477
small-sc341,27134,4.019158363342285
small-sc341,27138,4.122087478637695
small-sc341,27140,4.024313449859619
small-sc341,27148,4.027762413024902
small-sc341,27152,3.9685683250427246
small-sc341,27157,4.077922344207764
small-sc341,27158,4.086660861968994
small-sc341,27159,4.121377944946289
small-sc341,27166,4.073716163635254
small-sc341,27177,4.02252197265625
small-sc341,27182,4.017965316772461
small-sc341,27186,4.024870872497559
small-sc341,27192,4.099239826202393
small-sc341,27202,4.016179084777832
small-sc341,27207,4.014211654663086
small-sc341,27258,4.1040358543396
small-sc341,27260,4.037057876586914
small-sc341,27270,4.044902324676514
small-sc341,27285,3.8855113983154297
small-sc341,27322,4.059608459472656
small-sc341,27343,4.01330041885376
small-sc341,27357,4.063168048858643
small-sc341,27358,4.190289497375488
small-sc341,27364,4.023814678192139
small-sc341,27369,4.071534156799316
small-sc341,27440,4.0119123458862305
small-sc341,27463,3.980715274810791
small-sc341,27465,4.072574615478516
small-sc341,27489,3.954963445663452
small-sc341,27510,4.006769180297852
small-sc341,27523,4.086076259613037
small-sc341,27530,3.9566571712493896
small-sc341,27568,4.043957710266113
small-sc341,27587,3.96384859085083
small-sc341,27589,4.024745941162109
small-sc341,27598,4.02209997177124
small-sc341,27610,4.066962242126465
small-sc341,27626,4.04345703125
small-sc341,27630,3.971111297607422
small-sc341,27633,3.876265525817871
small-sc341,27656,4.022833347320557
small-sc341,27666,4.1110711097717285
small-sc341,27696,4.1264166831970215
small-sc341,27697,4.073974132537842
small-sc341,27706,4.080471992492676
small-sc341,27721,4.112839698791504
small-sc341,27730,4.056809425354004
small-sc341,27743,4.078825950622559
small-sc341,27749,3.964038372039795
small-sc341,27769,4.065911293029785
small-sc341,27817,4.0990753173828125
small-sc341,27820,4.0005083084106445
small-sc341,27828,4.039886474609375
small-sc341,27888,4.134339332580566
small-sc341,27947,3.967716693878174
small-sc341,27968,4.0056962966918945
small-sc341,27971,4.064602375030518
small-sc341,27990,3.9772799015045166
small-sc341,28002,4.020813465118408
small-sc341,28039,4.074431419372559
small-sc341,28051,4.010976791381836
small-sc341,28053,4.016456604003906
small-sc341,28054,4.048506736755371
small-sc341,28055,4.067385673522949
small-sc341,28064,4.030078887939453
small-sc341,28073,4.053631782531738
small-sc341,28084,4.0329437255859375
small-sc341,28102,4.080243110656738
small-sc341,28105,3.9977214336395264
small-sc341,28107,3.991389513015747
small-sc341,28118,4.039443016052246
small-sc341,28121,3.996779680252075
small-sc341,28124,3.959160804748535
small-sc341,28138,4.091875076293945
small-sc341,28149,3.933223247528076
small-sc341,28155,3.898513078689575
small-sc341,28168,4.093400001525879
small-sc341,28170,3.9713897705078125
small-sc341,28171,3.9644734859466553
small-sc341,28209,3.962918281555176
small-sc341,28213,4.086891174316406
small-sc341,28219,3.950706958770752
small-sc341,28223,4.106986045837402
small-sc341,28233,4.047675132751465
small-sc341,28234,3.9637415409088135
small-sc341,28245,4.036467552185059
small-sc341,28256,4.165828704833984
small-sc341,28270,3.989318370819092
small-sc341,28312,4.088011264801025
small-sc341,28346,3.9122891426086426
small-sc341,28349,4.0643110275268555
small-sc341,28353,3.9984705448150635
small-sc341,28354,4.019810676574707
small-sc341,28389,4.081208229064941
small-sc341,28399,4.054623603820801
small-sc341,28403,4.089570045471191
small-sc341,28410,4.090200424194336
small-sc341,28416,4.000016212463379
small-sc341,28420,3.9466631412506104
small-sc341,28421,4.129504203796387
small-sc341,28424,4.052487373352051
small-sc341,28442,3.9736168384552
small-sc341,28476,4.077813148498535
small-sc341,28483,4.004363059997559
small-sc341,28489,4.1321916580200195
small-sc341,28491,3.9679043292999268
small-sc341,28493,4.0317230224609375
small-sc341,28506,4.021940231323242
small-sc341,28529,4.023961067199707
small-sc341,28534,3.9117631912231445
small-sc341,28558,4.021207809448242
small-sc341,28564,4.023895263671875
small-sc341,28580,3.9225656986236572
small-sc341,28635,4.075564384460449
small-sc341,28641,3.9393911361694336
small-sc341,28646,3.9760565757751465
small-sc341,28672,3.9218926429748535
small-sc341,28676,4.030583381652832
small-sc341,28687,3.9947123527526855
small-sc341,28709,4.037439346313477
small-sc341,28716,3.9820995330810547
small-sc341,28741,4.035356521606445
small-sc341,28749,3.961357355117798
small-sc341,28750,4.015496730804443
small-sc341,28812,3.8917267322540283
small-sc341,28818,4.074231147766113
small-sc341,28824,4.076346397399902
small-sc341,28826,3.9051871299743652
small-sc341,28836,4.175053119659424
small-sc341,28853,3.964945077896118
small-sc341,28944,4.040291786193848
small-sc341,28952,3.940061330795288
small-sc341,28958,4.043111324310303
small-sc341,28975,4.0008087158203125
small-sc341,28988,4.091026782989502
small-sc341,29023,4.010358810424805
small-sc341,29045,4.07810640335083
small-sc341,29058,3.9821836948394775
small-sc341,29066,4.035243034362793
small-sc341,29070,3.8932583332061768
small-sc341,29081,3.977660655975342
small-sc341,29089,3.89091420173645
small-sc341,29104,4.019134521484375
small-sc341,29132,4.033623695373535
small-sc341,29146,4.028521537780762
small-sc341,29162,4.001758575439453
small-sc341,29178,4.091799736022949
small-sc341,29188,4.003748893737793
small-sc341,29226,3.968329429626465
small-sc341,29248,4.072396278381348
small-sc341,29263,3.9810287952423096
small-sc341,29276,4.013452529907227
small-sc341,29281,3.9186062812805176
small-sc341,29299,3.950655460357666
small-sc341,29301,4.075834274291992
small-sc341,29317,3.964898109436035
small-sc341,29346,4.005602836608887
small-sc341,29347,4.018625259399414
small-sc341,29368,4.0004658699035645
small-sc341,29385,4.107928276062012
small-sc341,29413,3.92101788520813
small-sc341,29439,4.139747142791748
small-sc341,29444,4.052282810211182
small-sc341,29447,4.024570941925049
small-sc341,29455,3.9572346210479736
small-sc341,29459,4.0279998779296875
small-sc341,29460,4.022761344909668
small-sc341,29461,3.9615910053253174
small-sc341,29463,4.129897117614746
small-sc341,29473,4.0496015548706055
small-sc341,29480,4.055969715118408
small-sc341,29485,3.976064682006836
small-sc341,29506,4.042917251586914
small-sc341,29509,3.9714324474334717
small-sc341,29542,4.062587738037109
small-sc341,29567,3.982628345489502
small-sc341,29569,4.008912086486816
small-sc341,29575,4.040356636047363
small-sc341,29586,4.034706115722656
small-sc341,29597,3.9618918895721436
small-sc341,29598,4.037542343139648
small-sc341,29599,4.0122833251953125
small-sc341,29601,4.069324493408203
small-sc341,29607,4.08485221862793
small-sc341,29640,4.029806613922119
small-sc341,29650,4.057337760925293
small-sc341,29690,4.0716776847839355
small-sc341,29692,3.9983108043670654
small-sc341,29704,3.988156795501709
small-sc341,29707,3.9946789741516113
small-sc341,29711,3.98565411567688
small-sc341,29719,4.03626823425293
small-sc341,29725,3.9893853664398193
small-sc341,29737,3.9189229011535645
small-sc341,29745,4.081005096435547
small-sc341,29778,4.09885311126709
small-sc341,29828,4.058475494384766
small-sc341,29831,3.811574697494507
small-sc341,29898,4.0709028244018555
small-sc341,29922,4.0667219161987305
small-sc341,29931,4.083396911621094
small-sc341,29968,3.9223804473876953
small-sc341,29980,4.052672386169434
small-sc341,29982,3.902378559112549
small-sc341,30015,4.025693416595459
small-sc341,30039,4.000463485717773
small-sc341,30046,4.021193504333496
small-sc341,30062,4.032035827636719
small-sc341,30074,4.023366928100586
small-sc341,30112,3.937736988067627
small-sc341,30119,4.0082688331604
small-sc341,30120,3.9256014823913574
small-sc341,30123,4.01104211807251
small-sc341,30181,4.08503532409668
small-sc341,30185,3.9952690601348877
small-sc341,30215,3.9688615798950195
small-sc341,30216,4.0141072273254395
small-sc341,30222,4.0881805419921875
small-sc341,30224,4.000800132751465
small-sc341,30226,4.015127658843994
small-sc341,30254,4.026752471923828
small-sc341,30270,3.960636615753174
small-sc341,30284,3.943838119506836
small-sc341,30290,4.144153594970703
small-sc341,30294,4.0235819816589355
small-sc341,30299,3.988400459289551
small-sc341,30310,3.961454391479492
small-sc341,30315,3.9939682483673096
small-sc341,30325,4.027584075927734
small-sc341,30398,4.071234703063965
small-sc341,30406,3.937993288040161
small-sc341,30420,4.063387393951416
small-sc341,30422,4.037491321563721
small-sc341,30443,3.9682397842407227
small-sc341,30456,4.063968658447266
small-sc341,30458,4.037297248840332
small-sc341,30460,4.054349899291992
small-sc341,30481,4.096916198730469
small-sc341,30495,3.9728751182556152
small-sc341,30516,4.012582778930664
small-sc341,30519,4.00176477432251
small-sc341,30537,4.047614097595215
small-sc341,30584,4.09976863861084
small-sc341,30598,3.9607882499694824
small-sc341,30627,3.9815568923950195
small-sc341,30633,4.037813186645508
small-sc341,30659,4.086284637451172
small-sc341,30675,3.9881558418273926
small-sc341,30683,3.994023084640503
small-sc341,30747,4.011448860168457
small-sc341,30765,3.9652674198150635
small-sc341,30769,3.9281041622161865
small-sc341,30808,3.9236645698547363
small-sc341,30816,4.163486480712891
small-sc341,30820,3.968421459197998
small-sc341,30827,3.967756509780884
small-sc341,30830,4.039859294891357
small-sc341,30844,3.9265666007995605
small-sc341,30846,4.000685214996338
small-sc341,30848,4.0859808921813965
small-sc341,30864,4.017011642456055
small-sc341,30868,4.0807600021362305
small-sc341,30890,4.02860164642334
small-sc341,30924,4.091146945953369
small-sc341,30941,3.9464058876037598
small-sc341,30943,4.056362152099609
small-sc341,30974,3.986337184906006
small-sc341,30982,4.252326488494873
small-sc341,30988,3.9449219703674316
small-sc341,30996,4.040986061096191
small-sc341,31001,3.993718147277832
small-sc341,31010,3.958085536956787
small-sc341,31011,4.0590057373046875
small-sc341,31050,4.006537437438965
small-sc341,31056,4.034012794494629
small-sc341,31060,3.9980106353759766
small-sc341,31063,4.037676811218262
small-sc341,31076,3.970881462097168
small-sc341,31083,4.113109588623047
small-sc341,31097,4.084250450134277
small-sc341,31113,4.023241996765137
small-sc341,31140,3.9140992164611816
small-sc341,31149,4.003161907196045
small-sc341,31156,3.9923529624938965
small-sc341,31173,4.0421857833862305
small-sc341,31178,3.9010701179504395
small-sc341,31182,4.035689830780029
small-sc341,31184,4.080209732055664
small-sc341,31193,4.045065879821777
small-sc341,31194,3.9870762825012207
small-sc341,31223,4.016158580780029
small-sc341,31226,3.938861846923828
small-sc341,31242,4.027961730957031
small-sc341,31254,3.960977554321289
small-sc341,31257,3.9288177490234375
small-sc341,31265,3.9868974685668945
small-sc341,31266,3.917733907699585
small-sc341,31274,4.0079240798950195
small-sc341,31291,3.93491792678833
small-sc917,7,111.49141693115234
small-sc917,14,111.58787536621094
small-sc917,33,108.33378601074219
small-sc917,42,105.19253540039062
small-sc917,87,88.99107360839844
small-sc917,90,87.08514404296875
small-sc917,93,86.364990234375
small-sc917,96,85.8624038696289
small-sc917,101,84.58384704589844
small-sc917,136,80.48408508300781
small-sc917,143,78.82174682617188
small-sc917,150,78.97285461425781
small-sc917,152,77.9033203125
small-sc917,192,71.4271240234375
small-sc917,195,72.42991638183594
small-sc917,197,71.91105651855469
small-sc917,213,69.11906433105469
small-sc917,238,65.10057067871094
small-sc917,269,60.137664794921875
small-sc917,275,59.59714126586914
small-sc917,276,59.9265022277832
small-sc917,319,53.32184982299805
small-sc917,323,51.897186279296875
small-sc917,372,43.875736236572266
small-sc917,378,43.29930877685547
small-sc917,382,42.39257049560547
small-sc917,405,38.87517547607422
small-sc917,425,35.94414520263672
small-sc917,441,33.970359802246094
small-sc917,444,33.809059143066406
small-sc917,458,31.89263916015625
small-sc917,502,28.399993896484375
small-sc917,506,27.75310516357422
small-sc917,511,26.788110733032227
small-sc917,512,27.18134880065918
small-sc917,519,26.897682189941406
small-sc917,527,26.033649444580078
small-sc917,531,25.14766502380371
small-sc917,535,24.43700408935547
small-sc917,545,23.675813674926758
small-sc917,574,21.314064025878906
small-sc917,584,21.130550384521484
small-sc917,610,20.33440399169922
small-sc917,617,19.808116912841797
small-sc917,622,19.833890914916992
small-sc917,629,19.491254806518555
small-sc917,652,18.20721435546875
small-sc917,672,17.231334686279297
small-sc917,678,16.708959579467773
small-sc917,682,16.34210205078125
small-sc917,686,15.940338134765625
small-sc917,690,16.315088272094727
small-sc917,696,15.62389850616455
small-sc917,698,16.027729034423828
small-sc917,720,15.185822486877441
small-sc917,731,14.02788257598877
small-sc917,735,14.202410697937012
small-sc917,745,13.821542739868164
small-sc917,753,13.294609069824219
small-sc917,764,13.640617370605469
small-sc917,775,13.619210243225098
small-sc917,812,12.045469284057617
small-sc917,841,11.441675186157227
small-sc917,862,10.85474967956543
small-sc917,872,10.889995574951172
small-sc917,897,10.952317237854004
small-sc917,908,10.550374984741211
small-sc917,918,9.945262908935547
small-sc917,929,10.115890502929688
small-sc917,946,10.08980655670166
small-sc917,949,10.728575706481934
small-sc917,981,9.719989776611328
small-sc917,991,9.802897453308105
small-sc917,993,9.649721145629883
small-sc917,1012,9.332648277282715
small-sc917,1014,9.136234283447266
small-sc917,1021,9.31908893585205
small-sc917,1022,8.91427993774414
small-sc917,1027,8.917024612426758
small-sc917,1041,9.286094665527344
small-sc917,1064,8.974496841430664
small-sc917,1094,8.67690372467041
small-sc917,1128,8.424535751342773
small-sc917,1132,8.406036376953125
small-sc917,1134,8.32844352722168
small-sc917,1158,8.349162101745605
small-sc917,1161,8.41065788269043
small-sc917,1176,8.215616226196289
small-sc917,1215,8.058473587036133
small-sc917,1232,8.058403015136719
small-sc917,1266,8.12393569946289
small-sc917,1289,8.203800201416016
small-sc917,1300,7.4191999435424805
small-sc917,1302,7.854213714599609
small-sc917,1308,7.962175369262695
small-sc917,1320,7.501289367675781
small-sc917,1336,7.482893943786621
small-sc917,1344,7.162603378295898
small-sc917,1356,7.340707302093506
small-sc917,1364,7.4767866134643555
small-sc917,1370,7.224458694458008
small-sc917,1371,7.522394180297852
small-sc917,1374,7.1207427978515625
small-sc917,1401,7.139504432678223
small-sc917,1420,7.116991996765137
small-sc917,1433,7.31195068359375
small-sc917,1439,7.494255065917969
small-sc917,1448,7.412807464599609
small-sc917,1462,7.385089874267578
small-sc917,1468,6.960946083068848
small-sc917,1472,7.270490646362305
small-sc917,1483,6.896651744842529
small-sc917,1512,6.736963272094727
small-sc917,1522,6.924610137939453
small-sc917,1524,6.76688289642334
small-sc917,1539,7.156856060028076
small-sc917,1551,6.894150733947754
small-sc917,1561,6.906761169433594
small-sc917,1562,6.507816791534424
small-sc917,1566,6.810949325561523
small-sc917,1567,6.8954291343688965
small-sc917,1623,6.842650413513184
small-sc917,1628,6.683342933654785
small-sc917,1634,6.7993903160095215
small-sc917,1660,6.903294563293457
small-sc917,1686,6.5941619873046875
small-sc917,1725,6.5585808753967285
small-sc917,1729,6.702731132507324
small-sc917,1739,6.5605621337890625
small-sc917,1762,6.339882850646973
small-sc917,1765,6.375847816467285
small-sc917,1774,6.52760648727417
small-sc917,1805,6.763596534729004
small-sc917,1826,6.266644477844238
small-sc917,1860,6.507597923278809
small-sc917,1889,6.227433204650879
small-sc917,1938,6.3537421226501465
small-sc917,1939,6.341407775878906
small-sc917,1947,6.229790687561035
small-sc917,1956,5.981448650360107
small-sc917,1965,6.2196044921875
small-sc917,1972,5.993466377258301
small-sc917,1976,6.134020805358887
small-sc917,1978,5.995457649230957
small-sc917,2009,6.200465202331543
small-sc917,2036,6.603386402130127
small-sc917,2060,6.155176162719727
small-sc917,2078,5.97067403793335
small-sc917,2090,6.027882099151611
small-sc917,2174,6.120800018310547
small-sc917,2193,5.9427032470703125
small-sc917,2205,5.7162299156188965
small-sc917,2206,5.728975296020508
small-sc917,2229,6.045882225036621
small-sc917,2288,5.757866859436035
small-sc917,2293,5.628591537475586
small-sc917,2311,5.7403564453125
small-sc917,2378,5.727219581604004
small-sc917,2389,5.5895891189575195
small-sc917,2397,5.657182216644287
small-sc917,2430,5.699129104614258
small-sc917,2441,5.481808662414551
small-sc917,2447,5.4911909103393555
small-sc917,2448,5.646866798400879
small-sc917,2464,5.680944919586182
small-sc917,2508,5.569004058837891
small-sc917,2516,5.600322723388672
small-sc917,2541,5.488300323486328
small-sc917,2548,5.337975025177002
small-sc917,2585,5.38967227935791
small-sc917,2590,5.278471946716309
small-sc917,2600,5.323448181152344
small-sc917,2606,5.254212379455566
small-sc917,2610,5.5116496086120605
small-sc917,2615,5.8335347175598145
small-sc917,2630,5.422946929931641
small-sc917,2650,5.515113353729248
small-sc917,2660,5.383820533752441
small-sc917,2662,5.370511054992676
small-sc917,2666,5.442541122436523
small-sc917,2733,5.459700584411621
small-sc917,2735,5.4095563888549805
small-sc917,2738,5.305683612823486
small-sc917,2740,5.216089248657227
small-sc917,2746,5.545648574829102
small-sc917,2756,5.436056137084961
small-sc917,2775,5.363252639770508
small-sc917,2781,5.32036018371582
small-sc917,2796,5.024257659912109
small-sc917,2801,5.275623798370361
small-sc917,2839,5.2542524337768555
small-sc917,2872,5.14705753326416
small-sc917,2884,5.05709171295166
small-sc917,2887,5.0515289306640625
small-sc917,2897,5.226438522338867
small-sc917,2900,4.932861804962158
small-sc917,2903,5.174639701843262
small-sc917,2910,5.336493492126465
small-sc917,2925,5.204821586608887
small-sc917,2963,5.214112758636475
small-sc917,2969,5.217735290527344
small-sc917,2977,5.213898658752441
small-sc917,2991,5.147835731506348
small-sc917,2992,4.972820281982422
small-sc917,2993,5.098977088928223
small-sc917,3025,5.069018363952637
small-sc917,3026,4.979747772216797
small-sc917,3049,5.048762798309326
small-sc917,3051,5.228855133056641
small-sc917,3061,5.237979888916016
small-sc917,3103,4.920873641967773
small-sc917,3112,5.076112747192383
small-sc917,3135,4.96634578704834
small-sc917,3159,5.081059455871582
small-sc917,3171,5.051429271697998
small-sc917,3183,4.912756443023682
small-sc917,3190,5.175426483154297
small-sc917,3248,4.959311485290527
small-sc917,3277,4.8763346672058105
small-sc917,3289,5.025509834289551
small-sc917,3312,4.971287727355957
small-sc917,3316,4.886127471923828
small-sc917,3358,4.879055500030518
small-sc917,3376,4.788860321044922
small-sc917,3380,4.730316162109375
small-sc917,3401,4.8944478034973145
small-sc917,3402,4.979840278625488
small-sc917,3406,5.041486740112305
small-sc917,3408,4.8134894371032715
small-sc917,3415,4.879024982452393
small-sc917,3416,4.843962669372559
small-sc917,3433,4.833245754241943
small-sc917,3434,4.781468391418457
small-sc917,3435,4.867036819458008
small-sc917,3452,4.672113418579102
small-sc917,3456,4.829775333404541
small-sc917,3495,4.9229583740234375
small-sc917,3503,4.817473411560059
small-sc917,3527,4.810497283935547
small-sc917,3539,4.888535499572754
small-sc917,3548,4.800323486328125
small-sc917,3553,4.789131164550781
small-sc917,3555,4.713581562042236
small-sc917,3563,4.688901901245117
small-sc917,3578,4.799468517303467
small-sc917,3579,4.597602844238281
small-sc917,3587,5.039137363433838
small-sc917,3643,4.823712348937988
small-sc917,3646,4.691446304321289
small-sc917,3661,4.604541778564453
small-sc917,3677,4.778188705444336
small-sc917,3684,4.776283264160156
small-sc917,3707,4.9064435958862305
small-sc917,3708,4.722082138061523
small-sc917,3717,4.84429931640625
small-sc917,3724,4.664923191070557
small-sc917,3737,4.615689277648926
small-sc917,3779,4.578427314758301
small-sc917,3792,4.605808734893799
small-sc917,3794,4.507083892822266
small-sc917,3800,4.6993207931518555
small-sc917,3811,4.738101005554199
small-sc917,3812,4.6142425537109375
small-sc917,3817,4.696479797363281
small-sc917,3854,4.649334907531738
small-sc917,3878,4.448041915893555
small-sc917,3882,4.763338088989258
small-sc917,3894,4.862140655517578
small-sc917,3897,4.540660858154297
small-sc917,3905,4.79347038269043
small-sc917,3928,4.735828399658203
small-sc917,3930,4.477941513061523
small-sc917,3954,4.677387237548828
small-sc917,4012,4.737532615661621
small-sc917,4014,4.833501815795898
small-sc917,4016,4.607602596282959
small-sc917,4024,4.470788955688477
small-sc917,4049,4.633131504058838
small-sc917,4079,4.742191314697266
small-sc917,4092,4.5935516357421875
small-sc917,4098,4.593205451965332
small-sc917,4111,4.454038619995117
small-sc917,4118,4.546771049499512
small-sc917,4125,4.528695106506348
small-sc917,4149,4.6191301345825195
small-sc917,4169,4.486562252044678
small-sc917,4180,4.53462028503418
small-sc917,4205,4.472028732299805
small-sc917,4210,4.586090087890625
small-sc917,4240,4.429058074951172
small-sc917,4260,4.470400810241699
small-sc917,4273,4.558672904968262
small-sc917,4278,4.58270788192749
small-sc917,4280,4.627453804016113
small-sc917,4284,4.306375503540039
small-sc917,4306,4.424960613250732
small-sc917,4330,4.610346794128418
small-sc917,4352,5.357906341552734
small-sc917,4368,4.3051557540893555
small-sc917,4386,4.518874645233154
small-sc917,4394,4.379556655883789
small-sc917,4454,4.384941101074219
small-sc917,4493,4.508502960205078
small-sc917,4499,4.485020160675049
small-sc917,4543,4.5077033042907715
small-sc917,4580,4.2994208335876465
small-sc917,4593,4.351031303405762
small-sc917,4601,4.406537055969238
small-sc917,4605,4.3664422035217285
small-sc917,4631,4.607523441314697
small-sc917,4634,4.348782539367676
small-sc917,4640,4.474091529846191
small-sc917,4645,4.293191909790039
small-sc917,4650,4.306267738342285
small-sc917,4654,4.457770347595215
small-sc917,4678,4.302402019500732
small-sc917,4683,4.443092346191406
small-sc917,4703,4.154060363769531
small-sc917,4741,4.340884208679199
small-sc917,4747,4.313154220581055
small-sc917,4759,4.327794075012207
small-sc917,4763,4.245023250579834
small-sc917,4771,4.282370567321777
small-sc917,4797,4.255331993103027
small-sc917,4821,4.162415027618408
small-sc917,4822,4.279555320739746
small-sc917,4850,4.308657646179199
small-sc917,4864,4.275140762329102
small-sc917,4891,4.342751979827881
small-sc917,4941,4.1405744552612305
small-sc917,4971,4.273913383483887
small-sc917,5015,4.326818466186523
small-sc917,5032,4.293010234832764
small-sc917,5040,4.210666656494141
small-sc917,5065,4.162115097045898
small-sc917,5073,4.351975440979004
small-sc917,5107,4.284975051879883
small-sc917,5148,4.267475605010986
small-sc917,5172,4.275230407714844
small-sc917,5176,4.270777225494385
small-sc917,5185,4.253545761108398
small-sc917,5216,4.152158737182617
small-sc917,5233,4.178502082824707
small-sc917,5238,4.240955829620361
small-sc917,5271,4.031885623931885
small-sc917,5275,4.161242485046387
small-sc917,5279,4.186697959899902
small-sc917,5287,4.074295997619629
small-sc917,5302,4.307730674743652
small-sc917,5304,4.2884721755981445
small-sc917,5326,4.38206148147583
small-sc917,5344,4.192887306213379
small-sc917,5348,4.227150917053223
small-sc917,5355,4.121187210083008
small-sc917,5357,4.157529830932617
small-sc917,5369,4.314526557922363
small-sc917,5443,4.181774616241455
small-sc917,5450,4.170232772827148
small-sc917,5454,4.084489822387695
small-sc917,5463,4.176526069641113
small-sc917,5475,4.112889289855957
small-sc917,5482,3.9105324745178223
small-sc917,5485,4.26481819152832
small-sc917,5494,4.073827266693115
small-sc917,5528,4.034546375274658
small-sc917,5534,4.161447525024414
small-sc917,5543,4.119850158691406
small-sc917,5546,3.972966194152832
small-sc917,5549,4.1475419998168945
small-sc917,5558,4.12192440032959
small-sc917,5565,4.054226875305176
small-sc917,5566,4.091483116149902
small-sc917,5569,4.247262954711914
small-sc917,5572,4.112753391265869
small-sc917,5621,4.322787284851074
small-sc917,5641,3.981102466583252
small-sc917,5652,4.060335636138916
small-sc917,5656,4.218949317932129
small-sc917,5669,4.02682638168335
small-sc917,5671,3.921884536743164
small-sc917,5682,3.9721076488494873
small-sc917,5689,4.086659908294678
small-sc917,5729,3.960965633392334
small-sc917,5749,4.252739906311035
small-sc917,5794,3.888505458831787
small-sc917,5803,4.0110578536987305
small-sc917,5811,4.029659271240234
small-sc917,5829,4.148235321044922
small-sc917,5865,4.056744575500488
small-sc917,5909,4.010001182556152
small-sc917,5923,4.004958629608154
small-sc917,5986,3.9128851890563965
small-sc917,5997,4.117343902587891
small-sc917,6005,4.170927047729492
small-sc917,6026,4.0567851066589355
small-sc917,6032,3.9918415546417236
small-sc917,6059,4.006717681884766
small-sc917,6071,3.953859567642212
small-sc917,6081,3.984269142150879
small-sc917,6127,3.915541887283325
small-sc917,6128,3.890254020690918
small-sc917,6136,4.06215763092041
small-sc917,6150,3.879595994949341
small-sc917,6154,4.013317108154297
small-sc917,6162,4.015607833862305
small-sc917,6183,4.005986213684082
small-sc917,6185,4.0305609703063965
small-sc917,6186,4.051553249359131
small-sc917,6192,3.909757137298584
small-sc917,6211,4.122342109680176
small-sc917,6213,4.063211917877197
small-sc917,6215,4.069705963134766
small-sc917,6225,4.05754280090332
small-sc917,6236,3.9384825229644775
small-sc917,6240,3.8097407817840576
small-sc917,6260,4.116352081298828
small-sc917,6299,3.9171717166900635
small-sc917,6331,3.949470043182373
small-sc917,6359,3.9518978595733643
small-sc917,6409,4.067400932312012
small-sc917,6414,3.8199005126953125
small-sc917,6458,3.8749594688415527
small-sc917,6475,3.783148765563965
small-sc917,6479,3.963860273361206
small-sc917,6486,3.8654263019561768
small-sc917,6487,3.7759413719177246
small-sc917,6516,3.8702831268310547
small-sc917,6522,4.005816459655762
small-sc917,6537,3.924506664276123
small-sc917,6544,3.9024438858032227
small-sc917,6547,3.842501640319824
small-sc917,6553,3.8867313861846924
small-sc917,6562,3.958555221557617
small-sc917,6567,3.935603380203247
small-sc917,6604,3.9896018505096436
small-sc917,6614,3.8342301845550537
small-sc917,6626,3.9205117225646973
small-sc917,6636,3.790642738342285
small-sc917,6642,3.9114208221435547
small-sc917,6654,4.004515647888184
small-sc917,6666,3.8032898902893066
small-sc917,6686,3.9540462493896484
small-sc917,6688,3.8630218505859375
small-sc917,6697,3.757847309112549
small-sc917,6703,3.76033616065979
small-sc917,6741,3.7623982429504395
small-sc917,6752,3.8505775928497314
small-sc917,6767,3.8739705085754395
small-sc917,6772,3.7897181510925293
small-sc917,6790,3.8317697048187256
small-sc917,6807,3.9361205101013184
small-sc917,6817,3.8829779624938965
small-sc917,6844,3.8194570541381836
small-sc917,6878,3.8505141735076904
small-sc917,6952,3.8414430618286133
small-sc917,6965,4.036174297332764
small-sc917,6970,3.84183931350708
small-sc917,7101,3.7929153442382812
small-sc917,7154,3.701353073120117
small-sc917,7188,3.804166793823242
small-sc917,7205,3.715268611907959
small-sc917,7219,3.743441343307495
small-sc917,7242,3.661210060119629
small-sc917,7276,3.8880414962768555
small-sc917,7288,3.763594627380371
small-sc917,7289,3.7140235900878906
small-sc917,7309,3.750545024871826
small-sc917,7310,3.860281229019165
small-sc917,7321,3.713757276535034
small-sc917,7339,3.740645408630371
small-sc917,7366,3.7445554733276367
small-sc917,7405,3.83109974861145
small-sc917,7408,3.672539234161377
small-sc917,7416,3.812079906463623
small-sc917,7461,3.876024007797241
small-sc917,7473,3.805589437484741
small-sc917,7482,3.685441732406616
small-sc917,7500,3.795625925064087
small-sc917,7519,3.7981505393981934
small-sc917,7535,3.699430227279663
small-sc917,7561,3.776214599609375
small-sc917,7574,3.6546714305877686
small-sc917,7602,3.694047212600708
small-sc917,7604,3.66475772857666
small-sc917,7606,3.65830135345459
small-sc917,7617,3.6785061359405518
small-sc917,7620,3.7044641971588135
small-sc917,7635,3.6743431091308594
small-sc917,7637,3.6792593002319336
small-sc917,7639,3.8384525775909424
small-sc917,7654,3.783717632293701
small-sc917,7687,3.836153507232666
small-sc917,7698,3.6718993186950684
small-sc917,7715,3.7007222175598145
small-sc917,7737,3.6169705390930176
small-sc917,7778,3.8413734436035156
small-sc917,7781,3.84372615814209
small-sc917,7793,3.6091349124908447
small-sc917,7795,3.680635929107666
small-sc917,7806,3.6805365085601807
small-sc917,7821,3.688384532928467
small-sc917,7870,3.7944095134735107
small-sc917,7886,3.625725746154785
small-sc917,7899,3.7168164253234863
small-sc917,7903,3.7416064739227295
small-sc917,7914,3.6213326454162598
small-sc917,7933,3.6938891410827637
small-sc917,7943,3.6965885162353516
small-sc917,7948,3.6905765533447266
small-sc917,7956,3.598416805267334
small-sc917,7973,3.6529502868652344
small-sc917,8019,3.6322319507598877
small-sc917,8045,3.6193974018096924
small-sc917,8073,3.709749460220337
small-sc917,8075,3.6464645862579346
small-sc917,8093,3.6152381896972656
small-sc917,8094,3.6398870944976807
small-sc917,8095,3.621241807937622
small-sc917,8117,3.775404930114746
small-sc917,8130,3.6689629554748535
small-sc917,8131,3.473179340362549
small-sc917,8133,3.5627589225769043
small-sc917,8176,3.6654856204986572
small-sc917,8186,3.6810951232910156
small-sc917,8204,3.7140698432922363
small-sc917,8224,3.652560234069824
small-sc917,8238,3.6560869216918945
small-sc917,8239,3.7462992668151855
small-sc917,8259,3.5413122177124023
small-sc917,8275,3.577019214630127
small-sc917,8352,3.650688409805298
small-sc917,8371,3.6339402198791504
small-sc917,8377,3.6210031509399414
small-sc917,8381,3.5694384574890137
small-sc917,8449,3.6504433155059814
small-sc917,8465,3.612436294555664
small-sc917,8481,3.6414732933044434
small-sc917,8482,3.646280288696289
small-sc917,8488,3.764793872833252
small-sc917,8492,3.603011131286621
small-sc917,8508,3.553133964538574
small-sc917,8516,3.4941654205322266
small-sc917,8529,3.6320276260375977
small-sc917,8533,3.6506361961364746
small-sc917,8540,3.5796849727630615
small-sc917,8567,3.583209753036499
small-sc917,8573,3.628303289413452
small-sc917,8584,3.6939663887023926
small-sc917,8599,3.5727686882019043
small-sc917,8613,3.557208776473999
small-sc917,8644,3.623898983001709
small-sc917,8645,3.5488336086273193
small-sc917,8661,3.615908622741699
small-sc917,8662,3.6168415546417236
small-sc917,8687,3.7051405906677246
small-sc917,8744,3.4279305934906006
small-sc917,8753,3.6192452907562256
small-sc917,8755,3.5496106147766113
small-sc917,8776,3.5249879360198975
small-sc917,8779,3.6236608028411865
small-sc917,8783,3.544024705886841
small-sc917,8794,3.4720020294189453
small-sc917,8800,3.513601779937744
small-sc917,8823,3.6230344772338867
small-sc917,8841,3.5321273803710938
small-sc917,8863,3.5123062133789062
small-sc917,8871,3.541510581970215
small-sc917,8874,3.5736875534057617
small-sc917,8876,3.6417713165283203
small-sc917,8911,3.5109200477600098
small-sc917,8920,3.5451884269714355
small-sc917,8925,3.5966649055480957
small-sc917,8945,3.5859029293060303
small-sc917,8947,3.497401714324951
small-sc917,8957,3.5194263458251953
small-sc917,8991,3.5993716716766357
small-sc917,8992,3.5345637798309326
small-sc917,9007,3.4425787925720215
small-sc917,9022,3.7256360054016113
small-sc917,9032,3.5554113388061523
small-sc917,9047,3.53471040725708
small-sc917,9067,3.4960620403289795
small-sc917,9071,3.426259994506836
small-sc917,9092,3.5605289936065674
small-sc917,9120,3.4840588569641113
small-sc917,9132,3.5799472332000732
small-sc917,9133,3.555278778076172
small-sc917,9144,3.4470458030700684
small-sc917,9146,3.682129144668579
small-sc917,9157,3.534316301345825
small-sc917,9159,3.473484516143799
small-sc917,9166,3.559401035308838
small-sc917,9174,3.546837568283081
small-sc917,9184,3.4208133220672607
small-sc917,9200,3.481048822402954
small-sc917,9208,3.550429582595825
small-sc917,9268,3.4887847900390625
small-sc917,9284,3.502732753753662
small-sc917,9336,3.541119337081909
small-sc917,9344,3.5399913787841797
small-sc917,9358,3.4727933406829834
small-sc917,9360,3.563606023788452
small-sc917,9375,3.6531145572662354
small-sc917,9429,3.5273830890655518
small-sc917,9434,3.3713455200195312
small-sc917,9445,3.509899616241455
small-sc917,9449,3.4903881549835205
small-sc917,9450,3.4223859310150146
small-sc917,9468,3.61397647857666
small-sc917,9472,3.622178554534912
small-sc917,9487,3.5252089500427246
small-sc917,9491,3.566497802734375
small-sc917,9504,3.5812928676605225
small-sc917,9574,3.518385410308838
small-sc917,9584,3.591028928756714
small-sc917,9617,3.454744577407837
small-sc917,9629,3.560028314590454
small-sc917,9639,3.4515702724456787
small-sc917,9640,3.4230294227600098
small-sc917,9648,3.566767930984497
small-sc917,9659,3.5011343955993652
small-sc917,9672,3.422846794128418
small-sc917,9753,3.409083366394043
small-sc917,9761,3.438523054122925
small-sc917,9763,3.463306427001953
small-sc917,9776,3.499549388885498
small-sc917,9854,3.429433822631836
small-sc917,9889,3.52968168258667
small-sc917,9908,3.5442471504211426
small-sc917,9911,3.5113182067871094
small-sc917,9914,3.512331962585449
small-sc917,9917,3.4591774940490723
small-sc917,9920,3.4251549243927
small-sc917,9931,3.3419079780578613
small-sc917,9939,3.456310749053955
small-sc917,9959,3.462742328643799
small-sc917,9974,3.4539976119995117
small-sc917,9986,3.4244189262390137
small-sc917,10028,3.375624179840088
small-sc917,10041,3.3571829795837402
small-sc917,10060,3.455524444580078
small-sc917,10068,3.5596394538879395
small-sc917,10090,3.3245835304260254
small-sc917,10100,3.4522228240966797
small-sc917,10118,3.465656280517578
small-sc917,10149,3.394315719604492
small-sc917,10158,3.459184408187866
small-sc917,10164,3.3845601081848145
small-sc917,10166,3.4029431343078613
small-sc917,10176,3.4982147216796875
small-sc917,10177,3.500298500061035
small-sc917,10182,3.5329370498657227
small-sc917,10190,3.273164749145508
small-sc917,10222,3.3808727264404297
small-sc917,10297,3.4162685871124268
small-sc917,10301,3.50913405418396
small-sc917,10303,3.3155202865600586
small-sc917,10334,3.4739744663238525
small-sc917,10345,3.4081997871398926
small-sc917,10410,3.3495559692382812
small-sc917,10435,3.3984551429748535
small-sc917,10448,3.5028719902038574
small-sc917,10453,3.399672508239746
small-sc917,10497,3.357478380203247
small-sc917,10524,3.3189234733581543
small-sc917,10534,3.487619638442993
small-sc917,10540,3.371279001235962
small-sc917,10549,3.391803741455078
small-sc917,10569,3.4079718589782715
small-sc917,10585,3.3519277572631836
small-sc917,10616,3.4454355239868164
small-sc917,10630,3.4078762531280518
small-sc917,10657,3.4723029136657715
small-sc917,10699,3.3989038467407227
small-sc917,10738,3.422792911529541
small-sc917,10746,3.2478175163269043
small-sc917,10756,3.368318557739258
small-sc917,10770,3.2639851570129395
small-sc917,10780,3.3367786407470703
small-sc917,10797,3.327382802963257
small-sc917,10800,3.3508734703063965
small-sc917,10801,3.4338345527648926
small-sc917,10830,3.4324355125427246
small-sc917,10918,3.455209732055664
small-sc917,10921,3.408956527709961
small-sc917,10928,3.3215038776397705
small-sc917,10942,3.425614356994629
small-sc917,10965,3.448662042617798
small-sc917,10972,3.2604126930236816
small-sc917,10999,3.4165689945220947
small-sc917,11011,3.4015631675720215
small-sc917,11022,3.3960304260253906
small-sc917,11032,3.3562679290771484
small-sc917,11036,3.443941116333008
small-sc917,11039,3.3833889961242676
small-sc917,11041,3.3355908393859863
small-sc917,11042,3.27160906791687
small-sc917,11047,3.483750343322754
small-sc917,11048,3.4825804233551025
small-sc917,11053,3.5375747680664062
small-sc917,11128,3.3311657905578613
small-sc917,11132,3.3872079849243164
small-sc917,11136,3.4177379608154297
small-sc917,11144,3.3553552627563477
small-sc917,11159,3.260708808898926
small-sc917,11192,3.384871482849121
small-sc917,11194,3.4068470001220703
small-sc917,11200,3.461214303970337
small-sc917,11204,3.3026938438415527
small-sc917,11205,3.4912967681884766
small-sc917,11211,3.402505874633789
small-sc917,11214,3.455052375793457
small-sc917,11224,3.4056296348571777
small-sc917,11244,3.468010425567627
small-sc917,11253,3.437887191772461
small-sc917,11262,3.2478909492492676
small-sc917,11312,3.300950527191162
small-sc917,11353,3.3366711139678955
small-sc917,11356,3.3521499633789062
small-sc917,11358,3.326139211654663
small-sc917,11410,3.3233113288879395
small-sc917,11426,3.3006367683410645
small-sc917,11428,3.3270156383514404
small-sc917,11501,3.1867356300354004
small-sc917,11524,3.315868616104126
small-sc917,11526,3.3529515266418457
small-sc917,11539,3.3995790481567383
small-sc917,11550,3.1758861541748047
small-sc917,11566,3.2358810901641846
small-sc917,11582,3.2634387016296387
small-sc917,11671,3.4217982292175293
small-sc917,11675,3.3376643657684326
small-sc917,11676,3.281294107437134
small-sc917,11691,3.4192864894866943
small-sc917,11694,3.249171018600464
small-sc917,11741,3.302560567855835
small-sc917,11794,3.3216512203216553
small-sc917,11796,3.231107711791992
small-sc917,11818,3.423798084259033
small-sc917,11838,3.2975754737854004
small-sc917,11845,3.221970319747925
small-sc917,11856,3.2301743030548096
small-sc917,11862,3.235896587371826
small-sc917,11868,3.299473285675049
small-sc917,11884,3.3118488788604736
small-sc917,11897,3.2460498809814453
small-sc917,11928,3.2504630088806152
small-sc917,11960,3.19368052482605
small-sc917,11962,3.236845016479492
small-sc917,11997,3.2403836250305176
small-sc917,12039,3.291808843612671
small-sc917,12055,3.2198591232299805
small-sc917,12076,3.2905826568603516
small-sc917,12080,3.3332245349884033
small-sc917,12087,3.2263662815093994
small-sc917,12111,3.253283977508545
small-sc917,12136,3.2272191047668457
small-sc917,12166,3.3200125694274902
small-sc917,12184,3.180967330932617
small-sc917,12210,3.2426273822784424
small-sc917,12221,3.2065725326538086
small-sc917,12224,3.2508745193481445
small-sc917,12230,3.293987274169922
small-sc917,12248,3.2717981338500977
small-sc917,12273,3.287506580352783
small-sc917,12286,3.2335617542266846
small-sc917,12300,3.2149908542633057
small-sc917,12328,3.214323043823242
small-sc917,12340,3.232875347137451
small-sc917,12348,3.3544018268585205
small-sc917,12428,3.3048205375671387
small-sc917,12454,3.137012243270874
small-sc917,12463,3.4414515495300293
small-sc917,12492,3.2617292404174805
small-sc917,12494,3.232926845550537
small-sc917,12507,3.2096550464630127
small-sc917,12508,3.2867517471313477
small-sc917,12543,3.1171975135803223
small-sc917,12569,3.234328269958496
small-sc917,12574,3.1597542762756348
small-sc917,12586,3.2670845985412598
small-sc917,12591,3.287994384765625
small-sc917,12646,3.1074321269989014
small-sc917,12659,3.171400547027588
small-sc917,12661,3.285292387008667
small-sc917,12673,3.2349660396575928
small-sc917,12674,3.303647518157959
small-sc917,12689,3.27968430519104
small-sc917,12733,3.259831428527832
small-sc917,12784,3.3828630447387695
small-sc917,12789,3.205897331237793
small-sc917,12792,3.2777206897735596
small-sc917,12802,3.216385841369629
small-sc917,12827,3.2674365043640137
small-sc917,12831,3.243626594543457
small-sc917,12835,3.2533140182495117
small-sc917,12836,3.2486274242401123
small-sc917,12840,3.1254544258117676
small-sc917,12855,3.1822943687438965
small-sc917,12898,3.1882355213165283
small-sc917,12905,3.2442374229431152
small-sc917,12907,3.26284122467041
small-sc917,12929,3.1819372177124023
small-sc917,12931,3.276569366455078
small-sc917,12945,3.1922478675842285
small-sc917,12951,3.245000123977661
small-sc917,12969,3.1752614974975586
small-sc917,12973,3.194103240966797
small-sc917,12979,3.12626051902771
small-sc917,12987,3.2418692111968994
small-sc917,12992,3.1616930961608887
small-sc917,13013,3.213289499282837
small-sc917,13019,3.197077989578247
small-sc917,13020,3.268012523651123
small-sc917,13036,3.2404072284698486
small-sc917,13049,3.169414520263672
small-sc917,13050,3.3440170288085938
small-sc917,13064,3.0660243034362793
small-sc917,13103,3.2174129486083984
small-sc917,13131,3.1860527992248535
small-sc917,13135,3.2457103729248047
small-sc917,13149,3.1934361457824707
small-sc917,13217,3.2129111289978027
small-sc917,13235,3.235379219055176
small-sc917,13262,3.257009744644165
small-sc917,13288,3.240110397338867
small-sc917,13296,3.268608570098877
small-sc917,13312,3.1166434288024902
small-sc917,13322,3.1527438163757324
small-sc917,13342,3.1442878246307373
small-sc917,13352,3.112694501876831
small-sc917,13361,3.2225234508514404
small-sc917,13362,3.131355047225952
small-sc917,13450,3.129512310028076
small-sc917,13465,3.1335105895996094
small-sc917,13472,3.174755334854126
small-sc917,13473,3.2639193534851074
small-sc917,13501,3.2743794918060303
small-sc917,13520,3.11319637298584
small-sc917,13538,3.219517230987549
small-sc917,13557,3.261510133743286
small-sc917,13581,3.215932846069336
small-sc917,13582,3.149435520172119
small-sc917,13587,3.281580686569214
small-sc917,13599,3.2023367881774902
small-sc917,13611,3.2047317028045654
small-sc917,13612,3.1594748497009277
small-sc917,13622,3.1149442195892334
small-sc917,13648,3.1622440814971924
small-sc917,13664,3.1706976890563965
small-sc917,13674,3.1870431900024414
small-sc917,13696,3.122863292694092
small-sc917,13705,3.151136875152588
small-sc917,13725,3.1582140922546387
small-sc917,13727,3.1880970001220703
small-sc917,13746,3.159017562866211
small-sc917,13780,3.2109744548797607
small-sc917,13802,3.147259473800659
small-sc917,13815,3.0780186653137207
small-sc917,13823,3.069263219833374
small-sc917,13838,3.0611867904663086
small-sc917,13841,3.178114414215088
small-sc917,13851,3.1465110778808594
small-sc917,13871,3.1013951301574707
small-sc917,13895,3.1975250244140625
small-sc917,13902,3.0177228450775146
small-sc917,13912,3.2496109008789062
small-sc917,13920,3.1957030296325684
small-sc917,13921,3.0823898315429688
small-sc917,13978,3.1515231132507324
small-sc917,13999,3.1903438568115234
small-sc917,14025,3.178624391555786
small-sc917,14087,3.1569113731384277
small-sc917,14088,3.1790108680725098
small-sc917,14096,3.1288387775421143
small-sc917,14100,3.176558017730713
small-sc917,14122,3.1783413887023926
small-sc917,14130,3.2021255493164062
small-sc917,14145,3.1573028564453125
small-sc917,14149,3.1584606170654297
small-sc917,14179,3.1755640506744385
small-sc917,14197,3.0024938583374023
small-sc917,14215,3.1769118309020996
small-sc917,14220,3.1892104148864746
small-sc917,14227,3.1398580074310303
small-sc917,14282,3.1194777488708496
small-sc917,14293,3.101266622543335
small-sc917,14296,3.121715545654297
small-sc917,14299,3.1171364784240723
small-sc917,14329,3.1380715370178223
small-sc917,14398,3.047438621520996
small-sc917,14407,3.226167678833008
small-sc917,14408,3.186163902282715
small-sc917,14417,3.1585512161254883
small-sc917,14429,3.091705799102783
small-sc917,14443,3.12874174118042
small-sc917,14446,3.015416145324707
small-sc917,14449,3.1251888275146484
small-sc917,14457,3.13388991355896
small-sc917,14460,3.148066997528076
small-sc917,14468,3.236967086791992
small-sc917,14480,3.100741147994995
small-sc917,14496,3.0853729248046875
small-sc917,14515,3.2065377235412598
small-sc917,14555,3.1290838718414307
small-sc917,14575,3.243839740753174
small-sc917,14582,3.139561653137207
small-sc917,14598,3.1372928619384766
small-sc917,14608,3.1332764625549316
small-sc917,14609,3.177672863006592
small-sc917,14618,3.0926098823547363
small-sc917,14621,3.13491153717041
small-sc917,14631,3.1478281021118164
small-sc917,14642,3.1266002655029297
small-sc917,14658,3.1479830741882324
small-sc917,14666,3.180811882019043
small-sc917,14687,3.1907143592834473
small-sc917,14724,2.9860122203826904
small-sc917,14748,3.0926945209503174
small-sc917,14761,3.1533350944519043
small-sc917,14882,3.142467975616455
small-sc917,14889,3.040471076965332
small-sc917,14891,3.0467689037323
small-sc917,14902,3.1078338623046875
small-sc917,14905,3.1403262615203857
small-sc917,14922,3.180539131164551
small-sc917,14963,3.1468429565429688
small-sc917,14998,3.170656204223633
small-sc917,15037,3.122006416320801
small-sc917,15048,3.119983673095703
small-sc917,15051,3.1034369468688965
small-sc917,15053,3.1463427543640137
small-sc917,15063,3.098937749862671
small-sc917,15076,3.0325756072998047
small-sc917,15165,3.0203022956848145
small-sc917,15190,3.048621654510498
small-sc917,15217,3.123440742492676
small-sc917,15232,3.0942087173461914
small-sc917,15251,2.97664475440979
small-sc917,15255,3.1458005905151367
small-sc917,15285,3.0672168731689453
small-sc917,15292,3.1058478355407715
small-sc917,15300,3.0823140144348145
small-sc917,15302,3.1236071586608887
small-sc917,15303,2.9121243953704834
small-sc917,15313,3.035224437713623
small-sc917,15315,3.113001823425293
small-sc917,15318,3.070530891418457
small-sc917,15323,3.1319146156311035
small-sc917,15328,3.0422780513763428
small-sc917,15351,3.0124077796936035
small-sc917,15365,3.173455238342285
small-sc917,15375,3.1626291275024414
small-sc917,15408,3.1060938835144043
small-sc917,15430,3.0895473957061768
small-sc917,15467,3.0847694873809814
small-sc917,15511,3.0873093605041504
small-sc917,15519,3.1341776847839355
small-sc917,15547,3.099015951156616
small-sc917,15549,3.186121940612793
small-sc917,15608,3.0455808639526367
small-sc917,15612,3.0993716716766357
small-sc917,15613,3.074514389038086
small-sc917,15614,3.1108126640319824
small-sc917,15616,3.0266799926757812
small-sc917,15644,3.050811290740967
small-sc917,15662,3.156825304031372
small-sc917,15683,3.0277905464172363
small-sc917,15722,3.0914645195007324
small-sc917,15743,3.0890164375305176
small-sc917,15772,3.160250425338745
small-sc917,15788,3.1103289127349854
small-sc917,15821,3.051525354385376
small-sc917,15828,3.0577282905578613
small-sc917,15836,3.005310535430908
small-sc917,15878,3.1159238815307617
small-sc917,15887,3.0328667163848877
small-sc917,15924,3.113171100616455
small-sc917,15928,3.095595598220825
small-sc917,15941,3.0962438583374023
small-sc917,15956,3.0518741607666016
small-sc917,15961,3.051316738128662
small-sc917,15978,3.067765951156616
small-sc917,15982,3.056673049926758
small-sc917,15986,3.0704612731933594
small-sc917,16008,3.044278621673584
small-sc917,16013,3.089458703994751
small-sc917,16015,2.9994540214538574
small-sc917,16025,3.13364577293396
small-sc917,16036,3.134423017501831
small-sc917,16044,3.0922646522521973
small-sc917,16051,2.8680834770202637
small-sc917,16056,3.026715040206909
small-sc917,16061,2.9724626541137695
small-sc917,16067,3.05047345161438
small-sc917,16088,2.992098331451416
small-sc917,16101,3.0467112064361572
small-sc917,16105,3.032839775085449
small-sc917,16126,3.0443825721740723
small-sc917,16161,3.032479763031006
small-sc917,16202,3.0163607597351074
small-sc917,16207,3.118520975112915
small-sc917,16209,3.082326650619507
small-sc917,16212,3.0600905418395996
small-sc917,16250,3.0352296829223633
small-sc917,16304,3.0313539505004883
small-sc917,16309,2.987924098968506
small-sc917,16310,3.1354007720947266
small-sc917,16314,2.9292969703674316
small-sc917,16320,3.1002919673919678
small-sc917,16330,3.1260056495666504
small-sc917,16339,3.086857318878174
small-sc917,16342,3.0048813819885254
small-sc917,16368,3.0957818031311035
small-sc917,16369,3.02168607711792
small-sc917,16371,3.025175094604492
small-sc917,16424,3.075432777404785
small-sc917,16445,3.0637547969818115
small-sc917,16449,3.0529367923736572
small-sc917,16497,3.029910087585449
small-sc917,16526,3.017712116241455
small-sc917,16537,3.004335880279541
small-sc917,16559,3.0621886253356934
small-sc917,16569,3.0187344551086426
small-sc917,16573,3.0839576721191406
small-sc917,16612,3.0400171279907227
small-sc917,16620,3.0220437049865723
small-sc917,16711,3.057079315185547
small-sc917,16722,3.01155948638916
small-sc917,16759,2.8930559158325195
small-sc917,16760,3.055396556854248
small-sc917,16778,3.1178901195526123
small-sc917,16781,2.957284450531006
small-sc917,16831,3.074326515197754
small-sc917,16843,3.0140132904052734
small-sc917,16854,3.0118839740753174
small-sc917,16872,3.052377939224243
small-sc917,16882,2.9210779666900635
small-sc917,16890,3.015678882598877
small-sc917,16915,3.0399861335754395
small-sc917,16925,2.9754858016967773
small-sc917,16940,3.093170404434204
small-sc917,16945,2.9900600910186768
small-sc917,16947,2.971041679382324
small-sc917,16960,3.0245304107666016
small-sc917,16980,3.036825656890869
small-sc917,16988,2.9774484634399414
small-sc917,16995,3.0548200607299805
small-sc917,17005,3.0821149349212646
small-sc917,17007,3.0514731407165527
small-sc917,17012,2.981356143951416
small-sc917,17024,3.037808418273926
small-sc917,17102,2.9923994541168213
small-sc917,17104,3.029707193374634
small-sc917,17115,3.038600206375122
small-sc917,17118,2.9834790229797363
small-sc917,17126,3.091190814971924
small-sc917,17164,2.9969491958618164
small-sc917,17207,2.9638819694519043
small-sc917,17213,3.051372528076172
small-sc917,17223,3.013157844543457
small-sc917,17237,2.929532527923584
small-sc917,17288,3.104342222213745
small-sc917,17298,3.053058385848999
small-sc917,17309,3.0322275161743164
small-sc917,17315,2.9979772567749023
small-sc917,17325,2.948044776916504
small-sc917,17334,2.9087841510772705
small-sc917,17370,3.01112699508667
small-sc917,17373,3.0226879119873047
small-sc917,17376,2.985294818878174
small-sc917,17406,2.9039504528045654
small-sc917,17427,2.9525234699249268
small-sc917,17445,2.9795846939086914
small-sc917,17457,2.9957075119018555
small-sc917,17460,2.9634742736816406
small-sc917,17461,2.9664387702941895
small-sc917,17462,2.936758041381836
small-sc917,17464,2.9837467670440674
small-sc917,17508,2.982672691345215
small-sc917,17512,2.9761862754821777
small-sc917,17515,3.0439305305480957
small-sc917,17518,2.962172508239746
small-sc917,17521,2.9597582817077637
small-sc917,17528,2.971149444580078
small-sc917,17542,2.9622533321380615
small-sc917,17550,2.958005428314209
small-sc917,17552,2.9534103870391846
small-sc917,17569,2.9702680110931396
small-sc917,17587,2.97235107421875
small-sc917,17606,3.012014865875244
small-sc917,17621,2.988616943359375
small-sc917,17631,3.043489456176758
small-sc917,17643,2.986616373062134
small-sc917,17650,2.9120049476623535
small-sc917,17652,2.956181526184082
small-sc917,17661,2.9794018268585205
small-sc917,17680,2.9906005859375
small-sc917,17683,2.95058012008667
small-sc917,17709,2.9597339630126953
small-sc917,17711,3.0294430255889893
small-sc917,17741,3.0999910831451416
small-sc917,17767,3.0668654441833496
small-sc917,17782,3.0335001945495605
small-sc917,17808,3.015779972076416
small-sc917,17820,2.977254629135132
small-sc917,17836,3.052222728729248
small-sc917,17859,2.9925503730773926
small-sc917,17865,3.011855125427246
small-sc917,17884,2.9872217178344727
small-sc917,17886,3.0341153144836426
small-sc917,17920,2.9487905502319336
small-sc917,17929,2.9673550128936768
small-sc917,17966,2.952347755432129
small-sc917,18027,2.979428291320801
small-sc917,18033,3.0029971599578857
small-sc917,18039,2.9355993270874023
small-sc917,18092,2.890153408050537
small-sc917,18099,2.944474697113037
small-sc917,18104,2.9097018241882324
small-sc917,18115,2.955916404724121
small-sc917,18118,3.007650852203369
small-sc917,18124,2.922957420349121
small-sc917,18126,3.0054194927215576
small-sc917,18141,3.0750913619995117
small-sc917,18148,3.036194086074829
small-sc917,18152,3.0813677310943604
small-sc917,18168,2.901581287384033
small-sc917,18180,2.9195616245269775
small-sc917,18194,3.0172767639160156
small-sc917,18202,2.9456727504730225
small-sc917,18214,3.0126285552978516
small-sc917,18233,3.0125741958618164
small-sc917,18236,3.0040199756622314
small-sc917,18248,2.958479642868042
small-sc917,18274,2.9020211696624756
small-sc917,18292,3.0164198875427246
small-sc917,18293,2.998073101043701
small-sc917,18294,3.0522449016571045
small-sc917,18307,2.8754401206970215
small-sc917,18333,2.83413028717041
small-sc917,18346,3.1036674976348877
small-sc917,18361,2.9484000205993652
small-sc917,18365,2.9685912132263184
small-sc917,18394,2.9418396949768066
small-sc917,18433,2.9485788345336914
small-sc917,18439,3.040727138519287
small-sc917,18486,2.9874486923217773
small-sc917,18500,2.9949164390563965
small-sc917,18515,2.9379019737243652
small-sc917,18516,2.8957998752593994
small-sc917,18525,2.9370884895324707
small-sc917,18565,3.014064311981201
small-sc917,18583,2.9117774963378906
small-sc917,18644,2.9765524864196777
small-sc917,18654,2.924952983856201
small-sc917,18668,2.976773738861084
small-sc917,18673,2.9736509323120117
small-sc917,18675,3.0064687728881836
small-sc917,18680,2.9834702014923096
small-sc917,18687,2.947438955307007
small-sc917,18784,2.88783597946167
small-sc917,18798,2.939631938934326
small-sc917,18804,2.9230494499206543
small-sc917,18816,2.9169631004333496
small-sc917,18844,2.8842716217041016
small-sc917,18853,2.881119728088379
small-sc917,18870,2.9602012634277344
small-sc917,18906,2.948699474334717
small-sc917,18929,2.9669651985168457
small-sc917,18937,2.9010229110717773
small-sc917,18947,2.9389960765838623
small-sc917,18952,2.846581220626831
small-sc917,18963,2.9856061935424805
small-sc917,19012,2.925877094268799
small-sc917,19030,2.8672680854797363
small-sc917,19037,2.9645118713378906
small-sc917,19048,2.87007999420166
small-sc917,19055,2.912410259246826
small-sc917,19063,2.8298137187957764
small-sc917,19068,2.92063570022583
small-sc917,19102,2.915956735610962
small-sc917,19108,2.939884901046753
small-sc917,19117,2.933210611343384
small-sc917,19120,2.9587254524230957
small-sc917,19145,2.891845703125
small-sc917,19166,2.9042983055114746
small-sc917,19167,2.8641271591186523
small-sc917,19180,3.020803928375244
small-sc917,19182,2.8925650119781494
small-sc917,19242,2.957613229751587
small-sc917,19262,2.8805484771728516
small-sc917,19267,2.8557863235473633
small-sc917,19270,2.92337965965271
small-sc917,19287,2.9382741451263428
small-sc917,19291,2.905521869659424
small-sc917,19298,2.9939498901367188
small-sc917,19304,2.881953239440918
small-sc917,19317,2.8867979049682617
small-sc917,19354,2.9396238327026367
small-sc917,19369,2.9790420532226562
small-sc917,19378,2.928295850753784
small-sc917,19386,2.943596601486206
small-sc917,19392,2.902402400970459
small-sc917,19395,2.900977611541748
small-sc917,19402,2.923327922821045
small-sc917,19409,2.959329605102539
small-sc917,19410,3.000640392303467
small-sc917,19420,2.8943533897399902
small-sc917,19449,2.8937087059020996
small-sc917,19453,2.9707834720611572
small-sc917,19476,3.0098447799682617
small-sc917,19479,2.918578624725342
small-sc917,19502,2.870771646499634
small-sc917,19512,2.834207534790039
small-sc917,19514,2.9330408573150635
small-sc917,19532,2.891740083694458
small-sc917,19535,2.895641803741455
small-sc917,19576,2.873082160949707
small-sc917,19577,2.974365472793579
small-sc917,19584,2.9550342559814453
small-sc917,19596,2.8648056983947754
small-sc917,19597,2.9533610343933105
small-sc917,19604,2.8808257579803467
small-sc917,19620,2.8479766845703125
small-sc917,19621,2.871368408203125
small-sc917,19627,2.9671401977539062
small-sc917,19628,2.854407787322998
small-sc917,19629,2.999825954437256
small-sc917,19633,2.8865346908569336
small-sc917,19655,2.9368882179260254
small-sc917,19685,2.9084975719451904
small-sc917,19686,2.82224178314209
small-sc917,19696,2.8905248641967773
small-sc917,19700,2.9292500019073486
small-sc917,19704,2.8629348278045654
small-sc917,19715,2.789577007293701
small-sc917,19739,2.8338961601257324
small-sc917,19750,2.883714199066162
small-sc917,19762,2.9344725608825684
small-sc917,19768,2.876929521560669
small-sc917,19769,2.924376964569092
small-sc917,19781,2.8331665992736816
small-sc917,19785,2.8285250663757324
small-sc917,19786,2.8945412635803223
small-sc917,19809,2.8978137969970703
small-sc917,19828,2.786022424697876
small-sc917,19845,2.9240119457244873
small-sc917,19860,2.913662910461426
small-sc917,19873,2.892958641052246
small-sc917,19875,2.8438196182250977
small-sc917,19888,2.971374034881592
small-sc917,19893,2.8528246879577637
small-sc917,19897,2.9692695140838623
small-sc917,19913,2.8669729232788086
small-sc917,19970,2.9258370399475098
small-sc917,19990,2.9675259590148926
small-sc917,19992,2.9510998725891113
small-sc917,20066,2.843747138977051
small-sc917,20072,2.8709750175476074
small-sc917,20083,2.8108177185058594
small-sc917,20084,2.8708200454711914
small-sc917,20085,2.8566958904266357
small-sc917,20129,2.894850254058838
small-sc917,20203,2.8833541870117188
small-sc917,20204,2.997156858444214
small-sc917,20214,2.898193120956421
small-sc917,20216,2.93086576461792
small-sc917,20231,2.920487403869629
small-sc917,20277,2.9281296730041504
small-sc917,20278,2.8938403129577637
small-sc917,20308,2.830641269683838
small-sc917,20312,2.956519603729248
small-sc917,20314,2.8466625213623047
small-sc917,20324,2.9184556007385254
small-sc917,20343,2.9720094203948975
small-sc917,20348,2.894921064376831
small-sc917,20353,2.8999838829040527
small-sc917,20354,2.888493061065674
small-sc917,20360,2.9376847743988037
small-sc917,20377,2.7949581146240234
small-sc917,20385,2.88388729095459
small-sc917,20388,2.807952404022217
small-sc917,20402,2.8054158687591553
small-sc917,20406,2.947350025177002
small-sc917,20419,2.8944878578186035
small-sc917,20422,2.97947359085083
small-sc917,20428,2.872673273086548
small-sc917,20450,2.9344964027404785
small-sc917,20511,2.8972976207733154
small-sc917,20527,2.832766532897949
small-sc917,20529,2.945016860961914
small-sc917,20530,2.911715030670166
small-sc917,20544,2.888723850250244
small-sc917,20582,2.868631362915039
small-sc917,20594,2.9131789207458496
small-sc917,20602,2.8923962116241455
small-sc917,20609,2.90185546875
small-sc917,20619,2.8807005882263184
small-sc917,20625,2.869112730026245
small-sc917,20654,2.844381809234619
small-sc917,20685,2.860020637512207
small-sc917,20734,2.9390640258789062
small-sc917,20748,2.7855043411254883
small-sc917,20764,2.8733584880828857
small-sc917,20768,2.773831367492676
small-sc917,20827,2.813378095626831
small-sc917,20874,2.9064762592315674
small-sc917,20895,2.8750510215759277
small-sc917,20901,2.811793804168701
small-sc917,20907,2.931854248046875
small-sc917,20927,2.8710412979125977
small-sc917,20932,2.8253774642944336
small-sc917,20946,2.8846683502197266
small-sc917,20968,2.875988483428955
small-sc917,20973,2.7811264991760254
small-sc917,20987,2.899327516555786
small-sc917,20995,2.8200523853302
small-sc917,21012,2.817808151245117
small-sc917,21014,2.7974231243133545
small-sc917,21057,2.85018253326416
small-sc917,21070,2.856367826461792
small-sc917,21083,2.8879306316375732
small-sc917,21097,2.715362310409546
small-sc917,21103,2.9449546337127686
small-sc917,21122,2.9421188831329346
small-sc917,21131,2.86769962310791
small-sc917,21159,2.9240517616271973
small-sc917,21164,2.873396635055542
small-sc917,21165,2.7902441024780273
small-sc917,21174,2.835613250732422
small-sc917,21194,2.8478732109069824
small-sc917,21201,2.9086499214172363
small-sc917,21209,2.8423995971679688
small-sc917,21224,2.797152519226074
small-sc917,21239,2.9000301361083984
small-sc917,21253,2.843916893005371
small-sc917,21282,2.8462953567504883
small-sc917,21299,2.8509225845336914
small-sc917,21336,2.8059959411621094
small-sc917,21343,2.8979997634887695
small-sc917,21355,2.86549711227417
small-sc917,21389,2.8822412490844727
small-sc917,21419,2.9812629222869873
small-sc917,21464,2.9470596313476562
small-sc917,21476,2.7686500549316406
small-sc917,21478,2.8341078758239746
small-sc917,21486,2.786733627319336
small-sc917,21487,2.888545513153076
small-sc917,21554,2.83709454536438
small-sc917,21574,2.8644959926605225
small-sc917,21588,2.8894686698913574
small-sc917,21614,2.8841776847839355
small-sc917,21647,2.8165283203125
small-sc917,21678,2.909759521484375
small-sc917,21720,2.802534818649292
small-sc917,21727,2.880887031555176
small-sc917,21734,2.847500801086426
small-sc917,21735,2.804595947265625
small-sc917,21744,2.856156826019287
small-sc917,21759,2.934415102005005
small-sc917,21767,2.892402410507202
small-sc917,21768,2.8009731769561768
small-sc917,21770,2.8894879817962646
small-sc917,21776,2.8764584064483643
small-sc917,21810,2.881706714630127
small-sc917,21813,2.802281141281128
small-sc917,21832,2.9155423641204834
small-sc917,21836,2.8448026180267334
small-sc917,21845,2.766664505004883
small-sc917,21867,2.8638973236083984
small-sc917,21875,2.9033026695251465
small-sc917,21913,2.889050245285034
small-sc917,21924,2.7615084648132324
small-sc917,21966,2.8237862586975098
small-sc917,21977,2.8988852500915527
small-sc917,21981,2.7994513511657715
small-sc917,22003,2.829143762588501
small-sc917,22013,2.8592565059661865
small-sc917,22029,2.906466245651245
small-sc917,22035,2.8426942825317383
small-sc917,22052,2.8494410514831543
small-sc917,22061,2.834179162979126
small-sc917,22064,2.8362717628479004
small-sc917,22068,2.774325132369995
small-sc917,22101,2.8668174743652344
small-sc917,22151,2.868919849395752
small-sc917,22157,2.803541660308838
small-sc917,22173,2.8244361877441406
small-sc917,22190,2.9120287895202637
small-sc917,22253,2.898374080657959
small-sc917,22280,2.8521461486816406
small-sc917,22298,2.896393060684204
small-sc917,22305,2.7962191104888916
small-sc917,22310,2.786421060562134
small-sc917,22346,2.900024652481079
small-sc917,22379,2.8357465267181396
small-sc917,22400,2.8779520988464355
small-sc917,22411,2.8057680130004883
small-sc917,22415,2.8611693382263184
small-sc917,22436,2.8527112007141113
small-sc917,22444,2.9368462562561035
small-sc917,22471,2.8207521438598633
small-sc917,22498,2.8747425079345703
small-sc917,22523,2.7971794605255127
small-sc917,22539,2.8764522075653076
small-sc917,22554,2.8355157375335693
small-sc917,22557,2.895725727081299
small-sc917,22578,2.822648525238037
small-sc917,22591,2.8315696716308594
small-sc917,22607,2.763333320617676
small-sc917,22618,2.861889362335205
small-sc917,22625,2.7915775775909424
small-sc917,22655,2.841290235519409
small-sc917,22671,2.8241686820983887
small-sc917,22678,2.7720930576324463
small-sc917,22695,2.839355707168579
small-sc917,22709,2.7937817573547363
small-sc917,22724,2.8581414222717285
small-sc917,22731,2.8908298015594482
small-sc917,22732,2.866446018218994
small-sc917,22748,2.8162131309509277
small-sc917,22775,2.8630332946777344
small-sc917,22786,2.8251380920410156
small-sc917,22795,2.8664164543151855
small-sc917,22802,2.818720817565918
small-sc917,22836,2.7791051864624023
small-sc917,22861,2.8267910480499268
small-sc917,22900,2.8413901329040527
small-sc917,22922,2.7958145141601562
small-sc917,22927,2.8446030616760254
small-sc917,22930,2.755354881286621
small-sc917,22943,2.748596668243408
small-sc917,22975,2.78625750541687
small-sc917,22987,2.7699127197265625
small-sc917,23000,2.8120532035827637
small-sc917,23001,2.839102268218994
small-sc917,23004,2.757305145263672
small-sc917,23038,2.7354202270507812
small-sc917,23066,2.7652106285095215
small-sc917,23074,2.8751535415649414
small-sc917,23101,2.7897233963012695
small-sc917,23116,2.866408109664917
small-sc917,23120,2.8392210006713867
small-sc917,23155,2.7224960327148438
small-sc917,23163,2.7836670875549316
small-sc917,23211,2.7734994888305664
small-sc917,23225,2.7693307399749756
small-sc917,23243,2.811678171157837
small-sc917,23249,2.7787411212921143
small-sc917,23251,2.8993170261383057
small-sc917,23262,2.8555045127868652
small-sc917,23279,2.895531177520752
small-sc917,23309,2.8660831451416016
small-sc917,23317,2.7757554054260254
small-sc917,23323,2.718384265899658
small-sc917,23325,2.81197452545166
small-sc917,23335,2.951676845550537
small-sc917,23341,2.8996012210845947
small-sc917,23343,2.846311092376709
small-sc917,23367,2.80415678024292
small-sc917,23370,2.9071974754333496
small-sc917,23376,2.8201842308044434
small-sc917,23381,2.8290863037109375
small-sc917,23414,2.8238558769226074
small-sc917,23427,2.6732585430145264
small-sc917,23446,2.8959593772888184
small-sc917,23471,2.8209519386291504
small-sc917,23475,2.7769241333007812
small-sc917,23476,2.820157051086426
small-sc917,23512,2.8161978721618652
small-sc917,23525,2.8076932430267334
small-sc917,23534,2.824296474456787
small-sc917,23540,2.9264726638793945
small-sc917,23541,2.8091301918029785
small-sc917,23543,2.7985992431640625
small-sc917,23596,2.817922830581665
small-sc917,23628,2.8589799404144287
small-sc917,23653,2.7561371326446533
small-sc917,23671,2.8853321075439453
small-sc917,23757,2.7617437839508057
small-sc917,23764,2.8472342491149902
small-sc917,23773,2.8240675926208496
small-sc917,23785,2.7856688499450684
small-sc917,23796,2.7407214641571045
small-sc917,23801,2.752582550048828
small-sc917,23815,2.7981512546539307
small-sc917,23819,2.817378044128418
small-sc917,23835,2.7992515563964844
small-sc917,23836,2.789482593536377
small-sc917,23860,2.7668704986572266
small-sc917,23871,2.8841564655303955
small-sc917,23879,2.8147823810577393
small-sc917,23881,2.7018141746520996
small-sc917,23891,2.818087100982666
small-sc917,23920,2.8500380516052246
small-sc917,23934,2.8267860412597656
small-sc917,23936,2.8350446224212646
small-sc917,23943,2.801677703857422
small-sc917,23949,2.8082456588745117
small-sc917,23966,2.777416706085205
small-sc917,23973,2.825894355773926
small-sc917,24004,2.8803486824035645
small-sc917,24009,2.7677667140960693
small-sc917,24015,2.737091541290283
small-sc917,24028,2.802779197692871
small-sc917,24056,2.746079921722412
small-sc917,24080,2.8798165321350098
small-sc917,24115,2.8236947059631348
small-sc917,24124,2.7769312858581543
small-sc917,24173,2.852691650390625
small-sc917,24189,2.8342628479003906
small-sc917,24209,2.8691153526306152
small-sc917,24212,2.817603588104248
small-sc917,24213,2.7890539169311523
small-sc917,24218,2.810497283935547
small-sc917,24225,2.844280242919922
small-sc917,24250,2.736508369445801
small-sc917,24257,2.8200223445892334
small-sc917,24263,2.754866600036621
small-sc917,24302,2.770634412765503
small-sc917,24305,2.867175579071045
small-sc917,24332,2.7542624473571777
small-sc917,24369,2.865793228149414
small-sc917,24389,2.7358553409576416
small-sc917,24409,2.8897705078125
small-sc917,24420,2.8387069702148438
small-sc917,24430,2.8389453887939453
small-sc917,24442,2.754284620285034
small-sc917,24484,2.8552372455596924
small-sc917,24512,2.760437488555908
small-sc917,24525,2.8398075103759766
small-sc917,24534,2.8050432205200195
small-sc917,24543,2.7771685123443604
small-sc917,24569,2.9165756702423096
small-sc917,24583,2.85538387298584
small-sc917,24597,2.815629005432129
small-sc917,24598,2.7820992469787598
small-sc917,24625,2.8048386573791504
small-sc917,24635,2.7138659954071045
small-sc917,24654,2.7789504528045654
small-sc917,24661,2.7120981216430664
small-sc917,24668,2.69057035446167
small-sc917,24711,2.7293286323547363
small-sc917,24721,2.7884464263916016
small-sc917,24745,2.694671869277954
small-sc917,24749,2.7465951442718506
small-sc917,24756,2.718374729156494
small-sc917,24794,2.874790668487549
small-sc917,24831,2.809091091156006
small-sc917,24848,2.7253520488739014
small-sc917,24881,2.8458199501037598
small-sc917,24887,2.781632661819458
small-sc917,24893,2.8699653148651123
small-sc917,24896,2.8679869174957275
small-sc917,24908,2.8220043182373047
small-sc917,24925,2.7246997356414795
small-sc917,24928,2.7332210540771484
small-sc917,24946,2.733107566833496
small-sc917,24947,2.852053165435791
small-sc917,24955,2.8187692165374756
small-sc917,24963,2.8242034912109375
small-sc917,24966,2.6605191230773926
small-sc917,24969,2.7838709354400635
small-sc917,25003,2.7976088523864746
small-sc917,25021,2.8437998294830322
small-sc917,25040,2.7737224102020264
small-sc917,25070,2.867002487182617
small-sc917,25077,2.7547359466552734
small-sc917,25094,2.750530481338501
small-sc917,25132,2.8676862716674805
small-sc917,25159,2.798910140991211
small-sc917,25162,2.810581684112549
small-sc917,25178,2.7490572929382324
small-sc917,25226,2.759432077407837
small-sc917,25234,2.8148510456085205
small-sc917,25250,2.835139036178589
small-sc917,25276,2.654043197631836
small-sc917,25288,2.871824264526367
small-sc917,25296,2.8438234329223633
small-sc917,25302,2.812285900115967
small-sc917,25315,2.731201648712158
small-sc917,25328,2.792086124420166
small-sc917,25353,2.7575244903564453
small-sc917,25359,2.7791388034820557
small-sc917,25369,2.8005809783935547
small-sc917,25375,2.7664520740509033
small-sc917,25386,2.7841947078704834
small-sc917,25393,2.8550126552581787
small-sc917,25401,2.818509101867676
small-sc917,25404,2.7253448963165283
small-sc917,25405,2.756074905395508
small-sc917,25415,2.7645201683044434
small-sc917,25468,2.798811912536621
small-sc917,25476,2.7965619564056396
small-sc917,25483,2.8187568187713623
small-sc917,25508,2.7853264808654785
small-sc917,25555,2.830656051635742
small-sc917,25575,2.823699474334717
small-sc917,25599,2.7318544387817383
small-sc917,25605,2.809779167175293
small-sc917,25608,2.725539207458496
small-sc917,25611,2.842103958129883
small-sc917,25619,2.7536840438842773
small-sc917,25631,2.792382001876831
small-sc917,25705,2.810817241668701
small-sc917,25713,2.7191121578216553
small-sc917,25716,2.8337206840515137
small-sc917,25736,2.6808722019195557
small-sc917,25747,2.8234739303588867
small-sc917,25756,2.7833521366119385
small-sc917,25788,2.820685386657715
small-sc917,25791,2.8216772079467773
small-sc917,25792,2.775991201400757
small-sc917,25793,2.8201019763946533
small-sc917,25824,2.78371000289917
small-sc917,25845,2.781648635864258
small-sc917,25849,2.7333085536956787
small-sc917,25852,2.684464931488037
small-sc917,25860,2.7443251609802246
small-sc917,25895,2.740041494369507
small-sc917,25941,2.7498927116394043
small-sc917,25951,2.8354437351226807
small-sc917,25955,2.8327434062957764
small-sc917,25975,2.799252986907959
small-sc917,26004,2.766918659210205
small-sc917,26008,2.773228406906128
small-sc917,26036,2.6629867553710938
small-sc917,26066,2.713902473449707
small-sc917,26073,2.7618167400360107
small-sc917,26074,2.725019931793213
small-sc917,26084,2.82769775390625
small-sc917,26090,2.8670406341552734
small-sc917,26101,2.8226234912872314
small-sc917,26121,2.66860294342041
small-sc917,26131,2.8309240341186523
small-sc917,26152,2.764331817626953
small-sc917,26181,2.7697129249572754
small-sc917,26182,2.6679294109344482
small-sc917,26185,2.807133436203003
small-sc917,26189,2.8087403774261475
small-sc917,26228,2.740471839904785
small-sc917,26279,2.7772328853607178
small-sc917,26286,2.6568074226379395
small-sc917,26287,2.798670530319214
small-sc917,26304,2.745476007461548
small-sc917,26313,2.766972541809082
small-sc917,26322,2.8006298542022705
small-sc917,26394,2.7780263423919678
small-sc917,26408,2.7007644176483154
small-sc917,26422,2.76790714263916
small-sc917,26433,2.815652370452881
small-sc917,26444,2.787503242492676
small-sc917,26447,2.8956985473632812
small-sc917,26453,2.8284101486206055
small-sc917,26464,2.68076229095459
small-sc917,26474,2.726811408996582
small-sc917,26479,2.7498011589050293
small-sc917,26483,2.7873361110687256
small-sc917,26487,2.83803391456604
small-sc917,26492,2.750713586807251
small-sc917,26502,2.8033671379089355
small-sc917,26524,2.778491973876953
small-sc917,26538,2.707514524459839
small-sc917,26566,2.7829713821411133
small-sc917,26591,2.733893871307373
small-sc917,26624,2.7224884033203125
small-sc917,26625,2.7612814903259277
small-sc917,26644,2.802386522293091
small-sc917,26646,2.7938966751098633
small-sc917,26679,2.7101075649261475
small-sc917,26708,2.824007987976074
small-sc917,26728,2.7969651222229004
small-sc917,26735,2.7593202590942383
small-sc917,26743,2.7859997749328613
small-sc917,26763,2.7691850662231445
small-sc917,26772,2.8538997173309326
small-sc917,26792,2.771700620651245
small-sc917,26793,2.800302505493164
small-sc917,26796,2.8109216690063477
small-sc917,26816,2.7763733863830566
small-sc917,26836,2.7921550273895264
small-sc917,26843,2.738661527633667
small-sc917,26857,2.749173641204834
small-sc917,26858,2.752225637435913
small-sc917,26863,2.785795211791992
small-sc917,26880,2.6992685794830322
small-sc917,26897,2.805541753768921
small-sc917,26979,2.7148871421813965
small-sc917,27031,2.726611375808716
small-sc917,27055,2.779308795928955
small-sc917,27057,2.7981724739074707
small-sc917,27063,2.912294387817383
small-sc917,27068,2.6675474643707275
small-sc917,27070,2.699690580368042
small-sc917,27072,2.8209831714630127
small-sc917,27074,2.7830309867858887
small-sc917,27076,2.778934955596924
small-sc917,27103,2.7343204021453857
small-sc917,27119,2.803950309753418
small-sc917,27129,2.7462754249572754
small-sc917,27134,2.7435173988342285
small-sc917,27138,2.837989568710327
small-sc917,27140,2.738290786743164
small-sc917,27148,2.7400827407836914
small-sc917,27152,2.7008299827575684
small-sc917,27157,2.7807984352111816
small-sc917,27158,2.7860660552978516
small-sc917,27159,2.825613021850586
small-sc917,27166,2.787899971008301
small-sc917,27177,2.748734474182129
small-sc917,27182,2.7271852493286133
small-sc917,27186,2.750706911087036
small-sc917,27192,2.8095569610595703
small-sc917,27202,2.7293922901153564
small-sc917,27207,2.738832473754883
small-sc917,27258,2.8253681659698486
small-sc917,27260,2.747159481048584
small-sc917,27270,2.7557754516601562
small-sc917,27285,2.650261878967285
small-sc917,27322,2.778141975402832
small-sc917,27343,2.738809108734131
small-sc917,27357,2.7830379009246826
small-sc917,27358,2.8631505966186523
small-sc917,27364,2.760469436645508
small-sc917,27369,2.786824941635132
small-sc917,27440,2.7561044692993164
small-sc917,27463,2.7266838550567627
small-sc917,27465,2.7768874168395996
small-sc917,27489,2.6977858543395996
small-sc917,27510,2.735412120819092
small-sc917,27523,2.7796478271484375
small-sc917,27530,2.6935060024261475
small-sc917,27568,2.765343189239502
small-sc917,27587,2.68929123878479
small-sc917,27589,2.75565242767334
small-sc917,27598,2.744281053543091
small-sc917,27610,2.783475160598755
small-sc917,27626,2.7578773498535156
small-sc917,27630,2.7215418815612793
small-sc917,27633,2.6444525718688965
small-sc917,27656,2.7503252029418945
small-sc917,27666,2.821401834487915
small-sc917,27696,2.8201184272766113
small-sc917,27697,2.787109375
small-sc917,27706,2.8020381927490234
small-sc917,27721,2.8260960578918457
small-sc917,27730,2.7832443714141846
small-sc917,27743,2.7998952865600586
small-sc917,27749,2.695279598236084
small-sc917,27769,2.785069227218628
small-sc917,27817,2.8260974884033203
small-sc917,27820,2.745357036590576
small-sc917,27828,2.7740964889526367
small-sc917,27888,2.859943389892578
small-sc917,27947,2.7122268676757812
small-sc917,27968,2.739406108856201
small-sc917,27971,2.794513702392578
small-sc917,27990,2.721356153488159
small-sc917,28002,2.7541534900665283
small-sc917,28039,2.802154302597046
small-sc917,28051,2.7585606575012207
small-sc917,28053,2.748642683029175
small-sc917,28054,2.7698583602905273
small-sc917,28055,2.7770586013793945
small-sc917,28064,2.759937047958374
small-sc917,28073,2.7799434661865234
small-sc917,28084,2.763288736343384
small-sc917,28102,2.801880359649658
small-sc917,28105,2.7381443977355957
small-sc917,28107,2.7303080558776855
small-sc917,28118,2.771791458129883
small-sc917,28121,2.729860782623291
small-sc917,28124,2.7055370807647705
small-sc917,28138,2.7980127334594727
small-sc917,28149,2.6862587928771973
small-sc917,28155,2.669832706451416
small-sc917,28168,2.785682439804077
small-sc917,28170,2.725517511367798
small-sc917,28171,2.713149309158325
small-sc917,28209,2.6936678886413574
small-sc917,28213,2.8189752101898193
small-sc917,28219,2.70102596282959
small-sc917,28223,2.829463481903076
small-sc917,28233,2.788722276687622
small-sc917,28234,2.703791856765747
small-sc917,28245,2.766977310180664
small-sc917,28256,2.8615193367004395
small-sc917,28270,2.7473020553588867
small-sc917,28312,2.793456554412842
small-sc917,28346,2.682685375213623
small-sc917,28349,2.791944742202759
small-sc917,28353,2.730781316757202
small-sc917,28354,2.7480947971343994
small-sc917,28389,2.795274257659912
small-sc917,28399,2.7874679565429688
small-sc917,28403,2.798445224761963
small-sc917,28410,2.804594039916992
small-sc917,28416,2.7422776222229004
small-sc917,28420,2.6916046142578125
small-sc917,28421,2.8366587162017822
small-sc917,28424,2.7635579109191895
small-sc917,28442,2.6923861503601074
small-sc917,28476,2.7995920181274414
small-sc917,28483,2.7556443214416504
small-sc917,28489,2.8390438556671143
small-sc917,28491,2.731268882751465
small-sc917,28493,2.748141050338745
small-sc917,28506,2.7685134410858154
small-sc917,28529,2.754760503768921
small-sc917,28534,2.6757938861846924
small-sc917,28558,2.749785900115967
small-sc917,28564,2.7514467239379883
small-sc917,28580,2.677558660507202
small-sc917,28635,2.7926456928253174
small-sc917,28641,2.6917073726654053
small-sc917,28646,2.724818468093872
small-sc917,28672,2.6805951595306396
small-sc917,28676,2.774728298187256
small-sc917,28687,2.7460618019104004
small-sc917,28709,2.7718467712402344
small-sc917,28716,2.710850715637207
small-sc917,28741,2.783365249633789
small-sc917,28749,2.701828956604004
small-sc917,28750,2.751253604888916
small-sc917,28812,2.6639277935028076
small-sc917,28818,2.7946157455444336
small-sc917,28824,2.8056068420410156
small-sc917,28826,2.6690752506256104
small-sc917,28836,2.8798232078552246
small-sc917,28853,2.7125511169433594
small-sc917,28944,2.76412296295166
small-sc917,28952,2.7079482078552246
small-sc917,28958,2.7815558910369873
small-sc917,28975,2.739269733428955
small-sc917,28988,2.813016653060913
small-sc917,29023,2.757352828979492
small-sc917,29045,2.81691837310791
small-sc917,29058,2.744302272796631
small-sc917,29066,2.7721657752990723
small-sc917,29070,2.6431946754455566
small-sc917,29081,2.727830410003662
small-sc917,29089,2.6517839431762695
small-sc917,29104,2.7627639770507812
small-sc917,29132,2.769590139389038
small-sc917,29146,2.772575855255127
small-sc917,29162,2.7210047245025635
small-sc917,29178,2.8064069747924805
small-sc917,29188,2.732417345046997
small-sc917,29226,2.7140870094299316
small-sc917,29248,2.8183765411376953
small-sc917,29263,2.732715129852295
small-sc917,29276,2.757070302963257
small-sc917,29281,2.6783411502838135
small-sc917,29299,2.698701858520508
small-sc917,29301,2.7978479862213135
small-sc917,29317,2.7067337036132812
small-sc917,29346,2.7438244819641113
small-sc917,29347,2.759443759918213
small-sc917,29368,2.730844020843506
small-sc917,29385,2.8332624435424805
small-sc917,29413,2.6718387603759766
small-sc917,29439,2.8642446994781494
small-sc917,29444,2.7945525646209717
small-sc917,29447,2.7642712593078613
small-sc917,29455,2.709315776824951
small-sc917,29459,2.7845840454101562
small-sc917,29460,2.7624354362487793
small-sc917,29461,2.7175021171569824
small-sc917,29463,2.835756540298462
small-sc917,29473,2.7845468521118164
small-sc917,29480,2.766331434249878
small-sc917,29485,2.718052387237549
small-sc917,29506,2.78530216217041
small-sc917,29509,2.7362568378448486
small-sc917,29542,2.79626202583313
small-sc917,29567,2.7355971336364746
small-sc917,29569,2.753239631652832
small-sc917,29575,2.7922515869140625
small-sc917,29586,2.7824487686157227
small-sc917,29597,2.721261978149414
small-sc917,29598,2.791510581970215
small-sc917,29599,2.760528802871704
small-sc917,29601,2.8055660724639893
small-sc917,29607,2.813931465148926
small-sc917,29640,2.754134178161621
small-sc917,29650,2.7962357997894287
small-sc917,29690,2.7859585285186768
small-sc917,29692,2.7371511459350586
small-sc917,29704,2.727606773376465
small-sc917,29707,2.748380422592163
small-sc917,29711,2.731947422027588
small-sc917,29719,2.76613712310791
small-sc917,29725,2.7238168716430664
small-sc917,29737,2.684980630874634
small-sc917,29745,2.817734718322754
small-sc917,29778,2.8420324325561523
small-sc917,29828,2.7746145725250244
small-sc917,29831,2.617126703262329
small-sc917,29898,2.7993712425231934
small-sc917,29922,2.8019602298736572
small-sc917,29931,2.8238818645477295
small-sc917,29968,2.68776798248291
small-sc917,29980,2.780815839767456
small-sc917,29982,2.673147439956665
small-sc917,30015,2.7541656494140625
small-sc917,30039,2.7523765563964844
small-sc917,30046,2.761974811553955
small-sc917,30062,2.7743077278137207
small-sc917,30074,2.748535633087158
small-sc917,30112,2.6926357746124268
small-sc917,30119,2.7488932609558105
small-sc917,30120,2.6897921562194824
small-sc917,30123,2.7317450046539307
small-sc917,30181,2.813955307006836
small-sc917,30185,2.741696834564209
small-sc917,30215,2.7285079956054688
small-sc917,30216,2.751251220703125
small-sc917,30222,2.8215911388397217
small-sc917,30224,2.740055561065674
small-sc917,30226,2.7544140815734863
small-sc917,30254,2.7703230381011963
small-sc917,30270,2.698495626449585
small-sc917,30284,2.705087661743164
small-sc917,30290,2.867908477783203
small-sc917,30294,2.767509698867798
small-sc917,30299,2.7229862213134766
small-sc917,30310,2.7159852981567383
small-sc917,30315,2.7463343143463135
small-sc917,30325,2.769498348236084
small-sc917,30398,2.809224843978882
small-sc917,30406,2.710171699523926
small-sc917,30420,2.795705795288086
small-sc917,30422,2.7744030952453613
small-sc917,30443,2.6991982460021973
small-sc917,30456,2.8001067638397217
small-sc917,30458,2.778481960296631
small-sc917,30460,2.7889537811279297
small-sc917,30481,2.8261947631835938
small-sc917,30495,2.7340025901794434
small-sc917,30516,2.7400317192077637
small-sc917,30519,2.738101005554199
small-sc917,30537,2.7866077423095703
small-sc917,30584,2.8157763481140137
small-sc917,30598,2.715832233428955
small-sc917,30627,2.7345871925354004
small-sc917,30633,2.7867255210876465
small-sc917,30659,2.806429147720337
small-sc917,30675,2.7306602001190186
small-sc917,30683,2.726547956466675
small-sc917,30747,2.750091075897217
small-sc917,30765,2.7296290397644043
small-sc917,30769,2.7001864910125732
small-sc917,30808,2.6878342628479004
small-sc917,30816,2.8785696029663086
small-sc917,30820,2.717576742172241
small-sc917,30827,2.722555160522461
small-sc917,30830,2.7659974098205566
small-sc917,30844,2.686455249786377
small-sc917,30846,2.736990451812744
small-sc917,30848,2.824805736541748
small-sc917,30864,2.7691431045532227
small-sc917,30868,2.8236746788024902
small-sc917,30890,2.7552690505981445
small-sc917,30924,2.817107677459717
small-sc917,30941,2.6957974433898926
small-sc917,30943,2.7808890342712402
small-sc917,30974,2.7483811378479004
small-sc917,30982,2.9517712593078613
small-sc917,30988,2.7059011459350586
small-sc917,30996,2.7753164768218994
small-sc917,31001,2.7280187606811523
small-sc917,31010,2.716097354888916
small-sc917,31011,2.8044192790985107
small-sc917,31050,2.753862142562866
small-sc917,31056,2.787039279937744
small-sc917,31060,2.7417116165161133
small-sc917,31063,2.764507532119751
small-sc917,31076,2.719860553741455
small-sc917,31083,2.840412139892578
small-sc917,31097,2.8123974800109863
small-sc917,31113,2.7477564811706543
small-sc917,31140,2.6921286582946777
small-sc917,31149,2.7554192543029785
small-sc917,31156,2.7357029914855957
small-sc917,31173,2.7688236236572266
small-sc917,31178,2.675053119659424
small-sc917,31182,2.7683815956115723
small-sc917,31184,2.806168556213379
small-sc917,31193,2.7740249633789062
small-sc917,31194,2.72023344039917
small-sc917,31223,2.7677242755889893
small-sc917,31226,2.6975646018981934
small-sc917,31242,2.7728147506713867
small-sc917,31254,2.7103893756866455
small-sc917,31257,2.691297769546509
small-sc917,31265,2.748507022857666
small-sc917,31266,2.6932601928710938
small-sc917,31274,2.7382407188415527
small-sc917,31291,2.680802345275879
small-sc1941,7,111.40277862548828
small-sc1941,14,111.40569305419922
small-sc1941,33,107.28010559082031
small-sc1941,42,103.93290710449219
small-sc1941,87,88.4286117553711
small-sc1941,90,86.61890411376953
small-sc1941,93,85.97145080566406
small-sc1941,96,85.50772094726562
small-sc1941,101,84.2864990234375
small-sc1941,136,80.42202758789062
small-sc1941,143,78.81283569335938
small-sc1941,150,78.97146606445312
small-sc1941,152,77.9119644165039
small-sc1941,192,71.4614486694336
small-sc1941,195,72.5201644897461
small-sc1941,197,71.96819305419922
small-sc1941,213,69.21749877929688
small-sc1941,238,65.21583557128906
small-sc1941,269,60.110660552978516
small-sc1941,275,59.48845291137695
small-sc1941,276,59.826988220214844
small-sc1941,319,52.847816467285156
small-sc1941,323,51.38641357421875
small-sc1941,372,42.95439910888672
small-sc1941,378,42.34253692626953
small-sc1941,382,41.58513641357422
small-sc1941,405,37.93534469604492
small-sc1941,425,34.59449005126953
small-sc1941,441,32.21820831298828
small-sc1941,444,31.990224838256836
small-sc1941,458,29.79161834716797
small-sc1941,502,24.899621963500977
small-sc1941,506,24.248563766479492
small-sc1941,511,23.36844825744629
small-sc1941,512,23.490915298461914
small-sc1941,519,23.410398483276367
small-sc1941,527,22.640443801879883
small-sc1941,531,21.51490592956543
small-sc1941,535,21.146465301513672
small-sc1941,545,20.47414207458496
small-sc1941,574,17.82065200805664
small-sc1941,584,17.183799743652344
small-sc1941,610,15.5582275390625
small-sc1941,617,14.822778701782227
small-sc1941,622,14.459074020385742
small-sc1941,629,14.378296852111816
small-sc1941,652,13.411632537841797
small-sc1941,672,13.10183334350586
small-sc1941,678,12.530759811401367
small-sc1941,682,12.832406044006348
small-sc1941,686,11.99540901184082
small-sc1941,690,12.219073295593262
small-sc1941,696,12.00105094909668
small-sc1941,698,12.04410171508789
small-sc1941,720,12.328338623046875
small-sc1941,731,21.624713897705078
small-sc1941,735,15.32719898223877
small-sc1941,745,12.766846656799316
small-sc1941,753,12.253164291381836
small-sc1941,764,11.891034126281738
small-sc1941,775,10.806852340698242
small-sc1941,812,9.151914596557617
small-sc1941,841,8.320036888122559
small-sc1941,862,8.08573055267334
small-sc1941,872,7.735298156738281
small-sc1941,897,7.134665012359619
small-sc1941,908,7.747707843780518
small-sc1941,918,6.92688512802124
small-sc1941,929,6.893908500671387
small-sc1941,946,6.843832015991211
small-sc1941,949,6.993214130401611
small-sc1941,981,6.189329624176025
small-sc1941,991,6.398545265197754
small-sc1941,993,6.427335739135742
small-sc1941,1012,6.21217155456543
small-sc1941,1014,5.92734956741333
small-sc1941,1021,6.19352388381958
small-sc1941,1022,5.961151123046875
small-sc1941,1027,5.895207405090332
small-sc1941,1041,6.106117248535156
small-sc1941,1064,5.7937469482421875
small-sc1941,1094,5.5303850173950195
small-sc1941,1128,5.260305404663086
small-sc1941,1132,5.40305233001709
small-sc1941,1134,5.326104164123535
small-sc1941,1158,5.369259834289551
small-sc1941,1161,5.534296035766602
small-sc1941,1176,5.393233776092529
small-sc1941,1215,5.1781535148620605
small-sc1941,1232,5.130230903625488
small-sc1941,1266,5.122981071472168
small-sc1941,1289,4.913498878479004
small-sc1941,1300,4.75358772277832
small-sc1941,1302,4.837982177734375
small-sc1941,1308,4.993007659912109
small-sc1941,1320,5.057331085205078
small-sc1941,1336,4.658224105834961
small-sc1941,1344,4.679070472717285
small-sc1941,1356,4.871211528778076
small-sc1941,1364,4.750446796417236
small-sc1941,1370,4.6345295906066895
small-sc1941,1371,4.812793731689453
small-sc1941,1374,4.547522068023682
small-sc1941,1401,4.54150390625
small-sc1941,1420,4.535969257354736
small-sc1941,1433,5.452239036560059
small-sc1941,1439,4.768289089202881
small-sc1941,1448,4.601747512817383
small-sc1941,1462,4.613003730773926
small-sc1941,1468,4.349297046661377
small-sc1941,1472,4.387150764465332
small-sc1941,1483,4.414934158325195
small-sc1941,1512,4.229561805725098
small-sc1941,1522,4.328982830047607
small-sc1941,1524,4.390102386474609
small-sc1941,1539,4.479076862335205
small-sc1941,1551,4.403546333312988
small-sc1941,1561,4.423281192779541
small-sc1941,1562,4.122323036193848
small-sc1941,1566,4.464965343475342
small-sc1941,1567,4.312353610992432
small-sc1941,1623,4.152719020843506
small-sc1941,1628,4.150324821472168
small-sc1941,1634,4.235409736633301
small-sc1941,1660,4.113396167755127
small-sc1941,1686,4.034153938293457
small-sc1941,1725,3.9599857330322266
small-sc1941,1729,4.096776962280273
small-sc1941,1739,4.006037712097168
small-sc1941,1762,3.8515713214874268
small-sc1941,1765,3.9162368774414062
small-sc1941,1774,4.103105545043945
small-sc1941,1805,4.008828639984131
small-sc1941,1826,3.8039073944091797
small-sc1941,1860,3.808750629425049
small-sc1941,1889,3.853759527206421
small-sc1941,1938,3.8518455028533936
small-sc1941,1939,3.8832201957702637
small-sc1941,1947,3.6789541244506836
small-sc1941,1956,3.5248208045959473
small-sc1941,1965,3.660677909851074
small-sc1941,1972,3.965064764022827
small-sc1941,1976,4.04649543762207
small-sc1941,1978,3.8637638092041016
small-sc1941,2009,3.858121633529663
small-sc1941,2036,3.8067026138305664
small-sc1941,2060,3.7679402828216553
small-sc1941,2078,3.4040098190307617
small-sc1941,2090,3.5482733249664307
small-sc1941,2174,3.694864273071289
small-sc1941,2193,3.656574249267578
small-sc1941,2205,3.3727498054504395
small-sc1941,2206,3.4387385845184326
small-sc1941,2229,3.6562821865081787
small-sc1941,2288,3.4886269569396973
small-sc1941,2293,3.480499267578125
small-sc1941,2311,3.476541042327881
small-sc1941,2378,3.460407257080078
small-sc1941,2389,3.3112690448760986
small-sc1941,2397,3.294452667236328
small-sc1941,2430,3.3170933723449707
small-sc1941,2441,3.316650867462158
small-sc1941,2447,3.248771905899048
small-sc1941,2448,3.4688291549682617
small-sc1941,2464,3.3978824615478516
small-sc1941,2508,3.2515058517456055
small-sc1941,2516,3.2100536823272705
small-sc1941,2541,3.249446153640747
small-sc1941,2548,3.1855051517486572
small-sc1941,2585,3.1157217025756836
small-sc1941,2590,3.1689796447753906
small-sc1941,2600,3.5012779235839844
small-sc1941,2606,3.339811325073242
small-sc1941,2610,3.5642714500427246
small-sc1941,2615,3.3467655181884766
small-sc1941,2630,3.221571445465088
small-sc1941,2650,3.3744702339172363
small-sc1941,2660,3.2144298553466797
small-sc1941,2662,3.356292963027954
small-sc1941,2666,3.346517324447632
small-sc1941,2733,3.143002510070801
small-sc1941,2735,3.1328840255737305
small-sc1941,2738,3.023834466934204
small-sc1941,2740,2.9943227767944336
small-sc1941,2746,3.1766717433929443
small-sc1941,2756,3.023075580596924
small-sc1941,2775,3.1300406455993652
small-sc1941,2781,3.0562381744384766
small-sc1941,2796,2.857229709625244
small-sc1941,2801,3.034588575363159
small-sc1941,2839,3.114720344543457
small-sc1941,2872,3.1044585704803467
small-sc1941,2884,2.9827682971954346
small-sc1941,2887,2.9579434394836426
small-sc1941,2897,3.1063947677612305
small-sc1941,2900,2.8775265216827393
small-sc1941,2903,3.022602081298828
small-sc1941,2910,3.1809000968933105
small-sc1941,2925,3.07525634765625
small-sc1941,2963,3.350334644317627
small-sc1941,2969,3.045361042022705
small-sc1941,2977,3.094513416290283
small-sc1941,2991,3.030738115310669
small-sc1941,2992,3.111877202987671
small-sc1941,2993,3.229062080383301
small-sc1941,3025,3.7742862701416016
small-sc1941,3026,3.767258405685425
small-sc1941,3049,3.911897897720337
small-sc1941,3051,4.1224517822265625
small-sc1941,3061,4.232863426208496
small-sc1941,3103,3.149725914001465
small-sc1941,3112,3.21409273147583
small-sc1941,3135,3.000900983810425
small-sc1941,3159,3.0181360244750977
small-sc1941,3171,3.007505416870117
small-sc1941,3183,2.843568801879883
small-sc1941,3190,3.021899938583374
small-sc1941,3248,2.909268856048584
small-sc1941,3277,2.9153194427490234
small-sc1941,3289,2.811434745788574
small-sc1941,3312,2.8253612518310547
small-sc1941,3316,2.8562660217285156
small-sc1941,3358,2.816506862640381
small-sc1941,3376,2.7823734283447266
small-sc1941,3380,2.753263473510742
small-sc1941,3401,2.8112311363220215
small-sc1941,3402,2.7873170375823975
small-sc1941,3406,2.9191079139709473
small-sc1941,3408,2.773510217666626
small-sc1941,3415,2.8615689277648926
small-sc1941,3416,2.845799684524536
small-sc1941,3433,2.7864890098571777
small-sc1941,3434,2.744966506958008
small-sc1941,3435,2.8828814029693604
small-sc1941,3452,2.7239153385162354
small-sc1941,3456,2.7790122032165527
small-sc1941,3495,2.8517889976501465
small-sc1941,3503,2.7833847999572754
small-sc1941,3527,2.791470527648926
small-sc1941,3539,2.7672667503356934
small-sc1941,3548,2.8332929611206055
small-sc1941,3553,2.810234785079956
small-sc1941,3555,2.7291617393493652
small-sc1941,3563,2.6536402702331543
small-sc1941,3578,2.8005950450897217
small-sc1941,3579,2.6288862228393555
small-sc1941,3587,2.8986682891845703
small-sc1941,3643,2.8168416023254395
small-sc1941,3646,2.7067713737487793
small-sc1941,3661,2.683283805847168
small-sc1941,3677,2.767732620239258
small-sc1941,3684,2.770401954650879
small-sc1941,3707,2.7904694080352783
small-sc1941,3708,3.002021074295044
small-sc1941,3717,2.7918903827667236
small-sc1941,3724,2.7261462211608887
small-sc1941,3737,2.7344167232513428
small-sc1941,3779,2.6221721172332764
small-sc1941,3792,2.6444449424743652
small-sc1941,3794,2.6054458618164062
small-sc1941,3800,2.6523685455322266
small-sc1941,3811,2.748990058898926
small-sc1941,3812,2.691298723220825
small-sc1941,3817,2.9228830337524414
small-sc1941,3854,2.689795732498169
small-sc1941,3878,2.5252175331115723
small-sc1941,3882,2.7548632621765137
small-sc1941,3894,2.7792866230010986
small-sc1941,3897,2.6210765838623047
small-sc1941,3905,2.6987085342407227
small-sc1941,3928,2.8269498348236084
small-sc1941,3930,2.688904285430908
small-sc1941,3954,2.701486587524414
small-sc1941,4012,2.7526068687438965
small-sc1941,4014,2.8071060180664062
small-sc1941,4016,2.6191043853759766
small-sc1941,4024,2.552302360534668
small-sc1941,4049,2.6040143966674805
small-sc1941,4079,2.7658510208129883
small-sc1941,4092,2.6751692295074463
small-sc1941,4098,2.6425631046295166
small-sc1941,4111,2.6413798332214355
small-sc1941,4118,2.7234911918640137
small-sc1941,4125,2.65781831741333
small-sc1941,4149,2.6242222785949707
small-sc1941,4169,2.5803422927856445
small-sc1941,4180,2.5578956604003906
small-sc1941,4205,2.7024898529052734
small-sc1941,4210,2.6338014602661133
small-sc1941,4240,2.457366704940796
small-sc1941,4260,2.730380058288574
small-sc1941,4273,2.674488067626953
small-sc1941,4278,2.7608916759490967
small-sc1941,4280,2.76424503326416
small-sc1941,4284,2.6853041648864746
small-sc1941,4306,5.283169746398926
small-sc1941,4330,4.722868919372559
small-sc1941,4352,11.437182426452637
small-sc1941,4368,117.517333984375
small-sc1941,4386,94.00824737548828
small-sc1941,4394,112.01927185058594
small-sc1941,4454,112.85250854492188
small-sc1941,4493,104.22825622558594
small-sc1941,4499,113.47892761230469
small-sc1941,4543,123.55489349365234
small-sc1941,4580,124.36378479003906
small-sc1941,4593,120.94928741455078
small-sc1941,4601,133.8251190185547
small-sc1941,4605,114.71287536621094
small-sc1941,4631,110.80574035644531
small-sc1941,4634,111.6235122680664
small-sc1941,4640,111.63846588134766
small-sc1941,4645,112.99794006347656
small-sc1941,4650,110.87629699707031
small-sc1941,4654,113.61643981933594
small-sc1941,4678,116.39913940429688
small-sc1941,4683,109.89400482177734
small-sc1941,4703,109.97080993652344
small-sc1941,4741,108.43600463867188
small-sc1941,4747,151.13894653320312
small-sc1941,4759,107.73356628417969
small-sc1941,4763,112.20355987548828
small-sc1941,4771,106.91983795166016
small-sc1941,4797,109.75975036621094
small-sc1941,4821,104.52397155761719
small-sc1941,4822,110.32588195800781
small-sc1941,4850,107.875
small-sc1941,4864,105.65319061279297
small-sc1941,4891,107.57748413085938
small-sc1941,4941,107.51639556884766
small-sc1941,4971,104.78480529785156
small-sc1941,5015,69.67847442626953
small-sc1941,5032,152.5010528564453
small-sc1941,5040,136.101318359375
small-sc1941,5065,45.90282440185547
small-sc1941,5073,97.48727416992188
small-sc1941,5107,79.52690124511719
small-sc1941,5148,44.879112243652344
small-sc1941,5172,34.36970520019531
small-sc1941,5176,37.30165481567383
small-sc1941,5185,32.95935821533203
small-sc1941,5216,28.93357276916504
small-sc1941,5233,21.397186279296875
small-sc1941,5238,20.65842628479004
small-sc1941,5271,14.667060852050781
small-sc1941,5275,15.178536415100098
small-sc1941,5279,15.232110977172852
small-sc1941,5287,14.406317710876465
small-sc1941,5302,16.538429260253906
small-sc1941,5304,15.102229118347168
small-sc1941,5326,23.118938446044922
small-sc1941,5344,17.18282699584961
small-sc1941,5348,15.561016082763672
small-sc1941,5355,15.752950668334961
small-sc1941,5357,14.969669342041016
small-sc1941,5369,14.600669860839844
small-sc1941,5443,13.871587753295898
small-sc1941,5450,12.151802062988281
small-sc1941,5454,13.696727752685547
small-sc1941,5463,13.13904094696045
small-sc1941,5475,19.816280364990234
small-sc1941,5482,15.946155548095703
small-sc1941,5485,14.347311973571777
small-sc1941,5494,14.234288215637207
small-sc1941,5528,11.505046844482422
small-sc1941,5534,11.633660316467285
small-sc1941,5543,11.549087524414062
small-sc1941,5546,11.05717658996582
small-sc1941,5549,11.783577919006348
small-sc1941,5558,10.402976989746094
small-sc1941,5565,10.153304100036621
small-sc1941,5566,10.966397285461426
small-sc1941,5569,10.854915618896484
small-sc1941,5572,12.734012603759766
small-sc1941,5621,10.194554328918457
small-sc1941,5641,9.546815872192383
small-sc1941,5652,9.280343055725098
small-sc1941,5656,10.346014976501465
small-sc1941,5669,10.410772323608398
small-sc1941,5671,9.793004989624023
small-sc1941,5682,9.207019805908203
small-sc1941,5689,9.99977970123291
small-sc1941,5729,8.86726188659668
small-sc1941,5749,8.974872589111328
small-sc1941,5794,8.885879516601562
small-sc1941,5803,9.447440147399902
small-sc1941,5811,9.53557014465332
small-sc1941,5829,9.161332130432129
small-sc1941,5865,8.991714477539062
small-sc1941,5909,8.663825035095215
small-sc1941,5923,8.799726486206055
small-sc1941,5986,8.450374603271484
small-sc1941,5997,8.579106330871582
small-sc1941,6005,8.892217636108398
small-sc1941,6026,8.721528053283691
small-sc1941,6032,8.810606002807617
small-sc1941,6059,8.497952461242676
small-sc1941,6071,8.252138137817383
small-sc1941,6081,8.886249542236328
small-sc1941,6127,9.001252174377441
small-sc1941,6128,8.341521263122559
small-sc1941,6136,9.3722562789917
small-sc1941,6150,8.400423049926758
small-sc1941,6154,8.372111320495605
small-sc1941,6162,8.39334487915039
small-sc1941,6183,8.31352710723877
small-sc1941,6185,8.242599487304688
small-sc1941,6186,8.264859199523926
small-sc1941,6192,8.131567001342773
small-sc1941,6211,8.628196716308594
small-sc1941,6213,8.338664054870605
small-sc1941,6215,8.358948707580566
small-sc1941,6225,9.300863265991211
small-sc1941,6236,8.461122512817383
small-sc1941,6240,7.893936634063721
small-sc1941,6260,8.32937240600586
small-sc1941,6299,8.089006423950195
small-sc1941,6331,8.557662010192871
small-sc1941,6359,8.084102630615234
small-sc1941,6409,8.234704971313477
small-sc1941,6414,8.400708198547363
small-sc1941,6458,8.005990028381348
small-sc1941,6475,7.781208515167236
small-sc1941,6479,8.261974334716797
small-sc1941,6486,7.783590316772461
small-sc1941,6487,7.545423984527588
small-sc1941,6516,7.647183895111084
small-sc1941,6522,8.015106201171875
small-sc1941,6537,7.818617343902588
small-sc1941,6544,7.620474815368652
small-sc1941,6547,7.567601203918457
small-sc1941,6553,7.776339530944824
small-sc1941,6562,7.762389183044434
small-sc1941,6567,7.906720161437988
small-sc1941,6604,7.9026689529418945
small-sc1941,6614,7.511966705322266
small-sc1941,6626,7.671928405761719
small-sc1941,6636,7.068484306335449
small-sc1941,6642,7.174795150756836
small-sc1941,6654,7.301474571228027
small-sc1941,6666,6.775856018066406
small-sc1941,6686,6.765235900878906
small-sc1941,6688,6.78262186050415
small-sc1941,6697,6.344168663024902
small-sc1941,6703,6.370053768157959
small-sc1941,6741,5.979522705078125
small-sc1941,6752,6.586116790771484
small-sc1941,6767,5.985330104827881
small-sc1941,6772,5.979069709777832
small-sc1941,6790,6.053351879119873
small-sc1941,6807,6.113750457763672
small-sc1941,6817,6.207103729248047
small-sc1941,6844,6.261362552642822
small-sc1941,6878,5.963452339172363
small-sc1941,6952,5.755531311035156
small-sc1941,6965,6.250603675842285
small-sc1941,6970,5.906696796417236
small-sc1941,7101,5.413882255554199
small-sc1941,7154,5.085264205932617
small-sc1941,7188,5.244345188140869
small-sc1941,7205,5.013800144195557
small-sc1941,7219,5.244283199310303
small-sc1941,7242,10.253470420837402
small-sc1941,7276,10.884828567504883
small-sc1941,7288,10.786253929138184
small-sc1941,7289,8.95408821105957
small-sc1941,7309,7.3130950927734375
small-sc1941,7310,7.539618492126465
small-sc1941,7321,6.134181976318359
small-sc1941,7339,5.790645599365234
small-sc1941,7366,5.393733024597168
small-sc1941,7405,5.25314474105835
small-sc1941,7408,4.982367515563965
small-sc1941,7416,5.159921646118164
small-sc1941,7461,4.973140239715576
small-sc1941,7473,4.88521146774292
small-sc1941,7482,4.661595344543457
small-sc1941,7500,4.802126407623291
small-sc1941,7519,4.734299182891846
small-sc1941,7535,4.532560348510742
small-sc1941,7561,4.504909992218018
small-sc1941,7574,4.336147308349609
small-sc1941,7602,4.470913887023926
small-sc1941,7604,4.40949821472168
small-sc1941,7606,4.2728118896484375
small-sc1941,7617,4.288568496704102
small-sc1941,7620,4.393880844116211
small-sc1941,7635,4.0838165283203125
small-sc1941,7637,4.147482872009277
small-sc1941,7639,4.350630283355713
small-sc1941,7654,4.245149612426758
small-sc1941,7687,4.397435188293457
small-sc1941,7698,4.093264579772949
small-sc1941,7715,4.226836681365967
small-sc1941,7737,4.0005693435668945
small-sc1941,7778,4.223384857177734
small-sc1941,7781,4.183313369750977
small-sc1941,7793,3.933248996734619
small-sc1941,7795,3.9905827045440674
small-sc1941,7806,3.9659550189971924
small-sc1941,7821,4.036865711212158
small-sc1941,7870,3.972567319869995
small-sc1941,7886,4.049156665802002
small-sc1941,7899,3.92636775970459
small-sc1941,7903,3.933241367340088
small-sc1941,7914,3.8217902183532715
small-sc1941,7933,3.8665108680725098
small-sc1941,7943,3.9557976722717285
small-sc1941,7948,3.8968453407287598
small-sc1941,7956,3.7460670471191406
small-sc1941,7973,3.809567451477051
small-sc1941,8019,3.709333896636963
small-sc1941,8045,3.7400059700012207
small-sc1941,8073,3.8261241912841797
small-sc1941,8075,3.7246768474578857
small-sc1941,8093,3.6114704608917236
small-sc1941,8094,3.59100604057312
small-sc1941,8095,3.6162497997283936
small-sc1941,8117,3.7659833431243896
small-sc1941,8130,3.584132194519043
small-sc1941,8131,3.4938390254974365
small-sc1941,8133,3.546429395675659
small-sc1941,8176,3.5955681800842285
small-sc1941,8186,3.6466469764709473
small-sc1941,8204,3.719752788543701
small-sc1941,8224,3.765450954437256
small-sc1941,8238,3.6489973068237305
small-sc1941,8239,3.712902069091797
small-sc1941,8259,3.4999794960021973
small-sc1941,8275,3.5417466163635254
small-sc1941,8352,3.511930465698242
small-sc1941,8371,3.4314608573913574
small-sc1941,8377,3.4871721267700195
small-sc1941,8381,3.397284507751465
small-sc1941,8449,3.7635498046875
small-sc1941,8465,3.4987940788269043
small-sc1941,8481,3.5449376106262207
small-sc1941,8482,3.641402244567871
small-sc1941,8488,3.5058465003967285
small-sc1941,8492,3.428950309753418
small-sc1941,8508,3.3152570724487305
small-sc1941,8516,3.3243255615234375
small-sc1941,8529,3.3751540184020996
small-sc1941,8533,3.3810698986053467
small-sc1941,8540,3.3268163204193115
small-sc1941,8567,3.2945878505706787
small-sc1941,8573,3.2858424186706543
small-sc1941,8584,3.4169764518737793
small-sc1941,8599,3.260798454284668
small-sc1941,8613,3.248086929321289
small-sc1941,8644,3.300612449645996
small-sc1941,8645,3.206171989440918
small-sc1941,8661,3.2448110580444336
small-sc1941,8662,3.2139735221862793
small-sc1941,8687,3.3190481662750244
small-sc1941,8744,3.0485076904296875
small-sc1941,8753,3.216789484024048
small-sc1941,8755,3.628796100616455
small-sc1941,8776,3.134826183319092
small-sc1941,8779,3.2077178955078125
small-sc1941,8783,3.184079170227051
small-sc1941,8794,3.0660243034362793
small-sc1941,8800,3.0474965572357178
small-sc1941,8823,3.115126371383667
small-sc1941,8841,3.0933728218078613
small-sc1941,8863,3.065105438232422
small-sc1941,8871,3.0942373275756836
small-sc1941,8874,3.036864757537842
small-sc1941,8876,3.162916421890259
small-sc1941,8911,3.048858642578125
small-sc1941,8920,3.0206947326660156
small-sc1941,8925,3.21463680267334
small-sc1941,8945,3.088657855987549
small-sc1941,8947,3.0442867279052734
small-sc1941,8957,3.229464530944824
small-sc1941,8991,3.091991901397705
small-sc1941,8992,3.006446599960327
small-sc1941,9007,2.965463399887085
small-sc1941,9022,3.243955612182617
small-sc1941,9032,3.05131459236145
small-sc1941,9047,3.020925521850586
small-sc1941,9067,2.926717758178711
small-sc1941,9071,2.8892226219177246
small-sc1941,9092,3.0034446716308594
small-sc1941,9120,2.9408183097839355
small-sc1941,9132,3.0026330947875977
small-sc1941,9133,3.0398857593536377
small-sc1941,9144,2.934055805206299
small-sc1941,9146,3.015226364135742
small-sc1941,9157,2.9272141456604004
small-sc1941,9159,2.8750882148742676
small-sc1941,9166,2.985887050628662
small-sc1941,9174,2.950253963470459
small-sc1941,9184,2.8852410316467285
small-sc1941,9200,2.9681966304779053
small-sc1941,9208,3.104635238647461
small-sc1941,9268,2.884596586227417
small-sc1941,9284,2.9473652839660645
small-sc1941,9336,3.2851600646972656
small-sc1941,9344,3.2252085208892822
small-sc1941,9358,3.0647335052490234
small-sc1941,9360,3.1664254665374756
small-sc1941,9375,3.009326696395874
small-sc1941,9429,2.9106674194335938
small-sc1941,9434,2.7872486114501953
small-sc1941,9445,2.9780702590942383
small-sc1941,9449,2.8629441261291504
small-sc1941,9450,2.8285908699035645
small-sc1941,9468,3.050436019897461
small-sc1941,9472,3.006392478942871
small-sc1941,9487,2.840864658355713
small-sc1941,9491,2.872976779937744
small-sc1941,9504,2.8450961112976074
small-sc1941,9574,2.759420394897461
small-sc1941,9584,2.8538401126861572
small-sc1941,9617,2.692866802215576
small-sc1941,9629,2.8237521648406982
small-sc1941,9639,2.723015785217285
small-sc1941,9640,2.685147523880005
small-sc1941,9648,2.8804168701171875
small-sc1941,9659,2.773589849472046
small-sc1941,9672,2.7479138374328613
small-sc1941,9753,2.7132151126861572
small-sc1941,9761,2.701545476913452
small-sc1941,9763,2.6988096237182617
small-sc1941,9776,2.7300329208374023
small-sc1941,9854,2.6592540740966797
small-sc1941,9889,2.861706256866455
small-sc1941,9908,2.722376585006714
small-sc1941,9911,2.687631607055664
small-sc1941,9914,2.6859755516052246
small-sc1941,9917,2.657400369644165
small-sc1941,9920,2.6667749881744385
small-sc1941,9931,2.590095281600952
small-sc1941,9939,2.8321328163146973
small-sc1941,9959,2.65863037109375
small-sc1941,9974,2.6294195652008057
small-sc1941,9986,2.631293296813965
small-sc1941,10028,2.5629124641418457
small-sc1941,10041,2.5706005096435547
small-sc1941,10060,2.5906949043273926
small-sc1941,10068,2.701345205307007
small-sc1941,10090,2.557098865509033
small-sc1941,10100,2.6584255695343018
small-sc1941,10118,2.7092270851135254
small-sc1941,10149,2.6125197410583496
small-sc1941,10158,2.6231870651245117
small-sc1941,10164,2.5633087158203125
small-sc1941,10166,2.584054470062256
small-sc1941,10176,2.6563758850097656
small-sc1941,10177,2.628117799758911
small-sc1941,10182,2.6857876777648926
small-sc1941,10190,2.4623517990112305
small-sc1941,10222,2.543674945831299
small-sc1941,10297,2.557976722717285
small-sc1941,10301,2.636519193649292
small-sc1941,10303,2.52404522895813
small-sc1941,10334,2.569152593612671
small-sc1941,10345,2.638378143310547
small-sc1941,10410,2.4925715923309326
small-sc1941,10435,2.5806474685668945
small-sc1941,10448,2.728496551513672
small-sc1941,10453,2.63297963142395
small-sc1941,10497,2.474001407623291
small-sc1941,10524,2.466458320617676
small-sc1941,10534,2.6121692657470703
small-sc1941,10540,2.5054574012756348
small-sc1941,10549,2.514209747314453
small-sc1941,10569,2.4991321563720703
small-sc1941,10585,2.5388288497924805
small-sc1941,10616,2.733323097229004
small-sc1941,10630,2.5554866790771484
small-sc1941,10657,2.587331533432007
small-sc1941,10699,2.4861226081848145
small-sc1941,10738,2.588473081588745
small-sc1941,10746,2.3750391006469727
small-sc1941,10756,2.5451345443725586
small-sc1941,10770,2.3767735958099365
small-sc1941,10780,2.686724901199341
small-sc1941,10797,2.479705333709717
small-sc1941,10800,2.7080836296081543
small-sc1941,10801,2.620983362197876
small-sc1941,10830,2.5412442684173584
small-sc1941,10918,2.669801950454712
small-sc1941,10921,2.7686004638671875
small-sc1941,10928,2.4639782905578613
small-sc1941,10942,2.585444450378418
small-sc1941,10965,2.628662109375
small-sc1941,10972,2.470719814300537
small-sc1941,10999,2.561600685119629
small-sc1941,11011,2.4419069290161133
small-sc1941,11022,2.554842710494995
small-sc1941,11032,2.480177402496338
small-sc1941,11036,2.556922197341919
small-sc1941,11039,2.4600586891174316
small-sc1941,11041,2.4143967628479004
small-sc1941,11042,2.367957592010498
small-sc1941,11047,2.570779323577881
small-sc1941,11048,2.574176549911499
small-sc1941,11053,2.596297264099121
small-sc1941,11128,2.425551414489746
small-sc1941,11132,2.6212124824523926
small-sc1941,11136,2.5405969619750977
small-sc1941,11144,2.4647903442382812
small-sc1941,11159,2.397413969039917
small-sc1941,11192,2.4586644172668457
small-sc1941,11194,2.4246928691864014
small-sc1941,11200,2.4952025413513184
small-sc1941,11204,2.4169178009033203
small-sc1941,11205,2.54794979095459
small-sc1941,11211,2.4863030910491943
small-sc1941,11214,2.476006031036377
small-sc1941,11224,2.454155921936035
small-sc1941,11244,2.5769309997558594
small-sc1941,11253,2.5554962158203125
small-sc1941,11262,2.36893367767334
small-sc1941,11312,2.3468925952911377
small-sc1941,11353,2.3860974311828613
small-sc1941,11356,2.4079413414001465
small-sc1941,11358,2.78251314163208
small-sc1941,11410,2.4154183864593506
small-sc1941,11426,2.3744986057281494
small-sc1941,11428,2.3940556049346924
small-sc1941,11501,2.3590993881225586
small-sc1941,11524,2.3689985275268555
small-sc1941,11526,2.3810622692108154
small-sc1941,11539,2.4984655380249023
small-sc1941,11550,2.5416719913482666
small-sc1941,11566,2.4390311241149902
small-sc1941,11582,2.462428569793701
small-sc1941,11671,2.449230194091797
small-sc1941,11675,2.413886547088623
small-sc1941,11676,2.31314754486084
small-sc1941,11691,2.450796604156494
small-sc1941,11694,2.360816717147827
small-sc1941,11741,2.3757848739624023
small-sc1941,11794,2.360508918762207
small-sc1941,11796,2.274819850921631
small-sc1941,11818,2.5456652641296387
small-sc1941,11838,2.371084451675415
small-sc1941,11845,2.32743239402771
small-sc1941,11856,2.336920738220215
small-sc1941,11862,2.3099334239959717
small-sc1941,11868,2.3419415950775146
small-sc1941,11884,2.370607376098633
small-sc1941,11897,2.3224704265594482
small-sc1941,11928,2.4411861896514893
small-sc1941,11960,2.2587075233459473
small-sc1941,11962,2.284827709197998
small-sc1941,11997,2.2945308685302734
small-sc1941,12039,2.3593227863311768
small-sc1941,12055,2.3400940895080566
small-sc1941,12076,2.364597797393799
small-sc1941,12080,2.3874006271362305
small-sc1941,12087,2.256312370300293
small-sc1941,12111,2.3112809658050537
small-sc1941,12136,2.273951530456543
small-sc1941,12166,2.393458843231201
small-sc1941,12184,2.2748053073883057
small-sc1941,12210,2.33902907371521
small-sc1941,12221,2.2612452507019043
small-sc1941,12224,2.335191488265991
small-sc1941,12230,2.3531413078308105
small-sc1941,12248,2.3689680099487305
small-sc1941,12273,2.325517177581787
small-sc1941,12286,2.298567771911621
small-sc1941,12300,2.3131279945373535
small-sc1941,12328,2.2665369510650635
small-sc1941,12340,2.273162364959717
small-sc1941,12348,2.3861706256866455
small-sc1941,12428,2.354489326477051
small-sc1941,12454,2.1916494369506836
small-sc1941,12463,2.3855724334716797
small-sc1941,12492,2.3132357597351074
small-sc1941,12494,2.2982869148254395
small-sc1941,12507,2.2751760482788086
small-sc1941,12508,2.3190064430236816
small-sc1941,12543,2.1985840797424316
small-sc1941,12569,2.236245632171631
small-sc1941,12574,2.22602915763855
small-sc1941,12586,2.285728931427002
small-sc1941,12591,2.3279027938842773
small-sc1941,12646,2.218461036682129
small-sc1941,12659,2.2709672451019287
small-sc1941,12661,2.3194937705993652
small-sc1941,12673,2.3529772758483887
small-sc1941,12674,2.3811233043670654
small-sc1941,12689,2.3118574619293213
small-sc1941,12733,2.3054490089416504
small-sc1941,12784,2.339132070541382
small-sc1941,12789,2.226083278656006
small-sc1941,12792,2.2780909538269043
small-sc1941,12802,2.2259867191314697
small-sc1941,12827,2.2677035331726074
small-sc1941,12831,2.2338061332702637
small-sc1941,12835,2.2435669898986816
small-sc1941,12836,2.220956325531006
small-sc1941,12840,2.1512084007263184
small-sc1941,12855,2.336729049682617
small-sc1941,12898,2.267338752746582
small-sc1941,12905,2.248816967010498
small-sc1941,12907,2.2893357276916504
small-sc1941,12929,2.272449493408203
small-sc1941,12931,2.3072609901428223
small-sc1941,12945,2.2265005111694336
small-sc1941,12951,2.2590503692626953
small-sc1941,12969,2.2017874717712402
small-sc1941,12973,2.329049825668335
small-sc1941,12979,2.260864734649658
small-sc1941,12987,2.290254592895508
small-sc1941,12992,2.287309169769287
small-sc1941,13013,2.2841873168945312
small-sc1941,13019,2.249052047729492
small-sc1941,13020,2.296485424041748
small-sc1941,13036,2.279635429382324
small-sc1941,13049,2.285689353942871
small-sc1941,13050,2.384831428527832
small-sc1941,13064,2.149555206298828
small-sc1941,13103,2.3015503883361816
small-sc1941,13131,2.2308120727539062
small-sc1941,13135,2.251161575317383
small-sc1941,13149,2.2879457473754883
small-sc1941,13217,2.221508502960205
small-sc1941,13235,2.2843194007873535
small-sc1941,13262,2.2360849380493164
small-sc1941,13288,2.2976603507995605
small-sc1941,13296,2.3315048217773438
small-sc1941,13312,2.1428675651550293
small-sc1941,13322,2.2369303703308105
small-sc1941,13342,2.160737991333008
small-sc1941,13352,2.1396710872650146
small-sc1941,13361,2.227520227432251
small-sc1941,13362,2.1828866004943848
small-sc1941,13450,2.186113119125366
small-sc1941,13465,2.178987503051758
small-sc1941,13472,2.198702335357666
small-sc1941,13473,2.287874221801758
small-sc1941,13501,2.2558791637420654
small-sc1941,13520,2.1503968238830566
small-sc1941,13538,2.2499914169311523
small-sc1941,13557,2.292109966278076
small-sc1941,13581,2.201338768005371
small-sc1941,13582,2.1898937225341797
small-sc1941,13587,2.256355047225952
small-sc1941,13599,2.203256130218506
small-sc1941,13611,2.2495148181915283
small-sc1941,13612,2.1997814178466797
small-sc1941,13622,2.1690802574157715
small-sc1941,13648,2.2245993614196777
small-sc1941,13664,2.189957857131958
small-sc1941,13674,2.230131149291992
small-sc1941,13696,2.155402183532715
small-sc1941,13705,2.256126880645752
small-sc1941,13725,2.3466567993164062
small-sc1941,13727,2.2696356773376465
small-sc1941,13746,2.1784462928771973
small-sc1941,13780,2.2761237621307373
small-sc1941,13802,2.1987202167510986
small-sc1941,13815,2.213395595550537
small-sc1941,13823,2.1584067344665527
small-sc1941,13838,2.1178503036499023
small-sc1941,13841,2.27030086517334
small-sc1941,13851,2.1741461753845215
small-sc1941,13871,2.164726734161377
small-sc1941,13895,2.201082706451416
small-sc1941,13902,2.1365535259246826
small-sc1941,13912,2.2782649993896484
small-sc1941,13920,2.2231907844543457
small-sc1941,13921,2.1532320976257324
small-sc1941,13978,2.153068780899048
small-sc1941,13999,2.197936534881592
small-sc1941,14025,2.2644882202148438
small-sc1941,14087,2.193530797958374
small-sc1941,14088,2.217207908630371
small-sc1941,14096,2.1783578395843506
small-sc1941,14100,2.2233715057373047
small-sc1941,14122,2.2256667613983154
small-sc1941,14130,2.236877918243408
small-sc1941,14145,2.3606438636779785
small-sc1941,14149,2.2772727012634277
small-sc1941,14179,2.4694056510925293
small-sc1941,14197,2.3878183364868164
small-sc1941,14215,2.266308307647705
small-sc1941,14220,2.265648603439331
small-sc1941,14227,2.1857059001922607
small-sc1941,14282,2.2039241790771484
small-sc1941,14293,2.1695806980133057
small-sc1941,14296,2.205018997192383
small-sc1941,14299,2.173491954803467
small-sc1941,14329,2.1719768047332764
small-sc1941,14398,2.2006139755249023
small-sc1941,14407,2.2542872428894043
small-sc1941,14408,2.216899871826172
small-sc1941,14417,2.19144344329834
small-sc1941,14429,2.151174306869507
small-sc1941,14443,2.1917972564697266
small-sc1941,14446,2.1122207641601562
small-sc1941,14449,2.168551206588745
small-sc1941,14457,2.1631336212158203
small-sc1941,14460,2.1599793434143066
small-sc1941,14468,2.224379539489746
small-sc1941,14480,2.1188879013061523
small-sc1941,14496,2.1215741634368896
small-sc1941,14515,2.1896209716796875
small-sc1941,14555,2.1204092502593994
small-sc1941,14575,2.226163864135742
small-sc1941,14582,2.2383880615234375
small-sc1941,14598,2.302056074142456
small-sc1941,14608,2.1675355434417725
small-sc1941,14609,2.2433595657348633
small-sc1941,14618,2.185746669769287
small-sc1941,14621,2.23309063911438
small-sc1941,14631,2.184678077697754
small-sc1941,14642,2.1620535850524902
small-sc1941,14658,2.162870407104492
small-sc1941,14666,2.198551654815674
small-sc1941,14687,2.155646324157715
small-sc1941,14724,2.2252962589263916
small-sc1941,14748,2.1932249069213867
small-sc1941,14761,2.182018995285034
small-sc1941,14882,2.16463303565979
small-sc1941,14889,2.088949203491211
small-sc1941,14891,2.075263023376465
small-sc1941,14902,2.1301605701446533
small-sc1941,14905,2.1536672115325928
small-sc1941,14922,2.244392156600952
small-sc1941,14963,2.231813430786133
small-sc1941,14998,2.181741952896118
small-sc1941,15037,2.16347599029541
small-sc1941,15048,2.1388139724731445
small-sc1941,15051,2.1542961597442627
small-sc1941,15053,2.243577480316162
small-sc1941,15063,2.102898120880127
small-sc1941,15076,2.140934944152832
small-sc1941,15165,2.053274631500244
small-sc1941,15190,2.1172099113464355
small-sc1941,15217,2.2018182277679443
small-sc1941,15232,2.18796443939209
small-sc1941,15251,2.0315144062042236
small-sc1941,15255,2.1526219844818115
small-sc1941,15285,2.076916217803955
small-sc1941,15292,2.1249544620513916
small-sc1941,15300,2.116825580596924
small-sc1941,15302,2.175471305847168
small-sc1941,15303,1.9744521379470825
small-sc1941,15313,2.0640182495117188
small-sc1941,15315,2.1258506774902344
small-sc1941,15318,2.082885265350342
small-sc1941,15323,2.1413016319274902
small-sc1941,15328,2.074582099914551
small-sc1941,15351,2.0571279525756836
small-sc1941,15365,2.217508316040039
small-sc1941,15375,2.197500705718994
small-sc1941,15408,2.146172285079956
small-sc1941,15430,2.1909255981445312
small-sc1941,15467,2.1672768592834473
small-sc1941,15511,2.1570467948913574
small-sc1941,15519,2.16068172454834
small-sc1941,15547,2.141907215118408
small-sc1941,15549,2.1951112747192383
small-sc1941,15608,2.0868964195251465
small-sc1941,15612,2.1188454627990723
small-sc1941,15613,2.087625741958618
small-sc1941,15614,2.128896474838257
small-sc1941,15616,2.0518300533294678
small-sc1941,15644,2.1021018028259277
small-sc1941,15662,2.1852831840515137
small-sc1941,15683,2.1048178672790527
small-sc1941,15722,2.102989912033081
small-sc1941,15743,2.135753631591797
small-sc1941,15772,2.1737654209136963
small-sc1941,15788,2.1148123741149902
small-sc1941,15821,2.101489782333374
small-sc1941,15828,2.135040760040283
small-sc1941,15836,2.060608148574829
small-sc1941,15878,2.118483781814575
small-sc1941,15887,2.0555543899536133
small-sc1941,15924,2.151301145553589
small-sc1941,15928,2.1535205841064453
small-sc1941,15941,2.1814000606536865
small-sc1941,15956,2.093055248260498
small-sc1941,15961,2.123263359069824
small-sc1941,15978,2.204338550567627
small-sc1941,15982,2.09301495552063
small-sc1941,15986,2.1591567993164062
small-sc1941,16008,2.0775797367095947
small-sc1941,16013,2.10274076461792
small-sc1941,16015,2.038588047027588
small-sc1941,16025,2.1841881275177
small-sc1941,16036,2.143249750137329
small-sc1941,16044,2.126786231994629
small-sc1941,16051,1.9726877212524414
small-sc1941,16056,2.0806825160980225
small-sc1941,16061,2.0739288330078125
small-sc1941,16067,2.095330238342285
small-sc1941,16088,2.0490968227386475
small-sc1941,16101,2.076045513153076
small-sc1941,16105,2.051818609237671
small-sc1941,16126,2.1078133583068848
small-sc1941,16161,2.0644397735595703
small-sc1941,16202,2.0711801052093506
small-sc1941,16207,2.1561734676361084
small-sc1941,16209,2.1277873516082764
small-sc1941,16212,2.103269100189209
small-sc1941,16250,2.0950965881347656
small-sc1941,16304,2.0736169815063477
small-sc1941,16309,2.065509796142578
small-sc1941,16310,2.1760201454162598
small-sc1941,16314,2.0184988975524902
small-sc1941,16320,2.1683506965637207
small-sc1941,16330,2.1652238368988037
small-sc1941,16339,2.146265983581543
small-sc1941,16342,2.0503273010253906
small-sc1941,16368,2.1358394622802734
small-sc1941,16369,2.0888869762420654
small-sc1941,16371,2.122201442718506
small-sc1941,16424,2.0916755199432373
small-sc1941,16445,2.1070871353149414
small-sc1941,16449,2.1312637329101562
small-sc1941,16497,2.102099895477295
small-sc1941,16526,2.07523250579834
small-sc1941,16537,2.0643510818481445
small-sc1941,16559,2.137840509414673
small-sc1941,16569,2.0821008682250977
small-sc1941,16573,2.244581460952759
small-sc1941,16612,2.1508798599243164
small-sc1941,16620,2.098145008087158
small-sc1941,16711,2.238068103790283
small-sc1941,16722,2.200000286102295
small-sc1941,16759,2.8692617416381836
small-sc1941,16760,2.9964518547058105
small-sc1941,16778,64.46387481689453
small-sc1941,16781,12.457332611083984
small-sc1941,16831,81.87579345703125
small-sc1941,16843,33.09815216064453
small-sc1941,16854,28.818706512451172
small-sc1941,16872,19.390796661376953
small-sc1941,16882,42.30376434326172
small-sc1941,16890,25.976247787475586
small-sc1941,16915,8.199729919433594
small-sc1941,16925,6.521463394165039
small-sc1941,16940,6.067307472229004
small-sc1941,16945,10.325785636901855
small-sc1941,16947,12.722373962402344
small-sc1941,16960,13.827775955200195
small-sc1941,16980,28.766849517822266
small-sc1941,16988,11.053304672241211
small-sc1941,16995,10.083412170410156
small-sc1941,17005,8.503559112548828
small-sc1941,17007,8.216275215148926
small-sc1941,17012,7.713037014007568
small-sc1941,17024,6.019780158996582
small-sc1941,17102,2.9501943588256836
small-sc1941,17104,2.9825174808502197
small-sc1941,17115,2.8748879432678223
small-sc1941,17118,2.821920394897461
small-sc1941,17126,2.894118070602417
small-sc1941,17164,2.720269203186035
small-sc1941,17207,2.569934129714966
small-sc1941,17213,2.6634178161621094
small-sc1941,17223,2.5951619148254395
small-sc1941,17237,2.5171494483947754
small-sc1941,17288,2.6608266830444336
small-sc1941,17298,2.582266330718994
small-sc1941,17309,2.587231159210205
small-sc1941,17315,2.5617456436157227
small-sc1941,17325,2.482147216796875
small-sc1941,17334,2.416168212890625
small-sc1941,17370,2.516463279724121
small-sc1941,17373,2.568075180053711
small-sc1941,17376,2.507695198059082
small-sc1941,17406,2.3891472816467285
small-sc1941,17427,2.412041664123535
small-sc1941,17445,2.443652391433716
small-sc1941,17457,2.439188241958618
small-sc1941,17460,2.4041428565979004
small-sc1941,17461,2.409014940261841
small-sc1941,17462,2.3674368858337402
small-sc1941,17464,2.4251954555511475
small-sc1941,17508,2.4028587341308594
small-sc1941,17512,2.4026927947998047
small-sc1941,17515,2.4518420696258545
small-sc1941,17518,2.3505210876464844
small-sc1941,17521,2.355835199356079
small-sc1941,17528,2.39017653465271
small-sc1941,17542,2.3931140899658203
small-sc1941,17550,2.38674259185791
small-sc1941,17552,2.370447874069214
small-sc1941,17569,2.3852005004882812
small-sc1941,17587,2.3906025886535645
small-sc1941,17606,2.3954668045043945
small-sc1941,17621,2.381540060043335
small-sc1941,17631,2.405172348022461
small-sc1941,17643,2.3527345657348633
small-sc1941,17650,2.346173048019409
small-sc1941,17652,2.3595855236053467
small-sc1941,17661,2.3350372314453125
small-sc1941,17680,2.3549485206604004
small-sc1941,17683,2.3059942722320557
small-sc1941,17709,2.342951774597168
small-sc1941,17711,2.3906173706054688
small-sc1941,17741,2.436931610107422
small-sc1941,17767,2.416677474975586
small-sc1941,17782,2.3722472190856934
small-sc1941,17808,2.357412815093994
small-sc1941,17820,2.3094322681427
small-sc1941,17836,2.4406886100769043
small-sc1941,17859,2.329460620880127
small-sc1941,17865,2.33485746383667
small-sc1941,17884,2.3370771408081055
small-sc1941,17886,2.3635573387145996
small-sc1941,17920,2.282214641571045
small-sc1941,17929,2.3446028232574463
small-sc1941,17966,2.273603916168213
small-sc1941,18027,2.294858932495117
small-sc1941,18033,2.315204620361328
small-sc1941,18039,2.2658607959747314
small-sc1941,18092,2.2129595279693604
small-sc1941,18099,2.2826576232910156
small-sc1941,18104,2.27291202545166
small-sc1941,18115,2.284611701965332
small-sc1941,18118,2.3383688926696777
small-sc1941,18124,2.2796759605407715
small-sc1941,18126,2.3801636695861816
small-sc1941,18141,2.3550891876220703
small-sc1941,18148,2.349369525909424
small-sc1941,18152,2.3717517852783203
small-sc1941,18168,2.2181928157806396
small-sc1941,18180,2.266308307647705
small-sc1941,18194,2.344085693359375
small-sc1941,18202,2.2775931358337402
small-sc1941,18214,2.3478925228118896
small-sc1941,18233,2.3465065956115723
small-sc1941,18236,2.3341832160949707
small-sc1941,18248,2.2717690467834473
small-sc1941,18274,2.2489213943481445
small-sc1941,18292,2.3326096534729004
small-sc1941,18293,2.3208281993865967
small-sc1941,18294,2.3521475791931152
small-sc1941,18307,2.218320846557617
small-sc1941,18333,2.180717945098877
small-sc1941,18346,2.4052493572235107
small-sc1941,18361,2.282451629638672
small-sc1941,18365,2.3012094497680664
small-sc1941,18394,2.2686524391174316
small-sc1941,18433,2.2715277671813965
small-sc1941,18439,2.38425874710083
small-sc1941,18486,2.281115770339966
small-sc1941,18500,2.303940534591675
small-sc1941,18515,2.276510238647461
small-sc1941,18516,2.2255959510803223
small-sc1941,18525,2.2306084632873535
small-sc1941,18565,2.297776460647583
small-sc1941,18583,2.219926595687866
small-sc1941,18644,2.2308077812194824
small-sc1941,18654,2.2315962314605713
small-sc1941,18668,2.2670059204101562
small-sc1941,18673,2.2711400985717773
small-sc1941,18675,2.28828763961792
small-sc1941,18680,2.296053171157837
small-sc1941,18687,2.2512025833129883
small-sc1941,18784,2.186160087585449
small-sc1941,18798,2.2390756607055664
small-sc1941,18804,2.2065682411193848
small-sc1941,18816,2.2001328468322754
small-sc1941,18844,2.1687216758728027
small-sc1941,18853,2.177231550216675
small-sc1941,18870,2.2400107383728027
small-sc1941,18906,2.228517532348633
small-sc1941,18929,2.2490930557250977
small-sc1941,18937,2.1930127143859863
small-sc1941,18947,2.2320146560668945
small-sc1941,18952,2.1469714641571045
small-sc1941,18963,2.26869797706604
small-sc1941,19012,2.2113754749298096
small-sc1941,19030,2.1641135215759277
small-sc1941,19037,2.233285427093506
small-sc1941,19048,2.1659584045410156
small-sc1941,19055,2.2076833248138428
small-sc1941,19063,2.1275153160095215
small-sc1941,19068,2.2116150856018066
small-sc1941,19102,2.2470486164093018
small-sc1941,19108,2.24373722076416
small-sc1941,19117,2.228053569793701
small-sc1941,19120,2.256368637084961
small-sc1941,19145,2.1765997409820557
small-sc1941,19166,2.1915392875671387
small-sc1941,19167,2.158566474914551
small-sc1941,19180,2.272878885269165
small-sc1941,19182,2.1821675300598145
small-sc1941,19242,2.2406065464019775
small-sc1941,19262,2.1784043312072754
small-sc1941,19267,2.1310269832611084
small-sc1941,19270,2.2033848762512207
small-sc1941,19287,2.1893253326416016
small-sc1941,19291,2.218938112258911
small-sc1941,19298,2.2833662033081055
small-sc1941,19304,2.1568689346313477
small-sc1941,19317,2.1736929416656494
small-sc1941,19354,2.2416653633117676
small-sc1941,19369,2.261683940887451
small-sc1941,19378,2.1910908222198486
small-sc1941,19386,2.2355215549468994
small-sc1941,19392,2.1951653957366943
small-sc1941,19395,2.1939029693603516
small-sc1941,19402,2.1958417892456055
small-sc1941,19409,2.2369532585144043
small-sc1941,19410,2.2737784385681152
small-sc1941,19420,2.176057815551758
small-sc1941,19449,2.1896486282348633
small-sc1941,19453,2.258448600769043
small-sc1941,19476,2.265861988067627
small-sc1941,19479,2.2051825523376465
small-sc1941,19502,2.1730048656463623
small-sc1941,19512,2.1317315101623535
small-sc1941,19514,2.2482192516326904
small-sc1941,19532,2.193080425262451
small-sc1941,19535,2.1925864219665527
small-sc1941,19576,2.1464338302612305
small-sc1941,19577,2.241624355316162
small-sc1941,19584,2.221184253692627
small-sc1941,19596,2.15946102142334
small-sc1941,19597,2.2227561473846436
small-sc1941,19604,2.155630588531494
small-sc1941,19620,2.1100077629089355
small-sc1941,19621,2.1503372192382812
small-sc1941,19627,2.217958927154541
small-sc1941,19628,2.1300487518310547
small-sc1941,19629,2.252689838409424
small-sc1941,19633,2.1790642738342285
small-sc1941,19655,2.205383777618408
small-sc1941,19685,2.1657488346099854
small-sc1941,19686,2.098391532897949
small-sc1941,19696,2.169933795928955
small-sc1941,19700,2.2103452682495117
small-sc1941,19704,2.1610896587371826
small-sc1941,19715,2.0700414180755615
small-sc1941,19739,2.1348142623901367
small-sc1941,19750,2.171193838119507
small-sc1941,19762,2.2333250045776367
small-sc1941,19768,2.1741857528686523
small-sc1941,19769,2.198829412460327
small-sc1941,19781,2.1515910625457764
small-sc1941,19785,2.145724058151245
small-sc1941,19786,2.185271739959717
small-sc1941,19809,2.1635665893554688
small-sc1941,19828,2.0864696502685547
small-sc1941,19845,2.200955390930176
small-sc1941,19860,2.182159185409546
small-sc1941,19873,2.174156665802002
small-sc1941,19875,2.127842903137207
small-sc1941,19888,2.229224443435669
small-sc1941,19893,2.126316547393799
small-sc1941,19897,2.2163913249969482
small-sc1941,19913,2.1238608360290527
small-sc1941,19970,2.199193000793457
small-sc1941,19990,2.2100491523742676
small-sc1941,19992,2.2017946243286133
small-sc1941,20066,2.1255104541778564
small-sc1941,20072,2.158074140548706
small-sc1941,20083,2.087026596069336
small-sc1941,20084,2.134030342102051
small-sc1941,20085,2.107654333114624
small-sc1941,20129,2.15157413482666
small-sc1941,20203,2.144174575805664
small-sc1941,20204,2.234400987625122
small-sc1941,20214,2.170880079269409
small-sc1941,20216,2.198479413986206
small-sc1941,20231,2.186627149581909
small-sc1941,20277,2.2107887268066406
small-sc1941,20278,2.1571340560913086
small-sc1941,20308,2.1016459465026855
small-sc1941,20312,2.222867012023926
small-sc1941,20314,2.1055986881256104
small-sc1941,20324,2.160367488861084
small-sc1941,20343,2.1799564361572266
small-sc1941,20348,2.1749515533447266
small-sc1941,20353,2.163784980773926
small-sc1941,20354,2.1864192485809326
small-sc1941,20360,2.204793930053711
small-sc1941,20377,2.1144332885742188
small-sc1941,20385,2.184852123260498
small-sc1941,20388,2.0995726585388184
small-sc1941,20402,2.09378981590271
small-sc1941,20406,2.1887736320495605
small-sc1941,20419,2.1551456451416016
small-sc1941,20422,2.2366132736206055
small-sc1941,20428,2.1352107524871826
small-sc1941,20450,2.189208984375
small-sc1941,20511,2.157742500305176
small-sc1941,20527,2.0963244438171387
small-sc1941,20529,2.1810383796691895
small-sc1941,20530,2.1589179039001465
small-sc1941,20544,2.1387174129486084
small-sc1941,20582,2.1378355026245117
small-sc1941,20594,2.1767923831939697
small-sc1941,20602,2.1626694202423096
small-sc1941,20609,2.1517999172210693
small-sc1941,20619,2.131389617919922
small-sc1941,20625,2.139890670776367
small-sc1941,20654,2.1086630821228027
small-sc1941,20685,2.154615879058838
small-sc1941,20734,2.1724328994750977
small-sc1941,20748,2.042323350906372
small-sc1941,20764,2.1424689292907715
small-sc1941,20768,2.0525918006896973
small-sc1941,20827,2.07031512260437
small-sc1941,20874,2.1566269397735596
small-sc1941,20895,2.1563408374786377
small-sc1941,20901,2.0935122966766357
small-sc1941,20907,2.188901662826538
small-sc1941,20927,2.1462976932525635
small-sc1941,20932,2.1156058311462402
small-sc1941,20946,2.1460814476013184
small-sc1941,20968,2.1147513389587402
small-sc1941,20973,2.054378032684326
small-sc1941,20987,2.1531777381896973
small-sc1941,20995,2.0832855701446533
small-sc1941,21012,2.066837787628174
small-sc1941,21014,2.0650062561035156
small-sc1941,21057,2.099482297897339
small-sc1941,21070,2.0939252376556396
small-sc1941,21083,2.14015793800354
small-sc1941,21097,1.9844539165496826
small-sc1941,21103,2.1543726921081543
small-sc1941,21122,2.2952287197113037
small-sc1941,21131,2.1100056171417236
small-sc1941,21159,2.1703243255615234
small-sc1941,21164,2.1009678840637207
small-sc1941,21165,2.045954942703247
small-sc1941,21174,2.0655789375305176
small-sc1941,21194,2.0934484004974365
small-sc1941,21201,2.1428465843200684
small-sc1941,21209,2.077031135559082
small-sc1941,21224,2.0603177547454834
small-sc1941,21239,2.1261329650878906
small-sc1941,21253,2.073917865753174
small-sc1941,21282,2.0983047485351562
small-sc1941,21299,2.099973201751709
small-sc1941,21336,2.0473170280456543
small-sc1941,21343,2.1315717697143555
small-sc1941,21355,2.116482734680176
small-sc1941,21389,2.096794605255127
small-sc1941,21419,2.1977243423461914
small-sc1941,21464,2.1730895042419434
small-sc1941,21476,2.006275177001953
small-sc1941,21478,2.0686933994293213
small-sc1941,21486,2.0197794437408447
small-sc1941,21487,2.1000962257385254
small-sc1941,21554,2.063932418823242
small-sc1941,21574,2.1010193824768066
small-sc1941,21588,2.1159307956695557
small-sc1941,21614,2.1420607566833496
small-sc1941,21647,2.069092273712158
small-sc1941,21678,2.1422276496887207
small-sc1941,21720,2.0502562522888184
small-sc1941,21727,2.112330675125122
small-sc1941,21734,2.081186294555664
small-sc1941,21735,2.0475308895111084
small-sc1941,21744,2.07904052734375
small-sc1941,21759,2.154751777648926
small-sc1941,21767,2.121910333633423
small-sc1941,21768,2.0358734130859375
small-sc1941,21770,2.11696720123291
small-sc1941,21776,2.119335651397705
small-sc1941,21810,2.1297316551208496
small-sc1941,21813,2.047647714614868
small-sc1941,21832,2.138179302215576
small-sc1941,21836,2.0769360065460205
small-sc1941,21845,2.0056023597717285
small-sc1941,21867,2.1015586853027344
small-sc1941,21875,2.1491990089416504
small-sc1941,21913,2.1453328132629395
small-sc1941,21924,2.037810802459717
small-sc1941,21966,2.0721633434295654
small-sc1941,21977,2.114645481109619
small-sc1941,21981,2.0509426593780518
small-sc1941,22003,2.0678701400756836
small-sc1941,22013,2.0928750038146973
small-sc1941,22029,2.1425700187683105
small-sc1941,22035,2.07853364944458
small-sc1941,22052,2.0730433464050293
small-sc1941,22061,2.0604238510131836
small-sc1941,22064,2.0678019523620605
small-sc1941,22068,2.0416464805603027
small-sc1941,22101,2.114889144897461
small-sc1941,22151,2.10483717918396
small-sc1941,22157,2.060812473297119
small-sc1941,22173,2.0692410469055176
small-sc1941,22190,2.137167453765869
small-sc1941,22253,2.1114349365234375
small-sc1941,22280,2.092867374420166
small-sc1941,22298,2.117727518081665
small-sc1941,22305,2.0217013359069824
small-sc1941,22310,2.025907039642334
small-sc1941,22346,2.1167826652526855
small-sc1941,22379,2.057220458984375
small-sc1941,22400,2.098681688308716
small-sc1941,22411,2.0608773231506348
small-sc1941,22415,2.0922939777374268
small-sc1941,22436,2.090104103088379
small-sc1941,22444,2.146763563156128
small-sc1941,22471,2.043619155883789
small-sc1941,22498,2.093599796295166
small-sc1941,22523,2.0218312740325928
small-sc1941,22539,2.0937180519104004
small-sc1941,22554,2.1025142669677734
small-sc1941,22557,2.1296114921569824
small-sc1941,22578,2.0547828674316406
small-sc1941,22591,2.0747618675231934
small-sc1941,22607,1.9922409057617188
small-sc1941,22618,2.0788469314575195
small-sc1941,22625,2.02508282661438
small-sc1941,22655,2.0436348915100098
small-sc1941,22671,2.039504051208496
small-sc1941,22678,1.9927928447723389
small-sc1941,22695,2.069319725036621
small-sc1941,22709,2.0365819931030273
small-sc1941,22724,2.0738563537597656
small-sc1941,22731,2.0890731811523438
small-sc1941,22732,2.074310779571533
small-sc1941,22748,2.039515733718872
small-sc1941,22775,2.0753417015075684
small-sc1941,22786,2.049046516418457
small-sc1941,22795,2.0725483894348145
small-sc1941,22802,2.0311951637268066
small-sc1941,22836,2.0069985389709473
small-sc1941,22861,2.0714921951293945
small-sc1941,22900,2.068413257598877
small-sc1941,22922,2.0250086784362793
small-sc1941,22927,2.065030574798584
small-sc1941,22930,1.9736508131027222
small-sc1941,22943,1.9773192405700684
small-sc1941,22975,2.014183282852173
small-sc1941,22987,1.9886727333068848
small-sc1941,23000,2.0161008834838867
small-sc1941,23001,2.0600109100341797
small-sc1941,23004,1.977139949798584
small-sc1941,23038,1.9731003046035767
small-sc1941,23066,2.0111584663391113
small-sc1941,23074,2.091965436935425
small-sc1941,23101,2.0140798091888428
small-sc1941,23116,2.07066011428833
small-sc1941,23120,2.0675301551818848
small-sc1941,23155,1.9516026973724365
small-sc1941,23163,2.025353193283081
small-sc1941,23211,2.002196788787842
small-sc1941,23225,1.991039514541626
small-sc1941,23243,2.035968542098999
small-sc1941,23249,2.014472484588623
small-sc1941,23251,2.122610569000244
small-sc1941,23262,2.060225248336792
small-sc1941,23279,2.122953414916992
small-sc1941,23309,2.0874412059783936
small-sc1941,23317,1.9913783073425293
small-sc1941,23323,1.9483569860458374
small-sc1941,23325,2.0123114585876465
small-sc1941,23335,2.1387202739715576
small-sc1941,23341,2.0924768447875977
small-sc1941,23343,2.051992416381836
small-sc1941,23367,2.0084095001220703
small-sc1941,23370,2.0984270572662354
small-sc1941,23376,2.033402442932129
small-sc1941,23381,2.048309803009033
small-sc1941,23414,2.0471088886260986
small-sc1941,23427,1.9083906412124634
small-sc1941,23446,2.0882434844970703
small-sc1941,23471,2.033691644668579
small-sc1941,23475,1.9790256023406982
small-sc1941,23476,2.0337302684783936
small-sc1941,23512,2.023698091506958
small-sc1941,23525,2.02606201171875
small-sc1941,23534,2.0328335762023926
small-sc1941,23540,2.1210930347442627
small-sc1941,23541,2.0308027267456055
small-sc1941,23543,2.028146266937256
small-sc1941,23596,2.0373458862304688
small-sc1941,23628,2.064250946044922
small-sc1941,23653,1.9652801752090454
small-sc1941,23671,2.0722596645355225
small-sc1941,23757,1.9726510047912598
small-sc1941,23764,2.044114828109741
small-sc1941,23773,2.027252197265625
small-sc1941,23785,2.004633903503418
small-sc1941,23796,1.9708698987960815
small-sc1941,23801,1.977565050125122
small-sc1941,23815,2.014615058898926
small-sc1941,23819,2.036597967147827
small-sc1941,23835,2.0168280601501465
small-sc1941,23836,2.0001211166381836
small-sc1941,23860,1.975442886352539
small-sc1941,23871,2.086388111114502
small-sc1941,23879,2.0203428268432617
small-sc1941,23881,1.9186828136444092
small-sc1941,23891,2.0316925048828125
small-sc1941,23920,2.050560474395752
small-sc1941,23934,2.0443739891052246
small-sc1941,23936,2.056614398956299
small-sc1941,23943,2.0020899772644043
small-sc1941,23949,2.022639036178589
small-sc1941,23966,1.9825210571289062
small-sc1941,23973,2.0501556396484375
small-sc1941,24004,2.060119152069092
small-sc1941,24009,1.9660202264785767
small-sc1941,24015,1.9643268585205078
small-sc1941,24028,2.0114479064941406
small-sc1941,24056,1.9757484197616577
small-sc1941,24080,2.0723929405212402
small-sc1941,24115,2.0265398025512695
small-sc1941,24124,1.9865745306015015
small-sc1941,24173,2.0344183444976807
small-sc1941,24189,2.033473253250122
small-sc1941,24209,2.0571677684783936
small-sc1941,24212,2.0427980422973633
small-sc1941,24213,2.000337600708008
small-sc1941,24218,2.0166521072387695
small-sc1941,24225,2.036227226257324
small-sc1941,24250,1.9652674198150635
small-sc1941,24257,2.0198965072631836
small-sc1941,24263,1.9549479484558105
small-sc1941,24302,1.9988243579864502
small-sc1941,24305,2.058382034301758
small-sc1941,24332,1.963594913482666
small-sc1941,24369,2.0750255584716797
small-sc1941,24389,1.9643962383270264
small-sc1941,24409,2.081697940826416
small-sc1941,24420,2.051377534866333
small-sc1941,24430,2.0342154502868652
small-sc1941,24442,1.9867967367172241
small-sc1941,24484,2.0504727363586426
small-sc1941,24512,1.9748923778533936
small-sc1941,24525,2.052140235900879
small-sc1941,24534,2.0099120140075684
small-sc1941,24543,1.9896292686462402
small-sc1941,24569,2.1079225540161133
small-sc1941,24583,2.0710082054138184
small-sc1941,24597,2.020275592803955
small-sc1941,24598,1.9915317296981812
small-sc1941,24625,2.005371332168579
small-sc1941,24635,1.9457148313522339
small-sc1941,24654,1.9995946884155273
small-sc1941,24661,1.9691120386123657
small-sc1941,24668,1.9264745712280273
small-sc1941,24711,1.9452409744262695
small-sc1941,24721,2.0058584213256836
small-sc1941,24745,1.9354597330093384
small-sc1941,24749,1.98244047164917
small-sc1941,24756,1.9607746601104736
small-sc1941,24794,2.0678467750549316
small-sc1941,24831,2.0237646102905273
small-sc1941,24848,1.9634959697723389
small-sc1941,24881,2.0680909156799316
small-sc1941,24887,1.991039514541626
small-sc1941,24893,2.0696182250976562
small-sc1941,24896,2.088418960571289
small-sc1941,24908,2.029153823852539
small-sc1941,24925,1.9447405338287354
small-sc1941,24928,1.958335518836975
small-sc1941,24946,1.961724042892456
small-sc1941,24947,2.0655951499938965
small-sc1941,24955,2.031961441040039
small-sc1941,24963,2.0490009784698486
small-sc1941,24966,1.9049713611602783
small-sc1941,24969,2.0123167037963867
small-sc1941,25003,2.019483804702759
small-sc1941,25021,2.046333074569702
small-sc1941,25040,2.0019407272338867
small-sc1941,25070,2.077739715576172
small-sc1941,25077,1.9707081317901611
small-sc1941,25094,1.9638712406158447
small-sc1941,25132,2.0766658782958984
small-sc1941,25159,2.0159523487091064
small-sc1941,25162,2.0324745178222656
small-sc1941,25178,1.9899485111236572
small-sc1941,25226,1.9830868244171143
small-sc1941,25234,2.024167060852051
small-sc1941,25250,2.0427350997924805
small-sc1941,25276,1.8859318494796753
small-sc1941,25288,2.081002712249756
small-sc1941,25296,2.0445730686187744
small-sc1941,25302,2.0382118225097656
small-sc1941,25315,1.9732344150543213
small-sc1941,25328,2.013782501220703
small-sc1941,25353,1.9860069751739502
small-sc1941,25359,2.012653350830078
small-sc1941,25369,2.0109167098999023
small-sc1941,25375,1.9845061302185059
small-sc1941,25386,2.013306140899658
small-sc1941,25393,2.0477824211120605
small-sc1941,25401,2.0308942794799805
small-sc1941,25404,1.9584388732910156
small-sc1941,25405,1.9771857261657715
small-sc1941,25415,1.9866278171539307
small-sc1941,25468,2.0054430961608887
small-sc1941,25476,2.0186023712158203
small-sc1941,25483,2.014007091522217
small-sc1941,25508,2.0083093643188477
small-sc1941,25555,2.0398268699645996
small-sc1941,25575,2.0329110622406006
small-sc1941,25599,1.9548197984695435
small-sc1941,25605,2.02775502204895
small-sc1941,25608,1.948272466659546
small-sc1941,25611,2.062751531600952
small-sc1941,25619,1.979160189628601
small-sc1941,25631,2.0095624923706055
small-sc1941,25705,2.0363826751708984
small-sc1941,25713,1.9471471309661865
small-sc1941,25716,2.057061195373535
small-sc1941,25736,1.9280188083648682
small-sc1941,25747,2.0397114753723145
small-sc1941,25756,2.0121169090270996
small-sc1941,25788,2.0339696407318115
small-sc1941,25791,2.0389113426208496
small-sc1941,25792,2.003016471862793
small-sc1941,25793,2.0452754497528076
small-sc1941,25824,2.0069265365600586
small-sc1941,25845,2.0018420219421387
small-sc1941,25849,1.967958927154541
small-sc1941,25852,1.9223519563674927
small-sc1941,25860,1.9632927179336548
small-sc1941,25895,1.9673545360565186
small-sc1941,25941,1.9722365140914917
small-sc1941,25951,2.061997413635254
small-sc1941,25955,2.0392346382141113
small-sc1941,25975,2.0221080780029297
small-sc1941,26004,2.0034990310668945
small-sc1941,26008,2.0186734199523926
small-sc1941,26036,1.912063479423523
small-sc1941,26066,1.9753272533416748
small-sc1941,26073,1.9922568798065186
small-sc1941,26074,1.963151454925537
small-sc1941,26084,2.059147834777832
small-sc1941,26090,2.0823814868927
small-sc1941,26101,2.0424466133117676
small-sc1941,26121,1.9150054454803467
small-sc1941,26131,2.0571913719177246
small-sc1941,26152,1.9883792400360107
small-sc1941,26181,1.9910281896591187
small-sc1941,26182,1.900858998298645
small-sc1941,26185,2.0142698287963867
small-sc1941,26189,2.0176963806152344
small-sc1941,26228,1.9815932512283325
small-sc1941,26279,1.9900339841842651
small-sc1941,26286,1.9002257585525513
small-sc1941,26287,2.021810531616211
small-sc1941,26304,1.9823216199874878
small-sc1941,26313,1.9947642087936401
small-sc1941,26322,2.0300393104553223
small-sc1941,26394,2.009141445159912
small-sc1941,26408,1.9296799898147583
small-sc1941,26422,1.9905757904052734
small-sc1941,26433,2.02984881401062
small-sc1941,26444,2.012179136276245
small-sc1941,26447,2.101491928100586
small-sc1941,26453,2.0376720428466797
small-sc1941,26464,1.921034336090088
small-sc1941,26474,1.9521915912628174
small-sc1941,26479,1.962090253829956
small-sc1941,26483,2.009124279022217
small-sc1941,26487,2.037898063659668
small-sc1941,26492,1.9715466499328613
small-sc1941,26502,2.0350563526153564
small-sc1941,26524,2.0092544555664062
small-sc1941,26538,1.9400112628936768
small-sc1941,26566,1.995904564857483
small-sc1941,26591,1.9654324054718018
small-sc1941,26624,1.9596235752105713
small-sc1941,26625,1.989162802696228
small-sc1941,26644,2.029369354248047
small-sc1941,26646,2.038839340209961
small-sc1941,26679,1.9336724281311035
small-sc1941,26708,2.0435776710510254
small-sc1941,26728,2.0228466987609863
small-sc1941,26735,1.9791889190673828
small-sc1941,26743,1.9998911619186401
small-sc1941,26763,1.9942878484725952
small-sc1941,26772,2.0550179481506348
small-sc1941,26792,1.9899070262908936
small-sc1941,26793,2.019261360168457
small-sc1941,26796,2.0352437496185303
small-sc1941,26816,2.001631736755371
small-sc1941,26836,2.018078327178955
small-sc1941,26843,1.9722187519073486
small-sc1941,26857,1.9717570543289185
small-sc1941,26858,1.9875357151031494
small-sc1941,26863,2.0165226459503174
small-sc1941,26880,1.9425479173660278
small-sc1941,26897,2.013432264328003
small-sc1941,26979,1.9334739446640015
small-sc1941,27031,1.957966923713684
small-sc1941,27055,2.0086750984191895
small-sc1941,27057,2.021023750305176
small-sc1941,27063,2.1308646202087402
small-sc1941,27068,1.9158979654312134
small-sc1941,27070,1.9376962184906006
small-sc1941,27072,2.033846855163574
small-sc1941,27074,2.0079174041748047
small-sc1941,27076,1.9929202795028687
small-sc1941,27103,1.9601401090621948
small-sc1941,27119,2.024637222290039
small-sc1941,27129,1.9604275226593018
small-sc1941,27134,1.9711347818374634
small-sc1941,27138,2.042079448699951
small-sc1941,27140,1.9542865753173828
small-sc1941,27148,1.9685379266738892
small-sc1941,27152,1.9496031999588013
small-sc1941,27157,1.9966015815734863
small-sc1941,27158,2.0089142322540283
small-sc1941,27159,2.029233694076538
small-sc1941,27166,2.0068869590759277
small-sc1941,27177,1.9706201553344727
small-sc1941,27182,1.952379822731018
small-sc1941,27186,1.9643495082855225
small-sc1941,27192,2.0122382640838623
small-sc1941,27202,1.9582726955413818
small-sc1941,27207,1.967733383178711
small-sc1941,27258,2.0452136993408203
small-sc1941,27260,1.9684747457504272
small-sc1941,27270,1.9778590202331543
small-sc1941,27285,1.892601490020752
small-sc1941,27322,1.994873046875
small-sc1941,27343,1.9665143489837646
small-sc1941,27357,2.001657247543335
small-sc1941,27358,2.0668845176696777
small-sc1941,27364,1.986926555633545
small-sc1941,27369,1.9893739223480225
small-sc1941,27440,1.9768314361572266
small-sc1941,27463,1.9460904598236084
small-sc1941,27465,1.9874695539474487
small-sc1941,27489,1.9408903121948242
small-sc1941,27510,1.9628103971481323
small-sc1941,27523,2.0001325607299805
small-sc1941,27530,1.917107105255127
small-sc1941,27568,1.9772024154663086
small-sc1941,27587,1.921397089958191
small-sc1941,27589,1.9817816019058228
small-sc1941,27598,1.965766429901123
small-sc1941,27610,2.00852108001709
small-sc1941,27626,1.9850809574127197
small-sc1941,27630,1.9723408222198486
small-sc1941,27633,1.898789644241333
small-sc1941,27656,1.982637882232666
small-sc1941,27666,2.03647780418396
small-sc1941,27696,2.046147346496582
small-sc1941,27697,2.0140879154205322
small-sc1941,27706,2.019319534301758
small-sc1941,27721,2.0563747882843018
small-sc1941,27730,1.9968161582946777
small-sc1941,27743,2.012831926345825
small-sc1941,27749,1.916987419128418
small-sc1941,27769,1.9987257719039917
small-sc1941,27817,2.04516863822937
small-sc1941,27820,1.968462586402893
small-sc1941,27828,1.9938888549804688
small-sc1941,27888,2.0575613975524902
small-sc1941,27947,1.9394094944000244
small-sc1941,27968,1.9624894857406616
small-sc1941,27971,2.0103957653045654
small-sc1941,27990,1.9466140270233154
small-sc1941,28002,1.9742240905761719
small-sc1941,28039,2.0214457511901855
small-sc1941,28051,1.9820019006729126
small-sc1941,28053,1.9743578433990479
small-sc1941,28054,1.9785759449005127
small-sc1941,28055,1.9971978664398193
small-sc1941,28064,1.993845820426941
small-sc1941,28073,1.9902019500732422
small-sc1941,28084,1.9763047695159912
small-sc1941,28102,2.013272762298584
small-sc1941,28105,1.9540687799453735
small-sc1941,28107,1.964838981628418
small-sc1941,28118,1.9809869527816772
small-sc1941,28121,1.9520989656448364
small-sc1941,28124,1.9336018562316895
small-sc1941,28138,2.0119922161102295
small-sc1941,28149,1.9151418209075928
small-sc1941,28155,1.8872181177139282
small-sc1941,28168,2.0035457611083984
small-sc1941,28170,1.959434986114502
small-sc1941,28171,1.951889991760254
small-sc1941,28209,1.9303253889083862
small-sc1941,28213,2.0165719985961914
small-sc1941,28219,1.9372334480285645
small-sc1941,28223,2.0400702953338623
small-sc1941,28233,2.0023934841156006
small-sc1941,28234,1.9307315349578857
small-sc1941,28245,1.9789611101150513
small-sc1941,28256,2.078734874725342
small-sc1941,28270,1.9713819026947021
small-sc1941,28312,2.012619972229004
small-sc1941,28346,1.902233600616455
small-sc1941,28349,1.9992458820343018
small-sc1941,28353,1.960739254951477
small-sc1941,28354,1.9722938537597656
small-sc1941,28389,2.008969783782959
small-sc1941,28399,2.0059313774108887
small-sc1941,28403,2.018838882446289
small-sc1941,28410,2.0164597034454346
small-sc1941,28416,1.9652727842330933
small-sc1941,28420,1.9198663234710693
small-sc1941,28421,2.0513858795166016
small-sc1941,28424,1.9942708015441895
small-sc1941,28442,1.9305179119110107
small-sc1941,28476,2.0073468685150146
small-sc1941,28483,1.9739973545074463
small-sc1941,28489,2.0358095169067383
small-sc1941,28491,1.9471888542175293
small-sc1941,28493,1.9749245643615723
small-sc1941,28506,1.991668462753296
small-sc1941,28529,1.9848136901855469
small-sc1941,28534,1.9111121892929077
small-sc1941,28558,1.964393973350525
small-sc1941,28564,1.9663581848144531
small-sc1941,28580,1.9046322107315063
small-sc1941,28635,2.0270328521728516
small-sc1941,28641,1.9530493021011353
small-sc1941,28646,1.9578838348388672
small-sc1941,28672,1.9192451238632202
small-sc1941,28676,1.9937167167663574
small-sc1941,28687,1.9697847366333008
small-sc1941,28709,1.9963223934173584
small-sc1941,28716,1.934651494026184
small-sc1941,28741,1.9946881532669067
small-sc1941,28749,1.9279437065124512
small-sc1941,28750,1.971165657043457
small-sc1941,28812,1.9025887250900269
small-sc1941,28818,2.009521961212158
small-sc1941,28824,2.025883674621582
small-sc1941,28826,1.8961961269378662
small-sc1941,28836,2.0777437686920166
small-sc1941,28853,1.9361294507980347
small-sc1941,28944,1.9769601821899414
small-sc1941,28952,1.936776876449585
small-sc1941,28958,1.9960569143295288
small-sc1941,28975,1.9648725986480713
small-sc1941,28988,2.0335819721221924
small-sc1941,29023,1.972028136253357
small-sc1941,29045,2.0317673683166504
small-sc1941,29058,1.9619810581207275
small-sc1941,29066,1.9927875995635986
small-sc1941,29070,1.8867096900939941
small-sc1941,29081,1.9480937719345093
small-sc1941,29089,1.8884739875793457
small-sc1941,29104,1.9853827953338623
small-sc1941,29132,1.9859204292297363
small-sc1941,29146,1.9872162342071533
small-sc1941,29162,1.935281753540039
small-sc1941,29178,2.010103464126587
small-sc1941,29188,1.944494366645813
small-sc1941,29226,1.9469430446624756
small-sc1941,29248,2.0283613204956055
small-sc1941,29263,1.9587308168411255
small-sc1941,29276,1.9661115407943726
small-sc1941,29281,1.9006013870239258
small-sc1941,29299,1.927450180053711
small-sc1941,29301,2.0073294639587402
small-sc1941,29317,1.9265152215957642
small-sc1941,29346,1.956693172454834
small-sc1941,29347,1.9738597869873047
small-sc1941,29368,1.946915626525879
small-sc1941,29385,2.030724048614502
small-sc1941,29413,1.8966724872589111
small-sc1941,29439,2.07922101020813
small-sc1941,29444,1.9990586042404175
small-sc1941,29447,1.976186990737915
small-sc1941,29455,1.9281375408172607
small-sc1941,29459,2.0028676986694336
small-sc1941,29460,1.986127257347107
small-sc1941,29461,1.933924674987793
small-sc1941,29463,2.0309524536132812
small-sc1941,29473,1.9908007383346558
small-sc1941,29480,1.9781699180603027
small-sc1941,29485,1.9533710479736328
small-sc1941,29506,2.006457805633545
small-sc1941,29509,1.9671826362609863
small-sc1941,29542,2.0132522583007812
small-sc1941,29567,1.9577858448028564
small-sc1941,29569,1.970191478729248
small-sc1941,29575,1.9985244274139404
small-sc1941,29586,1.9891533851623535
small-sc1941,29597,1.9374539852142334
small-sc1941,29598,1.9972360134124756
small-sc1941,29599,1.980204463005066
small-sc1941,29601,2.014399290084839
small-sc1941,29607,2.016812324523926
small-sc1941,29640,1.9756747484207153
small-sc1941,29650,2.013460636138916
small-sc1941,29690,1.9873831272125244
small-sc1941,29692,1.959920048713684
small-sc1941,29704,1.9488818645477295
small-sc1941,29707,1.9689528942108154
small-sc1941,29711,1.9500000476837158
small-sc1941,29719,1.9880365133285522
small-sc1941,29725,1.9385697841644287
small-sc1941,29737,1.9216890335083008
small-sc1941,29745,2.024768590927124
small-sc1941,29778,2.029608726501465
small-sc1941,29828,1.9958267211914062
small-sc1941,29831,1.8637869358062744
small-sc1941,29898,2.005791187286377
small-sc1941,29922,2.0068392753601074
small-sc1941,29931,2.0187697410583496
small-sc1941,29968,1.911435604095459
small-sc1941,29980,1.9895179271697998
small-sc1941,29982,1.8921583890914917
small-sc1941,30015,1.9697530269622803
small-sc1941,30039,1.9703361988067627
small-sc1941,30046,1.970609188079834
small-sc1941,30062,1.985829472541809
small-sc1941,30074,1.971760630607605
small-sc1941,30112,1.9227123260498047
small-sc1941,30119,1.9657161235809326
small-sc1941,30120,1.9099010229110718
small-sc1941,30123,1.9524191617965698
small-sc1941,30181,2.0113773345947266
small-sc1941,30185,1.9564788341522217
small-sc1941,30215,1.9401593208312988
small-sc1941,30216,1.9633455276489258
small-sc1941,30222,2.0254688262939453
small-sc1941,30224,1.9671046733856201
small-sc1941,30226,1.973755121231079
small-sc1941,30254,1.974684238433838
small-sc1941,30270,1.9169050455093384
small-sc1941,30284,1.93146550655365
small-sc1941,30290,2.060643434524536
small-sc1941,30294,1.9779274463653564
small-sc1941,30299,1.9417973756790161
small-sc1941,30310,1.935271143913269
small-sc1941,30315,1.959265112876892
small-sc1941,30325,1.9766297340393066
small-sc1941,30398,2.0092854499816895
small-sc1941,30406,1.9500999450683594
small-sc1941,30420,1.9988384246826172
small-sc1941,30422,1.9671015739440918
small-sc1941,30443,1.9213920831680298
small-sc1941,30456,1.991215467453003
small-sc1941,30458,1.9787025451660156
small-sc1941,30460,2.0014376640319824
small-sc1941,30481,2.0259876251220703
small-sc1941,30495,1.948716640472412
small-sc1941,30516,1.9547910690307617
small-sc1941,30519,1.954479455947876
small-sc1941,30537,1.9906412363052368
small-sc1941,30584,2.018000602722168
small-sc1941,30598,1.9164259433746338
small-sc1941,30627,1.945587396621704
small-sc1941,30633,1.998096227645874
small-sc1941,30659,2.0149316787719727
small-sc1941,30675,1.9529845714569092
small-sc1941,30683,1.9500430822372437
small-sc1941,30747,1.9595654010772705
small-sc1941,30765,1.9403101205825806
small-sc1941,30769,1.9090477228164673
small-sc1941,30808,1.8985249996185303
small-sc1941,30816,2.061671495437622
small-sc1941,30820,1.9439618587493896
small-sc1941,30827,1.9365267753601074
small-sc1941,30830,1.9668166637420654
small-sc1941,30844,1.9061118364334106
small-sc1941,30846,1.9435032606124878
small-sc1941,30848,2.0123815536499023
small-sc1941,30864,1.9733933210372925
small-sc1941,30868,2.0241451263427734
small-sc1941,30890,1.966252326965332
small-sc1941,30924,2.0122601985931396
small-sc1941,30941,1.9081449508666992
small-sc1941,30943,1.9859387874603271
small-sc1941,30974,1.9527331590652466
small-sc1941,30982,2.1351935863494873
small-sc1941,30988,1.9262373447418213
small-sc1941,30996,1.9815025329589844
small-sc1941,31001,1.9554497003555298
small-sc1941,31010,1.9354428052902222
small-sc1941,31011,1.9949069023132324
small-sc1941,31050,1.9663276672363281
small-sc1941,31056,1.9960161447525024
small-sc1941,31060,1.946240782737732
small-sc1941,31063,1.9663209915161133
small-sc1941,31076,1.9380918741226196
small-sc1941,31083,2.0311226844787598
small-sc1941,31097,2.02067232131958
small-sc1941,31113,1.9562921524047852
small-sc1941,31140,1.9147604703903198
small-sc1941,31149,1.9618418216705322
small-sc1941,31156,1.9379489421844482
small-sc1941,31173,1.9741281270980835
small-sc1941,31178,1.8923664093017578
small-sc1941,31182,1.981194257736206
small-sc1941,31184,2.0034666061401367
small-sc1941,31193,1.9696941375732422
small-sc1941,31194,1.9447972774505615
small-sc1941,31223,1.9671989679336548
small-sc1941,31226,1.9139654636383057
small-sc1941,31242,1.983040690422058
small-sc1941,31254,1.924241065979004
small-sc1941,31257,1.9099925756454468
small-sc1941,31265,1.9662423133850098
small-sc1941,31266,1.9079234600067139
small-sc1941,31274,1.9497214555740356
small-sc1941,31291,1.9142262935638428
medium-sc917,7,111.51911926269531
medium-sc917,14,111.67012023925781
medium-sc917,33,109.4613265991211
medium-sc917,42,106.4170150756836
medium-sc917,87,89.91397857666016
medium-sc917,90,87.85472106933594
medium-sc917,93,87.04927062988281
medium-sc917,96,86.44880676269531
medium-sc917,101,84.99067687988281
medium-sc917,136,80.38597106933594
medium-sc917,143,78.67182922363281
medium-sc917,150,78.7667007446289
medium-sc917,152,77.71507263183594
medium-sc917,192,71.00231170654297
medium-sc917,195,72.03582000732422
medium-sc917,197,71.45860290527344
medium-sc917,213,68.62727355957031
medium-sc917,238,64.5037841796875
medium-sc917,269,59.58225631713867
medium-sc917,275,58.9432487487793
medium-sc917,276,59.3571662902832
medium-sc917,319,52.52763366699219
medium-sc917,323,51.08254623413086
medium-sc917,372,43.12246322631836
medium-sc917,378,42.49584197998047
medium-sc917,382,41.714752197265625
medium-sc917,405,38.29521942138672
medium-sc917,425,35.30300521850586
medium-sc917,441,33.469181060791016
medium-sc917,444,33.519493103027344
medium-sc917,458,31.46121597290039
medium-sc917,502,27.048076629638672
medium-sc917,506,26.458587646484375
medium-sc917,511,25.883159637451172
medium-sc917,512,25.702693939208984
medium-sc917,519,25.714599609375
medium-sc917,527,24.741792678833008
medium-sc917,531,24.083091735839844
medium-sc917,535,23.648300170898438
medium-sc917,545,24.624404907226562
medium-sc917,574,21.725553512573242
medium-sc917,584,21.003070831298828
medium-sc917,610,18.787586212158203
medium-sc917,617,18.04300308227539
medium-sc917,622,17.73365592956543
medium-sc917,629,17.426898956298828
medium-sc917,652,16.420658111572266
medium-sc917,672,15.79545783996582
medium-sc917,678,15.296710968017578
medium-sc917,682,15.14820671081543
medium-sc917,686,14.814302444458008
medium-sc917,690,15.374933242797852
medium-sc917,696,14.828058242797852
medium-sc917,698,14.563371658325195
medium-sc917,720,14.37108325958252
medium-sc917,731,13.540142059326172
medium-sc917,735,13.817953109741211
medium-sc917,745,13.56245231628418
medium-sc917,753,13.308998107910156
medium-sc917,764,13.456737518310547
medium-sc917,775,13.263347625732422
medium-sc917,812,12.01486587524414
medium-sc917,841,11.752752304077148
medium-sc917,862,10.983778953552246
medium-sc917,872,10.907539367675781
medium-sc917,897,9.939428329467773
medium-sc917,908,10.452415466308594
medium-sc917,918,9.854135513305664
medium-sc917,929,9.697698593139648
medium-sc917,946,9.725945472717285
medium-sc917,949,9.461397171020508
medium-sc917,981,10.10997486114502
medium-sc917,991,9.509772300720215
medium-sc917,993,9.841453552246094
medium-sc917,1012,9.091695785522461
medium-sc917,1014,9.004717826843262
medium-sc917,1021,9.024683952331543
medium-sc917,1022,8.774578094482422
medium-sc917,1027,8.953001022338867
medium-sc917,1041,8.905704498291016
medium-sc917,1064,8.546607971191406
medium-sc917,1094,8.234471321105957
medium-sc917,1128,7.827932357788086
medium-sc917,1132,8.17152214050293
medium-sc917,1134,8.340012550354004
medium-sc917,1158,8.12520980834961
medium-sc917,1161,8.539559364318848
medium-sc917,1176,8.337163925170898
medium-sc917,1215,7.855591297149658
medium-sc917,1232,7.589611530303955
medium-sc917,1266,7.574122428894043
medium-sc917,1289,7.393420219421387
medium-sc917,1300,7.247978687286377
medium-sc917,1302,7.221456527709961
medium-sc917,1308,7.371082782745361
medium-sc917,1320,7.203502655029297
medium-sc917,1336,7.179374694824219
medium-sc917,1344,7.257587909698486
medium-sc917,1356,7.4685564041137695
medium-sc917,1364,7.295816421508789
medium-sc917,1370,7.2054033279418945
medium-sc917,1371,7.4297194480896
medium-sc917,1374,7.007987976074219
medium-sc917,1401,7.066893577575684
medium-sc917,1420,6.689805030822754
medium-sc917,1433,6.990010738372803
medium-sc917,1439,6.934866905212402
medium-sc917,1448,6.842540740966797
medium-sc917,1462,7.125622749328613
medium-sc917,1468,6.760695457458496
medium-sc917,1472,6.956226348876953
medium-sc917,1483,6.605718612670898
medium-sc917,1512,6.506697654724121
medium-sc917,1522,6.5997314453125
medium-sc917,1524,6.627446174621582
medium-sc917,1539,6.800743103027344
medium-sc917,1551,6.575927734375
medium-sc917,1561,6.680922985076904
medium-sc917,1562,6.177860260009766
medium-sc917,1566,6.958728790283203
medium-sc917,1567,6.930131912231445
medium-sc917,1623,6.548480033874512
medium-sc917,1628,6.367549896240234
medium-sc917,1634,6.615608215332031
medium-sc917,1660,6.652470588684082
medium-sc917,1686,6.214780330657959
medium-sc917,1725,6.372831344604492
medium-sc917,1729,6.356448173522949
medium-sc917,1739,6.435188293457031
medium-sc917,1762,6.1970109939575195
medium-sc917,1765,6.171614646911621
medium-sc917,1774,6.371794700622559
medium-sc917,1805,6.395862102508545
medium-sc917,1826,5.9243621826171875
medium-sc917,1860,6.111903190612793
medium-sc917,1889,5.916649341583252
medium-sc917,1938,6.193608283996582
medium-sc917,1939,5.997072219848633
medium-sc917,1947,6.043449878692627
medium-sc917,1956,5.667327404022217
medium-sc917,1965,5.977565765380859
medium-sc917,1972,5.680741786956787
medium-sc917,1976,5.906073570251465
medium-sc917,1978,5.756165981292725
medium-sc917,2009,5.885695934295654
medium-sc917,2036,6.001869201660156
medium-sc917,2060,5.948751449584961
medium-sc917,2078,5.572758674621582
medium-sc917,2090,5.693349838256836
medium-sc917,2174,5.8527398109436035
medium-sc917,2193,5.551424026489258
medium-sc917,2205,5.352911472320557
medium-sc917,2206,5.49410343170166
medium-sc917,2229,5.843623638153076
medium-sc917,2288,5.4414777755737305
medium-sc917,2293,5.354130744934082
medium-sc917,2311,5.516863822937012
medium-sc917,2378,5.534481048583984
medium-sc917,2389,5.252071380615234
medium-sc917,2397,5.252429962158203
medium-sc917,2430,5.226319789886475
medium-sc917,2441,5.173460006713867
medium-sc917,2447,5.293125152587891
medium-sc917,2448,5.512380599975586
medium-sc917,2464,5.318949222564697
medium-sc917,2508,5.175546646118164
medium-sc917,2516,5.154980659484863
medium-sc917,2541,5.197128772735596
medium-sc917,2548,5.132416725158691
medium-sc917,2585,5.049196243286133
medium-sc917,2590,4.959195137023926
medium-sc917,2600,5.105264663696289
medium-sc917,2606,5.125097751617432
medium-sc917,2610,5.209709167480469
medium-sc917,2615,5.198115825653076
medium-sc917,2630,5.0558881759643555
medium-sc917,2650,5.325939655303955
medium-sc917,2660,5.133536338806152
medium-sc917,2662,5.076878547668457
medium-sc917,2666,5.112910747528076
medium-sc917,2733,5.047877311706543
medium-sc917,2735,5.083026885986328
medium-sc917,2738,4.96253776550293
medium-sc917,2740,4.885517120361328
medium-sc917,2746,5.007345199584961
medium-sc917,2756,4.940396785736084
medium-sc917,2775,4.845407962799072
medium-sc917,2781,4.887700080871582
medium-sc917,2796,4.8265533447265625
medium-sc917,2801,5.059028625488281
medium-sc917,2839,4.931460380554199
medium-sc917,2872,4.7640790939331055
medium-sc917,2884,4.781497001647949
medium-sc917,2887,4.81954288482666
medium-sc917,2897,4.880539417266846
medium-sc917,2900,4.629608154296875
medium-sc917,2903,4.874501705169678
medium-sc917,2910,4.903984069824219
medium-sc917,2925,5.133872985839844
medium-sc917,2963,4.846273422241211
medium-sc917,2969,4.850856304168701
medium-sc917,2977,4.863903999328613
medium-sc917,2991,4.822221279144287
medium-sc917,2992,4.741351127624512
medium-sc917,2993,4.822259902954102
medium-sc917,3025,4.778825759887695
medium-sc917,3026,4.730005741119385
medium-sc917,3049,4.595768928527832
medium-sc917,3051,4.749255657196045
medium-sc917,3061,4.949667453765869
medium-sc917,3103,4.647980213165283
medium-sc917,3112,4.630683422088623
medium-sc917,3135,4.657991886138916
medium-sc917,3159,4.7525410652160645
medium-sc917,3171,4.792023658752441
medium-sc917,3183,4.661077499389648
medium-sc917,3190,4.946554660797119
medium-sc917,3248,4.658055782318115
medium-sc917,3277,4.527106761932373
medium-sc917,3289,4.501583576202393
medium-sc917,3312,4.53242301940918
medium-sc917,3316,4.579841136932373
medium-sc917,3358,4.646376609802246
medium-sc917,3376,4.465821266174316
medium-sc917,3380,4.379967212677002
medium-sc917,3401,4.61815071105957
medium-sc917,3402,4.472508430480957
medium-sc917,3406,4.652497291564941
medium-sc917,3408,4.474693298339844
medium-sc917,3415,4.584877014160156
medium-sc917,3416,4.505692481994629
medium-sc917,3433,4.486638069152832
medium-sc917,3434,4.445735454559326
medium-sc917,3435,4.655237674713135
medium-sc917,3452,4.437596321105957
medium-sc917,3456,4.606141567230225
medium-sc917,3495,4.597023963928223
medium-sc917,3503,4.481579780578613
medium-sc917,3527,4.4934282302856445
medium-sc917,3539,4.553886413574219
medium-sc917,3548,4.438241004943848
medium-sc917,3553,4.454894065856934
medium-sc917,3555,4.423511981964111
medium-sc917,3563,4.296211242675781
medium-sc917,3578,4.483574867248535
medium-sc917,3579,4.269768714904785
medium-sc917,3587,4.505578994750977
medium-sc917,3643,4.428589344024658
medium-sc917,3646,4.32826042175293
medium-sc917,3661,4.363842487335205
medium-sc917,3677,4.548501014709473
medium-sc917,3684,4.3597612380981445
medium-sc917,3707,4.4280195236206055
medium-sc917,3708,4.354419708251953
medium-sc917,3717,4.444873332977295
medium-sc917,3724,4.384151935577393
medium-sc917,3737,4.298610687255859
medium-sc917,3779,4.353693962097168
medium-sc917,3792,4.270695686340332
medium-sc917,3794,4.174452781677246
medium-sc917,3800,4.287545680999756
medium-sc917,3811,4.305195331573486
medium-sc917,3812,4.3639607429504395
medium-sc917,3817,4.453000068664551
medium-sc917,3854,4.237601280212402
medium-sc917,3878,4.110800743103027
medium-sc917,3882,4.4256134033203125
medium-sc917,3894,4.537075042724609
medium-sc917,3897,4.2858052253723145
medium-sc917,3905,4.221054553985596
medium-sc917,3928,4.394760608673096
medium-sc917,3930,4.147590637207031
medium-sc917,3954,4.342635631561279
medium-sc917,4012,4.328476428985596
medium-sc917,4014,4.36641788482666
medium-sc917,4016,4.17113733291626
medium-sc917,4024,4.109623908996582
medium-sc917,4049,4.287471771240234
medium-sc917,4079,4.266639709472656
medium-sc917,4092,4.286089897155762
medium-sc917,4098,4.214729309082031
medium-sc917,4111,4.0818891525268555
medium-sc917,4118,4.2206645011901855
medium-sc917,4125,4.198132038116455
medium-sc917,4149,4.149794578552246
medium-sc917,4169,4.1591339111328125
medium-sc917,4180,4.245480060577393
medium-sc917,4205,4.211984634399414
medium-sc917,4210,4.276569366455078
medium-sc917,4240,3.961670398712158
medium-sc917,4260,4.213418960571289
medium-sc917,4273,4.232057094573975
medium-sc917,4278,4.261826515197754
medium-sc917,4280,4.275783538818359
medium-sc917,4284,3.9629721641540527
medium-sc917,4306,4.022957801818848
medium-sc917,4330,4.135335922241211
medium-sc917,4352,4.238201141357422
medium-sc917,4368,3.863921642303467
medium-sc917,4386,4.165081977844238
medium-sc917,4394,4.036639213562012
medium-sc917,4454,4.025075912475586
medium-sc917,4493,4.174642562866211
medium-sc917,4499,4.084464073181152
medium-sc917,4543,4.156874656677246
medium-sc917,4580,3.9484777450561523
medium-sc917,4593,3.9922642707824707
medium-sc917,4601,4.079468727111816
medium-sc917,4605,4.002840042114258
medium-sc917,4631,4.068493843078613
medium-sc917,4634,3.9491219520568848
medium-sc917,4640,4.1422905921936035
medium-sc917,4645,3.9922828674316406
medium-sc917,4650,3.8595728874206543
medium-sc917,4654,4.02779483795166
medium-sc917,4678,3.9177753925323486
medium-sc917,4683,4.0994672775268555
medium-sc917,4703,3.8368782997131348
medium-sc917,4741,4.000392913818359
medium-sc917,4747,3.990288257598877
medium-sc917,4759,4.009249687194824
medium-sc917,4763,3.944236993789673
medium-sc917,4771,3.9348015785217285
medium-sc917,4797,4.016807556152344
medium-sc917,4821,3.8800787925720215
medium-sc917,4822,3.936952590942383
medium-sc917,4850,4.013069152832031
medium-sc917,4864,3.939497470855713
medium-sc917,4891,3.878309965133667
medium-sc917,4941,3.854127883911133
medium-sc917,4971,3.9684369564056396
medium-sc917,5015,4.001829624176025
medium-sc917,5032,4.038112640380859
medium-sc917,5040,3.898679256439209
medium-sc917,5065,3.8734707832336426
medium-sc917,5073,4.017569065093994
medium-sc917,5107,3.908234119415283
medium-sc917,5148,3.9378154277801514
medium-sc917,5172,3.958314895629883
medium-sc917,5176,4.029809951782227
medium-sc917,5185,3.9863462448120117
medium-sc917,5216,3.8922677040100098
medium-sc917,5233,3.839081287384033
medium-sc917,5238,3.896151065826416
medium-sc917,5271,3.733501434326172
medium-sc917,5275,3.790428638458252
medium-sc917,5279,3.8550519943237305
medium-sc917,5287,3.8066463470458984
medium-sc917,5302,3.9714412689208984
medium-sc917,5304,3.908808708190918
medium-sc917,5326,3.9811851978302
medium-sc917,5344,3.7844126224517822
medium-sc917,5348,3.8035144805908203
medium-sc917,5355,3.7821760177612305
medium-sc917,5357,3.7782509326934814
medium-sc917,5369,3.917210578918457
medium-sc917,5443,3.8595592975616455
medium-sc917,5450,3.8176426887512207
medium-sc917,5454,3.749760150909424
medium-sc917,5463,3.8537425994873047
medium-sc917,5475,3.837149143218994
medium-sc917,5482,3.683453321456909
medium-sc917,5485,3.9687423706054688
medium-sc917,5494,3.7924256324768066
medium-sc917,5528,3.7583160400390625
medium-sc917,5534,3.8284788131713867
medium-sc917,5543,3.7708356380462646
medium-sc917,5546,3.7095770835876465
medium-sc917,5549,3.8727784156799316
medium-sc917,5558,3.833690881729126
medium-sc917,5565,3.6770851612091064
medium-sc917,5566,3.753072738647461
medium-sc917,5569,3.9162840843200684
medium-sc917,5572,3.80612850189209
medium-sc917,5621,3.9134843349456787
medium-sc917,5641,3.719322681427002
medium-sc917,5652,3.753279209136963
medium-sc917,5656,3.8579540252685547
medium-sc917,5669,3.805293321609497
medium-sc917,5671,3.698880910873413
medium-sc917,5682,3.6926491260528564
medium-sc917,5689,3.8265602588653564
medium-sc917,5729,3.574984550476074
medium-sc917,5749,3.7673864364624023
medium-sc917,5794,3.6278843879699707
medium-sc917,5803,3.7387335300445557
medium-sc917,5811,3.752399444580078
medium-sc917,5829,3.838047504425049
medium-sc917,5865,3.810938835144043
medium-sc917,5909,3.7422847747802734
medium-sc917,5923,3.727797508239746
medium-sc917,5986,3.654951333999634
medium-sc917,5997,3.7716116905212402
medium-sc917,6005,3.8503355979919434
medium-sc917,6026,3.7680463790893555
medium-sc917,6032,3.7143828868865967
medium-sc917,6059,3.738409996032715
medium-sc917,6071,3.6484858989715576
medium-sc917,6081,3.671260118484497
medium-sc917,6127,3.633392572402954
medium-sc917,6128,3.577190399169922
medium-sc917,6136,3.76623797416687
medium-sc917,6150,3.6138694286346436
medium-sc917,6154,3.7110626697540283
medium-sc917,6162,3.720085620880127
medium-sc917,6183,3.7319817543029785
medium-sc917,6185,3.650996208190918
medium-sc917,6186,3.6765475273132324
medium-sc917,6192,3.6175055503845215
medium-sc917,6211,3.8090953826904297
medium-sc917,6213,3.793741226196289
medium-sc917,6215,3.821674346923828
medium-sc917,6225,3.7193777561187744
medium-sc917,6236,3.691178798675537
medium-sc917,6240,3.509317398071289
medium-sc917,6260,3.683241367340088
medium-sc917,6299,3.617262363433838
medium-sc917,6331,3.638937473297119
medium-sc917,6359,3.647202491760254
medium-sc917,6409,3.733778715133667
medium-sc917,6414,3.517547607421875
medium-sc917,6458,3.6344118118286133
medium-sc917,6475,3.4987263679504395
medium-sc917,6479,3.6340999603271484
medium-sc917,6486,3.55361270904541
medium-sc917,6487,3.4338831901550293
medium-sc917,6516,3.5827698707580566
medium-sc917,6522,3.6573212146759033
medium-sc917,6537,3.6745588779449463
medium-sc917,6544,3.6081783771514893
medium-sc917,6547,3.549178123474121
medium-sc917,6553,3.5996055603027344
medium-sc917,6562,3.6376543045043945
medium-sc917,6567,3.5638952255249023
medium-sc917,6604,3.754516363143921
medium-sc917,6614,3.590919256210327
medium-sc917,6626,3.7015540599823
medium-sc917,6636,3.5148227214813232
medium-sc917,6642,3.541171073913574
medium-sc917,6654,3.7248878479003906
medium-sc917,6666,3.5291004180908203
medium-sc917,6686,3.600036382675171
medium-sc917,6688,3.5888636112213135
medium-sc917,6697,3.5136613845825195
medium-sc917,6703,3.5024869441986084
medium-sc917,6741,3.4779462814331055
medium-sc917,6752,3.5946972370147705
medium-sc917,6767,3.5582611560821533
medium-sc917,6772,3.508866548538208
medium-sc917,6790,3.5479254722595215
medium-sc917,6807,3.608032703399658
medium-sc917,6817,3.613917589187622
medium-sc917,6844,3.555530071258545
medium-sc917,6878,3.5740127563476562
medium-sc917,6952,3.5463404655456543
medium-sc917,6965,3.723086357116699
medium-sc917,6970,3.583738327026367
medium-sc917,7101,3.537219524383545
medium-sc917,7154,3.4450502395629883
medium-sc917,7188,3.5122973918914795
medium-sc917,7205,3.4641315937042236
medium-sc917,7219,3.4573004245758057
medium-sc917,7242,3.4048662185668945
medium-sc917,7276,3.5959548950195312
medium-sc917,7288,3.4786717891693115
medium-sc917,7289,3.4417083263397217
medium-sc917,7309,3.413221836090088
medium-sc917,7310,3.551422595977783
medium-sc917,7321,3.479872226715088
medium-sc917,7339,3.506491184234619
medium-sc917,7366,3.5032782554626465
medium-sc917,7405,3.524233102798462
medium-sc917,7408,3.4275240898132324
medium-sc917,7416,3.537844181060791
medium-sc917,7461,3.5717859268188477
medium-sc917,7473,3.5242884159088135
medium-sc917,7482,3.3876218795776367
medium-sc917,7500,3.5215744972229004
medium-sc917,7519,3.526888370513916
medium-sc917,7535,3.4318976402282715
medium-sc917,7561,3.486557960510254
medium-sc917,7574,3.4316656589508057
medium-sc917,7602,3.4583938121795654
medium-sc917,7604,3.4342541694641113
medium-sc917,7606,3.396331787109375
medium-sc917,7617,3.4160799980163574
medium-sc917,7620,3.4534640312194824
medium-sc917,7635,3.3072195053100586
medium-sc917,7637,3.2970376014709473
medium-sc917,7639,3.5191993713378906
medium-sc917,7654,3.437856674194336
medium-sc917,7687,3.55545711517334
medium-sc917,7698,3.5146379470825195
medium-sc917,7715,3.390347719192505
medium-sc917,7737,3.3970351219177246
medium-sc917,7778,3.5451221466064453
medium-sc917,7781,3.5139758586883545
medium-sc917,7793,3.352396011352539
medium-sc917,7795,3.3971071243286133
medium-sc917,7806,3.395528793334961
medium-sc917,7821,3.3840134143829346
medium-sc917,7870,3.5131773948669434
medium-sc917,7886,3.3836264610290527
medium-sc917,7899,3.403184413909912
medium-sc917,7903,3.4066457748413086
medium-sc917,7914,3.324763059616089
medium-sc917,7933,3.3496766090393066
medium-sc917,7943,3.394191265106201
medium-sc917,7948,3.3904576301574707
medium-sc917,7956,3.336818218231201
medium-sc917,7973,3.4086999893188477
medium-sc917,8019,3.352806568145752
medium-sc917,8045,3.341503381729126
medium-sc917,8073,3.4113211631774902
medium-sc917,8075,3.3566577434539795
medium-sc917,8093,3.308520555496216
medium-sc917,8094,3.319439649581909
medium-sc917,8095,3.3213322162628174
medium-sc917,8117,3.4491260051727295
medium-sc917,8130,3.3483095169067383
medium-sc917,8131,3.1859426498413086
medium-sc917,8133,3.2561709880828857
medium-sc917,8176,3.3685109615325928
medium-sc917,8186,3.398130416870117
medium-sc917,8204,3.3955602645874023
medium-sc917,8224,3.437265396118164
medium-sc917,8238,3.3738274574279785
medium-sc917,8239,3.4214916229248047
medium-sc917,8259,3.28151273727417
medium-sc917,8275,3.3174026012420654
medium-sc917,8352,3.335320234298706
medium-sc917,8371,3.3674261569976807
medium-sc917,8377,3.341696262359619
medium-sc917,8381,3.259158134460449
medium-sc917,8449,3.349259853363037
medium-sc917,8465,3.430309772491455
medium-sc917,8481,3.3791677951812744
medium-sc917,8482,3.359179735183716
medium-sc917,8488,3.466541290283203
medium-sc917,8492,3.3197405338287354
medium-sc917,8508,3.289316177368164
medium-sc917,8516,3.3164682388305664
medium-sc917,8529,3.4023947715759277
medium-sc917,8533,3.35506534576416
medium-sc917,8540,3.26882266998291
medium-sc917,8567,3.2931923866271973
medium-sc917,8573,3.286067247390747
medium-sc917,8584,3.4258298873901367
medium-sc917,8599,3.315269708633423
medium-sc917,8613,3.328341007232666
medium-sc917,8644,3.3307909965515137
medium-sc917,8645,3.2903921604156494
medium-sc917,8661,3.3619396686553955
medium-sc917,8662,3.332676887512207
medium-sc917,8687,3.419987201690674
medium-sc917,8744,3.2809648513793945
medium-sc917,8753,3.3046438694000244
medium-sc917,8755,3.3110251426696777
medium-sc917,8776,3.2414093017578125
medium-sc917,8779,3.3441355228424072
medium-sc917,8783,3.2953672409057617
medium-sc917,8794,3.216371536254883
medium-sc917,8800,3.237926959991455
medium-sc917,8823,3.2902650833129883
medium-sc917,8841,3.2327728271484375
medium-sc917,8863,3.2432656288146973
medium-sc917,8871,3.2501959800720215
medium-sc917,8874,3.255249500274658
medium-sc917,8876,3.340928077697754
medium-sc917,8911,3.2906718254089355
medium-sc917,8920,3.218808889389038
medium-sc917,8925,3.29671049118042
medium-sc917,8945,3.3185322284698486
medium-sc917,8947,3.2589285373687744
medium-sc917,8957,3.2382168769836426
medium-sc917,8991,3.3225979804992676
medium-sc917,8992,3.3001396656036377
medium-sc917,9007,3.174206256866455
medium-sc917,9022,3.398242235183716
medium-sc917,9032,3.245931625366211
medium-sc917,9047,3.2339138984680176
medium-sc917,9067,3.2193872928619385
medium-sc917,9071,3.1479673385620117
medium-sc917,9092,3.2765703201293945
medium-sc917,9120,3.1347336769104004
medium-sc917,9132,3.2784194946289062
medium-sc917,9133,3.182570457458496
medium-sc917,9144,3.1508235931396484
medium-sc917,9146,3.297581195831299
medium-sc917,9157,3.22038197517395
medium-sc917,9159,3.166633129119873
medium-sc917,9166,3.3010129928588867
medium-sc917,9174,3.302218198776245
medium-sc917,9184,3.134610176086426
medium-sc917,9200,3.193978786468506
medium-sc917,9208,3.245898962020874
medium-sc917,9268,3.2061734199523926
medium-sc917,9284,3.1939220428466797
medium-sc917,9336,3.289768695831299
medium-sc917,9344,3.2631900310516357
medium-sc917,9358,3.1632814407348633
medium-sc917,9360,3.261666774749756
medium-sc917,9375,3.31014347076416
medium-sc917,9429,3.2082252502441406
medium-sc917,9434,3.096435070037842
medium-sc917,9445,3.19248104095459
medium-sc917,9449,3.194540500640869
medium-sc917,9450,3.134801149368286
medium-sc917,9468,3.305650234222412
medium-sc917,9472,3.3128652572631836
medium-sc917,9487,3.223562240600586
medium-sc917,9491,3.242525815963745
medium-sc917,9504,3.2677807807922363
medium-sc917,9574,3.208791971206665
medium-sc917,9584,3.3344075679779053
medium-sc917,9617,3.154675245285034
medium-sc917,9629,3.247134208679199
medium-sc917,9639,3.2000997066497803
medium-sc917,9640,3.1474361419677734
medium-sc917,9648,3.3109965324401855
medium-sc917,9659,3.227515697479248
medium-sc917,9672,3.1442065238952637
medium-sc917,9753,3.1731748580932617
medium-sc917,9761,3.216468334197998
medium-sc917,9763,3.2244272232055664
medium-sc917,9776,3.2613282203674316
medium-sc917,9854,3.141955852508545
medium-sc917,9889,3.2543320655822754
medium-sc917,9908,3.193636178970337
medium-sc917,9911,3.157179832458496
medium-sc917,9914,3.1924195289611816
medium-sc917,9917,3.1531124114990234
medium-sc917,9920,3.1634020805358887
medium-sc917,9931,3.0822718143463135
medium-sc917,9939,3.1793789863586426
medium-sc917,9959,3.1789276599884033
medium-sc917,9974,3.1339011192321777
medium-sc917,9986,3.144406795501709
medium-sc917,10028,3.095892906188965
medium-sc917,10041,3.0721049308776855
medium-sc917,10060,3.125920295715332
medium-sc917,10068,3.240947961807251
medium-sc917,10090,3.0495104789733887
medium-sc917,10100,3.1572957038879395
medium-sc917,10118,3.152914047241211
medium-sc917,10149,3.0940637588500977
medium-sc917,10158,3.160604476928711
medium-sc917,10164,3.0948452949523926
medium-sc917,10166,3.1137924194335938
medium-sc917,10176,3.2211251258850098
medium-sc917,10177,3.179523468017578
medium-sc917,10182,3.2642085552215576
medium-sc917,10190,3.0255661010742188
medium-sc917,10222,3.0696463584899902
medium-sc917,10297,3.1336514949798584
medium-sc917,10301,3.215179920196533
medium-sc917,10303,3.053213119506836
medium-sc917,10334,3.138195753097534
medium-sc917,10345,3.121668815612793
medium-sc917,10410,3.041098117828369
medium-sc917,10435,3.156005620956421
medium-sc917,10448,3.226090908050537
medium-sc917,10453,3.1095731258392334
medium-sc917,10497,3.069357395172119
medium-sc917,10524,3.0281710624694824
medium-sc917,10534,3.197615385055542
medium-sc917,10540,3.0730581283569336
medium-sc917,10549,3.1121792793273926
medium-sc917,10569,3.1093056201934814
medium-sc917,10585,3.0800023078918457
medium-sc917,10616,3.1373772621154785
medium-sc917,10630,3.257155656814575
medium-sc917,10657,3.164919376373291
medium-sc917,10699,3.1020212173461914
medium-sc917,10738,3.142716407775879
medium-sc917,10746,2.9559247493743896
medium-sc917,10756,3.1038737297058105
medium-sc917,10770,2.974276065826416
medium-sc917,10780,3.0667343139648438
medium-sc917,10797,3.0352563858032227
medium-sc917,10800,3.0579121112823486
medium-sc917,10801,3.143357753753662
medium-sc917,10830,3.143004894256592
medium-sc917,10918,3.148609161376953
medium-sc917,10921,3.0944390296936035
medium-sc917,10928,3.0457825660705566
medium-sc917,10942,3.146162509918213
medium-sc917,10965,3.1650075912475586
medium-sc917,10972,3.009273052215576
medium-sc917,10999,3.076038360595703
medium-sc917,11011,3.037445068359375
medium-sc917,11022,3.0801305770874023
medium-sc917,11032,3.062394142150879
medium-sc917,11036,3.134222984313965
medium-sc917,11039,3.089348316192627
medium-sc917,11041,3.004197835922241
medium-sc917,11042,2.991521120071411
medium-sc917,11047,3.1443047523498535
medium-sc917,11048,3.169440507888794
medium-sc917,11053,3.240394115447998
medium-sc917,11128,3.0453853607177734
medium-sc917,11132,3.102044105529785
medium-sc917,11136,3.1130261421203613
medium-sc917,11144,3.0691308975219727
medium-sc917,11159,3.033475399017334
medium-sc917,11192,3.049014091491699
medium-sc917,11194,3.069643020629883
medium-sc917,11200,3.1045265197753906
medium-sc917,11204,3.005343437194824
medium-sc917,11205,3.122098445892334
medium-sc917,11211,3.0967187881469727
medium-sc917,11214,3.104339361190796
medium-sc917,11224,3.1082141399383545
medium-sc917,11244,3.1233086585998535
medium-sc917,11253,3.1263375282287598
medium-sc917,11262,3.0582659244537354
medium-sc917,11312,2.9656991958618164
medium-sc917,11353,3.0275659561157227
medium-sc917,11356,3.0511586666107178
medium-sc917,11358,3.047954559326172
medium-sc917,11410,3.0161919593811035
medium-sc917,11426,3.0007829666137695
medium-sc917,11428,3.013883590698242
medium-sc917,11501,2.944591760635376
medium-sc917,11524,2.9944496154785156
medium-sc917,11526,3.0325112342834473
medium-sc917,11539,3.140218734741211
medium-sc917,11550,2.9319345951080322
medium-sc917,11566,2.99304461479187
medium-sc917,11582,3.0018603801727295
medium-sc917,11671,3.099379301071167
medium-sc917,11675,3.013526678085327
medium-sc917,11676,2.9590871334075928
medium-sc917,11691,3.081346273422241
medium-sc917,11694,2.9495697021484375
medium-sc917,11741,2.9701197147369385
medium-sc917,11794,3.0394978523254395
medium-sc917,11796,2.9477412700653076
medium-sc917,11818,3.1093292236328125
medium-sc917,11838,3.031733512878418
medium-sc917,11845,2.9829936027526855
medium-sc917,11856,2.928286075592041
medium-sc917,11862,2.9730215072631836
medium-sc917,11868,2.9862868785858154
medium-sc917,11884,3.0033535957336426
medium-sc917,11897,2.9788174629211426
medium-sc917,11928,2.9604554176330566
medium-sc917,11960,2.872957229614258
medium-sc917,11962,2.9162237644195557
medium-sc917,11997,2.939941883087158
medium-sc917,12039,2.9918603897094727
medium-sc917,12055,2.9503824710845947
medium-sc917,12076,3.0105862617492676
medium-sc917,12080,3.0184178352355957
medium-sc917,12087,2.930394411087036
medium-sc917,12111,2.956361770629883
medium-sc917,12136,2.9448578357696533
medium-sc917,12166,3.0229759216308594
medium-sc917,12184,2.900045871734619
medium-sc917,12210,2.9466910362243652
medium-sc917,12221,2.903041362762451
medium-sc917,12224,2.9707727432250977
medium-sc917,12230,2.9948973655700684
medium-sc917,12248,2.9887869358062744
medium-sc917,12273,2.9884676933288574
medium-sc917,12286,2.9920401573181152
medium-sc917,12300,2.9247026443481445
medium-sc917,12328,2.912203788757324
medium-sc917,12340,2.9407761096954346
medium-sc917,12348,3.0260000228881836
medium-sc917,12428,3.0051097869873047
medium-sc917,12454,2.8500266075134277
medium-sc917,12463,3.075446367263794
medium-sc917,12492,2.9683585166931152
medium-sc917,12494,2.924393653869629
medium-sc917,12507,2.9466419219970703
medium-sc917,12508,3.0047993659973145
medium-sc917,12543,2.841832160949707
medium-sc917,12569,2.8990581035614014
medium-sc917,12574,2.86637806892395
medium-sc917,12586,2.9538609981536865
medium-sc917,12591,2.9897055625915527
medium-sc917,12646,2.8559985160827637
medium-sc917,12659,2.8576934337615967
medium-sc917,12661,2.934661626815796
medium-sc917,12673,2.9171810150146484
medium-sc917,12674,2.970642566680908
medium-sc917,12689,2.9659385681152344
medium-sc917,12733,2.9458956718444824
medium-sc917,12784,3.0855374336242676
medium-sc917,12789,2.9255900382995605
medium-sc917,12792,2.9789204597473145
medium-sc917,12802,2.899784803390503
medium-sc917,12827,2.9572815895080566
medium-sc917,12831,2.93166446685791
medium-sc917,12835,2.898693561553955
medium-sc917,12836,2.88472580909729
medium-sc917,12840,2.815004348754883
medium-sc917,12855,2.87270450592041
medium-sc917,12898,2.8876891136169434
medium-sc917,12905,2.9397006034851074
medium-sc917,12907,2.9350807666778564
medium-sc917,12929,2.9410743713378906
medium-sc917,12931,3.0081748962402344
medium-sc917,12945,2.902531147003174
medium-sc917,12951,2.955087900161743
medium-sc917,12969,2.889740467071533
medium-sc917,12973,2.8896901607513428
medium-sc917,12979,2.8565359115600586
medium-sc917,12987,2.91349196434021
medium-sc917,12992,2.822819709777832
medium-sc917,13013,2.915893077850342
medium-sc917,13019,2.8937935829162598
medium-sc917,13020,2.947406768798828
medium-sc917,13036,2.9238271713256836
medium-sc917,13049,2.8723106384277344
medium-sc917,13050,3.0490951538085938
medium-sc917,13064,2.7989754676818848
medium-sc917,13103,2.939016342163086
medium-sc917,13131,2.9248743057250977
medium-sc917,13135,2.9590909481048584
medium-sc917,13149,2.903841972351074
medium-sc917,13217,2.897815227508545
medium-sc917,13235,2.932096481323242
medium-sc917,13262,2.9272842407226562
medium-sc917,13288,2.9472272396087646
medium-sc917,13296,2.951462745666504
medium-sc917,13312,2.864439010620117
medium-sc917,13322,2.8771843910217285
medium-sc917,13342,2.8396124839782715
medium-sc917,13352,2.8275485038757324
medium-sc917,13361,2.9035229682922363
medium-sc917,13362,2.8310770988464355
medium-sc917,13450,2.848947048187256
medium-sc917,13465,2.8010168075561523
medium-sc917,13472,2.856433868408203
medium-sc917,13473,2.937439203262329
medium-sc917,13501,2.9385552406311035
medium-sc917,13520,2.8425638675689697
medium-sc917,13538,2.933356523513794
medium-sc917,13557,2.915743827819824
medium-sc917,13581,2.876640558242798
medium-sc917,13582,2.840510845184326
medium-sc917,13587,2.9372904300689697
medium-sc917,13599,2.8632607460021973
medium-sc917,13611,2.8833813667297363
medium-sc917,13612,2.8606176376342773
medium-sc917,13622,2.838721752166748
medium-sc917,13648,2.873642921447754
medium-sc917,13664,2.8638720512390137
medium-sc917,13674,2.8887600898742676
medium-sc917,13696,2.814552068710327
medium-sc917,13705,2.8713135719299316
medium-sc917,13725,2.890516519546509
medium-sc917,13727,2.92006778717041
medium-sc917,13746,2.84401798248291
medium-sc917,13780,2.9222660064697266
medium-sc917,13802,2.8451147079467773
medium-sc917,13815,2.7798938751220703
medium-sc917,13823,2.7876579761505127
medium-sc917,13838,2.7769975662231445
medium-sc917,13841,2.855823516845703
medium-sc917,13851,2.8419265747070312
medium-sc917,13871,2.8332040309906006
medium-sc917,13895,2.845453977584839
medium-sc917,13902,2.709329605102539
medium-sc917,13912,2.9179868698120117
medium-sc917,13920,2.876781702041626
medium-sc917,13921,2.775771141052246
medium-sc917,13978,2.797945976257324
medium-sc917,13999,2.861847400665283
medium-sc917,14025,2.8950705528259277
medium-sc917,14087,2.85091495513916
medium-sc917,14088,2.8824503421783447
medium-sc917,14096,2.8192214965820312
medium-sc917,14100,2.879460334777832
medium-sc917,14122,2.870090961456299
medium-sc917,14130,2.891322612762451
medium-sc917,14145,2.8450927734375
medium-sc917,14149,2.880232095718384
medium-sc917,14179,2.869185447692871
medium-sc917,14197,2.73227596282959
medium-sc917,14215,2.8792572021484375
medium-sc917,14220,2.905503511428833
medium-sc917,14227,2.82244873046875
medium-sc917,14282,2.8055834770202637
medium-sc917,14293,2.802372455596924
medium-sc917,14296,2.8152832984924316
medium-sc917,14299,2.817343235015869
medium-sc917,14329,2.8314080238342285
medium-sc917,14398,2.7211194038391113
medium-sc917,14407,2.9048805236816406
medium-sc917,14408,2.872403860092163
medium-sc917,14417,2.8735623359680176
medium-sc917,14429,2.7923169136047363
medium-sc917,14443,2.8481550216674805
medium-sc917,14446,2.7646989822387695
medium-sc917,14449,2.801243782043457
medium-sc917,14457,2.8405659198760986
medium-sc917,14460,2.8507189750671387
medium-sc917,14468,2.8938870429992676
medium-sc917,14480,2.798150062561035
medium-sc917,14496,2.804468870162964
medium-sc917,14515,2.886131763458252
medium-sc917,14555,2.8504128456115723
medium-sc917,14575,2.9098501205444336
medium-sc917,14582,2.843212127685547
medium-sc917,14598,2.8499526977539062
medium-sc917,14608,2.839066982269287
medium-sc917,14609,2.8666677474975586
medium-sc917,14618,2.786172866821289
medium-sc917,14621,2.8183884620666504
medium-sc917,14631,2.832833766937256
medium-sc917,14642,2.8068947792053223
medium-sc917,14658,2.8256118297576904
medium-sc917,14666,2.859497547149658
medium-sc917,14687,2.846785068511963
medium-sc917,14724,2.7148516178131104
medium-sc917,14748,2.779604434967041
medium-sc917,14761,2.8335604667663574
medium-sc917,14882,2.863204002380371
medium-sc917,14889,2.753861904144287
medium-sc917,14891,2.73600435256958
medium-sc917,14902,2.805417537689209
medium-sc917,14905,2.837362766265869
medium-sc917,14922,2.8585081100463867
medium-sc917,14963,2.802809238433838
medium-sc917,14998,2.846773624420166
medium-sc917,15037,2.8225278854370117
medium-sc917,15048,2.793328285217285
medium-sc917,15051,2.792818784713745
medium-sc917,15053,2.8456945419311523
medium-sc917,15063,2.7620012760162354
medium-sc917,15076,2.7362780570983887
medium-sc917,15165,2.7135324478149414
medium-sc917,15190,2.7309703826904297
medium-sc917,15217,2.8202290534973145
medium-sc917,15232,2.7973618507385254
medium-sc917,15251,2.688910484313965
medium-sc917,15255,2.8560433387756348
medium-sc917,15285,2.7454605102539062
medium-sc917,15292,2.79180908203125
medium-sc917,15300,2.7797179222106934
medium-sc917,15302,2.8099021911621094
medium-sc917,15303,2.622612237930298
medium-sc917,15313,2.7465720176696777
medium-sc917,15315,2.81843900680542
medium-sc917,15318,2.7688803672790527
medium-sc917,15323,2.8209354877471924
medium-sc917,15328,2.733395576477051
medium-sc917,15351,2.7127904891967773
medium-sc917,15365,2.8189239501953125
medium-sc917,15375,2.838200807571411
medium-sc917,15408,2.7991786003112793
medium-sc917,15430,2.8000495433807373
medium-sc917,15467,2.774982452392578
medium-sc917,15511,2.77000093460083
medium-sc917,15519,2.803344249725342
medium-sc917,15547,2.7743711471557617
medium-sc917,15549,2.8415603637695312
medium-sc917,15608,2.757648229598999
medium-sc917,15612,2.8235578536987305
medium-sc917,15613,2.7696661949157715
medium-sc917,15614,2.820181369781494
medium-sc917,15616,2.7227206230163574
medium-sc917,15644,2.763461112976074
medium-sc917,15662,2.833400249481201
medium-sc917,15683,2.7290220260620117
medium-sc917,15722,2.7655296325683594
medium-sc917,15743,2.768874406814575
medium-sc917,15772,2.8290817737579346
medium-sc917,15788,2.7623214721679688
medium-sc917,15821,2.748274803161621
medium-sc917,15828,2.7522268295288086
medium-sc917,15836,2.7204720973968506
medium-sc917,15878,2.8010802268981934
medium-sc917,15887,2.7221732139587402
medium-sc917,15924,2.784475088119507
medium-sc917,15928,2.7954659461975098
medium-sc917,15941,2.774874210357666
medium-sc917,15956,2.7360053062438965
medium-sc917,15961,2.7555572986602783
medium-sc917,15978,2.7680225372314453
medium-sc917,15982,2.7323384284973145
medium-sc917,15986,2.7930989265441895
medium-sc917,16008,2.747865676879883
medium-sc917,16013,2.76885986328125
medium-sc917,16015,2.6925439834594727
medium-sc917,16025,2.809798002243042
medium-sc917,16036,2.79518461227417
medium-sc917,16044,2.783230781555176
medium-sc917,16051,2.592400312423706
medium-sc917,16056,2.729020118713379
medium-sc917,16061,2.691561698913574
medium-sc917,16067,2.7264468669891357
medium-sc917,16088,2.7219085693359375
medium-sc917,16101,2.737072467803955
medium-sc917,16105,2.7271199226379395
medium-sc917,16126,2.7609610557556152
medium-sc917,16161,2.727879047393799
medium-sc917,16202,2.7002391815185547
medium-sc917,16207,2.7970759868621826
medium-sc917,16209,2.768486499786377
medium-sc917,16212,2.75130295753479
medium-sc917,16250,2.729559898376465
medium-sc917,16304,2.7167749404907227
medium-sc917,16309,2.669459819793701
medium-sc917,16310,2.805269718170166
medium-sc917,16314,2.6309070587158203
medium-sc917,16320,2.7630133628845215
medium-sc917,16330,2.7929892539978027
medium-sc917,16339,2.7813668251037598
medium-sc917,16342,2.7017056941986084
medium-sc917,16368,2.7715792655944824
medium-sc917,16369,2.729888677597046
medium-sc917,16371,2.724247932434082
medium-sc917,16424,2.7400124073028564
medium-sc917,16445,2.7688207626342773
medium-sc917,16449,2.739960193634033
medium-sc917,16497,2.7251996994018555
medium-sc917,16526,2.6949403285980225
medium-sc917,16537,2.7129311561584473
medium-sc917,16559,2.743703842163086
medium-sc917,16569,2.700313091278076
medium-sc917,16573,2.766857624053955
medium-sc917,16612,2.7181625366210938
medium-sc917,16620,2.685960292816162
medium-sc917,16711,2.7313425540924072
medium-sc917,16722,2.7175769805908203
medium-sc917,16759,2.607733964920044
medium-sc917,16760,2.7444911003112793
medium-sc917,16778,2.7859959602355957
medium-sc917,16781,2.670661687850952
medium-sc917,16831,2.740018129348755
medium-sc917,16843,2.7058534622192383
medium-sc917,16854,2.7124714851379395
medium-sc917,16872,2.7729129791259766
medium-sc917,16882,2.6167831420898438
medium-sc917,16890,2.7043004035949707
medium-sc917,16915,2.7346510887145996
medium-sc917,16925,2.679713249206543
medium-sc917,16940,2.777061700820923
medium-sc917,16945,2.685652256011963
medium-sc917,16947,2.661869525909424
medium-sc917,16960,2.690549850463867
medium-sc917,16980,2.7059361934661865
medium-sc917,16988,2.664849281311035
medium-sc917,16995,2.7457399368286133
medium-sc917,17005,2.7515082359313965
medium-sc917,17007,2.720383644104004
medium-sc917,17012,2.669902801513672
medium-sc917,17024,2.7425036430358887
medium-sc917,17102,2.6953988075256348
medium-sc917,17104,2.7290096282958984
medium-sc917,17115,2.719513177871704
medium-sc917,17118,2.673419952392578
medium-sc917,17126,2.7561912536621094
medium-sc917,17164,2.693619728088379
medium-sc917,17207,2.669853925704956
medium-sc917,17213,2.740658760070801
medium-sc917,17223,2.6935033798217773
medium-sc917,17237,2.634195327758789
medium-sc917,17288,2.781428575515747
medium-sc917,17298,2.7390387058258057
medium-sc917,17309,2.7079625129699707
medium-sc917,17315,2.6960740089416504
medium-sc917,17325,2.649984359741211
medium-sc917,17334,2.607830047607422
medium-sc917,17370,2.70285964012146
medium-sc917,17373,2.7101986408233643
medium-sc917,17376,2.6761903762817383
medium-sc917,17406,2.622616767883301
medium-sc917,17427,2.6618010997772217
medium-sc917,17445,2.6882143020629883
medium-sc917,17457,2.6928911209106445
medium-sc917,17460,2.672682762145996
medium-sc917,17461,2.6609854698181152
medium-sc917,17462,2.63673734664917
medium-sc917,17464,2.6832945346832275
medium-sc917,17508,2.667290449142456
medium-sc917,17512,2.6569275856018066
medium-sc917,17515,2.695375919342041
medium-sc917,17518,2.6320550441741943
medium-sc917,17521,2.6513266563415527
medium-sc917,17528,2.6670122146606445
medium-sc917,17542,2.6467041969299316
medium-sc917,17550,2.6469404697418213
medium-sc917,17552,2.6499545574188232
medium-sc917,17569,2.6522789001464844
medium-sc917,17587,2.6586127281188965
medium-sc917,17606,2.6938095092773438
medium-sc917,17621,2.6714959144592285
medium-sc917,17631,2.731316566467285
medium-sc917,17643,2.6870779991149902
medium-sc917,17650,2.6135711669921875
medium-sc917,17652,2.6435375213623047
medium-sc917,17661,2.6448111534118652
medium-sc917,17680,2.6853644847869873
medium-sc917,17683,2.6380579471588135
medium-sc917,17709,2.627938747406006
medium-sc917,17711,2.709840774536133
medium-sc917,17741,2.7837586402893066
medium-sc917,17767,2.732936382293701
medium-sc917,17782,2.7158408164978027
medium-sc917,17808,2.7129628658294678
medium-sc917,17820,2.6733524799346924
medium-sc917,17836,2.7396152019500732
medium-sc917,17859,2.676321506500244
medium-sc917,17865,2.6946301460266113
medium-sc917,17884,2.697391986846924
medium-sc917,17886,2.720975399017334
medium-sc917,17920,2.6439523696899414
medium-sc917,17929,2.6615591049194336
medium-sc917,17966,2.643569231033325
medium-sc917,18027,2.6566121578216553
medium-sc917,18033,2.679337978363037
medium-sc917,18039,2.629443645477295
medium-sc917,18092,2.611985206604004
medium-sc917,18099,2.6398696899414062
medium-sc917,18104,2.6128768920898438
medium-sc917,18115,2.645425319671631
medium-sc917,18118,2.6765482425689697
medium-sc917,18124,2.607417583465576
medium-sc917,18126,2.678290843963623
medium-sc917,18141,2.7216367721557617
medium-sc917,18148,2.7055935859680176
medium-sc917,18152,2.749699592590332
medium-sc917,18168,2.591642379760742
medium-sc917,18180,2.611745834350586
medium-sc917,18194,2.6916959285736084
medium-sc917,18202,2.6194100379943848
medium-sc917,18214,2.692350387573242
medium-sc917,18233,2.7003231048583984
medium-sc917,18236,2.698953628540039
medium-sc917,18248,2.6530444622039795
medium-sc917,18274,2.6133391857147217
medium-sc917,18292,2.707663059234619
medium-sc917,18293,2.692013740539551
medium-sc917,18294,2.735884666442871
medium-sc917,18307,2.5937981605529785
medium-sc917,18333,2.5469772815704346
medium-sc917,18346,2.777289628982544
medium-sc917,18361,2.633410930633545
medium-sc917,18365,2.6483278274536133
medium-sc917,18394,2.634556531906128
medium-sc917,18433,2.6496047973632812
medium-sc917,18439,2.748816967010498
medium-sc917,18486,2.6596450805664062
medium-sc917,18500,2.6844894886016846
medium-sc917,18515,2.6162142753601074
medium-sc917,18516,2.598845958709717
medium-sc917,18525,2.6202633380889893
medium-sc917,18565,2.6824235916137695
medium-sc917,18583,2.615725517272949
medium-sc917,18644,2.6428494453430176
medium-sc917,18654,2.6179702281951904
medium-sc917,18668,2.670253276824951
medium-sc917,18673,2.667578935623169
medium-sc917,18675,2.701355218887329
medium-sc917,18680,2.6585984230041504
medium-sc917,18687,2.6429712772369385
medium-sc917,18784,2.586261034011841
medium-sc917,18798,2.6373343467712402
medium-sc917,18804,2.602283000946045
medium-sc917,18816,2.602931261062622
medium-sc917,18844,2.5689375400543213
medium-sc917,18853,2.5614750385284424
medium-sc917,18870,2.6461830139160156
medium-sc917,18906,2.6355795860290527
medium-sc917,18929,2.6581530570983887
medium-sc917,18937,2.6151251792907715
medium-sc917,18947,2.6226606369018555
medium-sc917,18952,2.554290771484375
medium-sc917,18963,2.6716926097869873
medium-sc917,19012,2.610442876815796
medium-sc917,19030,2.5699849128723145
medium-sc917,19037,2.645887851715088
medium-sc917,19048,2.577791213989258
medium-sc917,19055,2.6056244373321533
medium-sc917,19063,2.5363736152648926
medium-sc917,19068,2.619263172149658
medium-sc917,19102,2.603325366973877
medium-sc917,19108,2.630772113800049
medium-sc917,19117,2.6100127696990967
medium-sc917,19120,2.658514976501465
medium-sc917,19145,2.5863585472106934
medium-sc917,19166,2.5899081230163574
medium-sc917,19167,2.5486536026000977
medium-sc917,19180,2.68287992477417
medium-sc917,19182,2.5747897624969482
medium-sc917,19242,2.642775058746338
medium-sc917,19262,2.5769972801208496
medium-sc917,19267,2.5555615425109863
medium-sc917,19270,2.596330165863037
medium-sc917,19287,2.6160078048706055
medium-sc917,19291,2.5867786407470703
medium-sc917,19298,2.6752047538757324
medium-sc917,19304,2.564098358154297
medium-sc917,19317,2.5714704990386963
medium-sc917,19354,2.611603260040283
medium-sc917,19369,2.6536433696746826
medium-sc917,19378,2.616337299346924
medium-sc917,19386,2.637266159057617
medium-sc917,19392,2.593747854232788
medium-sc917,19395,2.6029205322265625
medium-sc917,19402,2.615710735321045
medium-sc917,19409,2.642275810241699
medium-sc917,19410,2.6690423488616943
medium-sc917,19420,2.586704730987549
medium-sc917,19449,2.589949131011963
medium-sc917,19453,2.656414747238159
medium-sc917,19476,2.6858320236206055
medium-sc917,19479,2.616744041442871
medium-sc917,19502,2.5750091075897217
medium-sc917,19512,2.531766891479492
medium-sc917,19514,2.625403881072998
medium-sc917,19532,2.5870590209960938
medium-sc917,19535,2.587057590484619
medium-sc917,19576,2.5655994415283203
medium-sc917,19577,2.6473073959350586
medium-sc917,19584,2.6421141624450684
medium-sc917,19596,2.562494993209839
medium-sc917,19597,2.6392788887023926
medium-sc917,19604,2.5857181549072266
medium-sc917,19620,2.55495023727417
medium-sc917,19621,2.581820487976074
medium-sc917,19627,2.654144287109375
medium-sc917,19628,2.5721511840820312
medium-sc917,19629,2.697458028793335
medium-sc917,19633,2.5911176204681396
medium-sc917,19655,2.621542453765869
medium-sc917,19685,2.5940184593200684
medium-sc917,19686,2.5193591117858887
medium-sc917,19696,2.5753605365753174
medium-sc917,19700,2.6133031845092773
medium-sc917,19704,2.5665395259857178
medium-sc917,19715,2.5052952766418457
medium-sc917,19739,2.5360255241394043
medium-sc917,19750,2.5709433555603027
medium-sc917,19762,2.6205859184265137
medium-sc917,19768,2.5729377269744873
medium-sc917,19769,2.618971586227417
medium-sc917,19781,2.5361080169677734
medium-sc917,19785,2.5287575721740723
medium-sc917,19786,2.6035656929016113
medium-sc917,19809,2.58555269241333
medium-sc917,19828,2.510244607925415
medium-sc917,19845,2.615541934967041
medium-sc917,19860,2.58786678314209
medium-sc917,19873,2.5900137424468994
medium-sc917,19875,2.539033889770508
medium-sc917,19888,2.6379151344299316
medium-sc917,19893,2.550267219543457
medium-sc917,19897,2.6383376121520996
medium-sc917,19913,2.5513088703155518
medium-sc917,19970,2.602673053741455
medium-sc917,19990,2.647026538848877
medium-sc917,19992,2.639965772628784
medium-sc917,20066,2.538489580154419
medium-sc917,20072,2.566854238510132
medium-sc917,20083,2.507197618484497
medium-sc917,20084,2.5700535774230957
medium-sc917,20085,2.555053234100342
medium-sc917,20129,2.580766439437866
medium-sc917,20203,2.5708279609680176
medium-sc917,20204,2.6527504920959473
medium-sc917,20214,2.5837159156799316
medium-sc917,20216,2.6180953979492188
medium-sc917,20231,2.6147937774658203
medium-sc917,20277,2.606865882873535
medium-sc917,20278,2.5811378955841064
medium-sc917,20308,2.536618709564209
medium-sc917,20312,2.6282243728637695
medium-sc917,20314,2.543799877166748
medium-sc917,20324,2.5910167694091797
medium-sc917,20343,2.634096384048462
medium-sc917,20348,2.6037755012512207
medium-sc917,20353,2.5708422660827637
medium-sc917,20354,2.5654611587524414
medium-sc917,20360,2.612483501434326
medium-sc917,20377,2.4979026317596436
medium-sc917,20385,2.56766414642334
medium-sc917,20388,2.50891375541687
medium-sc917,20402,2.5060768127441406
medium-sc917,20406,2.6284093856811523
medium-sc917,20419,2.579533338546753
medium-sc917,20422,2.659714937210083
medium-sc917,20428,2.562236785888672
medium-sc917,20450,2.6235804557800293
medium-sc917,20511,2.571594715118408
medium-sc917,20527,2.540898323059082
medium-sc917,20529,2.6240172386169434
medium-sc917,20530,2.5941874980926514
medium-sc917,20544,2.5614137649536133
medium-sc917,20582,2.5409045219421387
medium-sc917,20594,2.5993072986602783
medium-sc917,20602,2.554419994354248
medium-sc917,20609,2.582265853881836
medium-sc917,20619,2.556744337081909
medium-sc917,20625,2.5513319969177246
medium-sc917,20654,2.5333399772644043
medium-sc917,20685,2.548154830932617
medium-sc917,20734,2.6185693740844727
medium-sc917,20748,2.501786231994629
medium-sc917,20764,2.5609540939331055
medium-sc917,20768,2.471587657928467
medium-sc917,20827,2.506004810333252
medium-sc917,20874,2.5915846824645996
medium-sc917,20895,2.5709333419799805
medium-sc917,20901,2.5020225048065186
medium-sc917,20907,2.6144070625305176
medium-sc917,20927,2.5548062324523926
medium-sc917,20932,2.5234739780426025
medium-sc917,20946,2.575343608856201
medium-sc917,20968,2.5618934631347656
medium-sc917,20973,2.481889247894287
medium-sc917,20987,2.5767550468444824
medium-sc917,20995,2.498443603515625
medium-sc917,21012,2.5046815872192383
medium-sc917,21014,2.498258590698242
medium-sc917,21057,2.5377700328826904
medium-sc917,21070,2.5330634117126465
medium-sc917,21083,2.5757064819335938
medium-sc917,21097,2.4256649017333984
medium-sc917,21103,2.602719783782959
medium-sc917,21122,2.6249091625213623
medium-sc917,21131,2.5456008911132812
medium-sc917,21159,2.610128402709961
medium-sc917,21164,2.5571603775024414
medium-sc917,21165,2.498105525970459
medium-sc917,21174,2.524136543273926
medium-sc917,21194,2.5429699420928955
medium-sc917,21201,2.5814905166625977
medium-sc917,21209,2.5368118286132812
medium-sc917,21224,2.500565528869629
medium-sc917,21239,2.5723228454589844
medium-sc917,21253,2.526247024536133
medium-sc917,21282,2.5322916507720947
medium-sc917,21299,2.542560338973999
medium-sc917,21336,2.501516103744507
medium-sc917,21343,2.565396308898926
medium-sc917,21355,2.5506362915039062
medium-sc917,21389,2.5652010440826416
medium-sc917,21419,2.6457369327545166
medium-sc917,21464,2.6175451278686523
medium-sc917,21476,2.4704155921936035
medium-sc917,21478,2.5259740352630615
medium-sc917,21486,2.474871873855591
medium-sc917,21487,2.5683236122131348
medium-sc917,21554,2.5226283073425293
medium-sc917,21574,2.5539822578430176
medium-sc917,21588,2.5707783699035645
medium-sc917,21614,2.556257724761963
medium-sc917,21647,2.5137076377868652
medium-sc917,21678,2.5822319984436035
medium-sc917,21720,2.4969396591186523
medium-sc917,21727,2.555196762084961
medium-sc917,21734,2.5212795734405518
medium-sc917,21735,2.4940810203552246
medium-sc917,21744,2.535000801086426
medium-sc917,21759,2.6003990173339844
medium-sc917,21767,2.562875747680664
medium-sc917,21768,2.496877908706665
medium-sc917,21770,2.571493625640869
medium-sc917,21776,2.555863857269287
medium-sc917,21810,2.557590961456299
medium-sc917,21813,2.4948511123657227
medium-sc917,21832,2.5923149585723877
medium-sc917,21836,2.5203137397766113
medium-sc917,21845,2.465113401412964
medium-sc917,21867,2.5476841926574707
medium-sc917,21875,2.597400665283203
medium-sc917,21913,2.563079357147217
medium-sc917,21924,2.467803955078125
medium-sc917,21966,2.5035457611083984
medium-sc917,21977,2.562413215637207
medium-sc917,21981,2.4817938804626465
medium-sc917,22003,2.515011787414551
medium-sc917,22013,2.5391674041748047
medium-sc917,22029,2.5882928371429443
medium-sc917,22035,2.516531467437744
medium-sc917,22052,2.5201406478881836
medium-sc917,22061,2.514655590057373
medium-sc917,22064,2.5054550170898438
medium-sc917,22068,2.459402084350586
medium-sc917,22101,2.5456669330596924
medium-sc917,22151,2.5518429279327393
medium-sc917,22157,2.500478744506836
medium-sc917,22173,2.505966901779175
medium-sc917,22190,2.5868663787841797
medium-sc917,22253,2.5683369636535645
medium-sc917,22280,2.525993824005127
medium-sc917,22298,2.5731558799743652
medium-sc917,22305,2.480980634689331
medium-sc917,22310,2.472327947616577
medium-sc917,22346,2.5617809295654297
medium-sc917,22379,2.5185296535491943
medium-sc917,22400,2.5586225986480713
medium-sc917,22411,2.501694917678833
medium-sc917,22415,2.536884307861328
medium-sc917,22436,2.538689136505127
medium-sc917,22444,2.601227283477783
medium-sc917,22471,2.508165121078491
medium-sc917,22498,2.5488553047180176
medium-sc917,22523,2.479466676712036
medium-sc917,22539,2.5479774475097656
medium-sc917,22554,2.5126471519470215
medium-sc917,22557,2.563814163208008
medium-sc917,22578,2.502851963043213
medium-sc917,22591,2.5158276557922363
medium-sc917,22607,2.4421281814575195
medium-sc917,22618,2.52839994430542
medium-sc917,22625,2.4812543392181396
medium-sc917,22655,2.5247764587402344
medium-sc917,22671,2.5087313652038574
medium-sc917,22678,2.4667410850524902
medium-sc917,22695,2.5097508430480957
medium-sc917,22709,2.476001262664795
medium-sc917,22724,2.5366015434265137
medium-sc917,22731,2.564563512802124
medium-sc917,22732,2.5391993522644043
medium-sc917,22748,2.4939069747924805
medium-sc917,22775,2.5385630130767822
medium-sc917,22786,2.500919818878174
medium-sc917,22795,2.5439109802246094
medium-sc917,22802,2.5006937980651855
medium-sc917,22836,2.457265853881836
medium-sc917,22861,2.505760669708252
medium-sc917,22900,2.5075268745422363
medium-sc917,22922,2.480116128921509
medium-sc917,22927,2.5060434341430664
medium-sc917,22930,2.4541468620300293
medium-sc917,22943,2.4423232078552246
medium-sc917,22975,2.4723997116088867
medium-sc917,22987,2.4614615440368652
medium-sc917,23000,2.490939140319824
medium-sc917,23001,2.5157241821289062
medium-sc917,23004,2.4291110038757324
medium-sc917,23038,2.4255189895629883
medium-sc917,23066,2.4558942317962646
medium-sc917,23074,2.5479369163513184
medium-sc917,23101,2.4857747554779053
medium-sc917,23116,2.533142566680908
medium-sc917,23120,2.5208687782287598
medium-sc917,23155,2.4185824394226074
medium-sc917,23163,2.471299648284912
medium-sc917,23211,2.467744827270508
medium-sc917,23225,2.458498477935791
medium-sc917,23243,2.4855518341064453
medium-sc917,23249,2.4722747802734375
medium-sc917,23251,2.5567359924316406
medium-sc917,23262,2.5349907875061035
medium-sc917,23279,2.56376576423645
medium-sc917,23309,2.534759044647217
medium-sc917,23317,2.459157705307007
medium-sc917,23323,2.408215045928955
medium-sc917,23325,2.487720012664795
medium-sc917,23335,2.6038317680358887
medium-sc917,23341,2.5668435096740723
medium-sc917,23343,2.514427661895752
medium-sc917,23367,2.478114366531372
medium-sc917,23370,2.5661001205444336
medium-sc917,23376,2.501936435699463
medium-sc917,23381,2.506700038909912
medium-sc917,23414,2.5082969665527344
medium-sc917,23427,2.3695061206817627
medium-sc917,23446,2.557412624359131
medium-sc917,23471,2.4992260932922363
medium-sc917,23475,2.4540772438049316
medium-sc917,23476,2.498546838760376
medium-sc917,23512,2.4888272285461426
medium-sc917,23525,2.4811129570007324
medium-sc917,23534,2.4965016841888428
medium-sc917,23540,2.5788159370422363
medium-sc917,23541,2.4855308532714844
medium-sc917,23543,2.482219696044922
medium-sc917,23596,2.4987621307373047
medium-sc917,23628,2.5264382362365723
medium-sc917,23653,2.4380745887756348
medium-sc917,23671,2.5539166927337646
medium-sc917,23757,2.4491524696350098
medium-sc917,23764,2.5094332695007324
medium-sc917,23773,2.508079767227173
medium-sc917,23785,2.470999240875244
medium-sc917,23796,2.4260454177856445
medium-sc917,23801,2.4410603046417236
medium-sc917,23815,2.474396228790283
medium-sc917,23819,2.4913973808288574
medium-sc917,23835,2.4846816062927246
medium-sc917,23836,2.4675774574279785
medium-sc917,23860,2.447007894515991
medium-sc917,23871,2.549398183822632
medium-sc917,23879,2.484780788421631
medium-sc917,23881,2.3834598064422607
medium-sc917,23891,2.4907240867614746
medium-sc917,23920,2.527449607849121
medium-sc917,23934,2.5025978088378906
medium-sc917,23936,2.525740146636963
medium-sc917,23943,2.478860378265381
medium-sc917,23949,2.485740900039673
medium-sc917,23966,2.454846143722534
medium-sc917,23973,2.505692481994629
medium-sc917,24004,2.5400586128234863
medium-sc917,24009,2.444247245788574
medium-sc917,24015,2.4237489700317383
medium-sc917,24028,2.4837892055511475
medium-sc917,24056,2.4342939853668213
medium-sc917,24080,2.5350780487060547
medium-sc917,24115,2.4890663623809814
medium-sc917,24124,2.459897518157959
medium-sc917,24173,2.5168843269348145
medium-sc917,24189,2.514010429382324
medium-sc917,24209,2.530472755432129
medium-sc917,24212,2.493913173675537
medium-sc917,24213,2.4563465118408203
medium-sc917,24218,2.4909610748291016
medium-sc917,24225,2.518928289413452
medium-sc917,24250,2.4252102375030518
medium-sc917,24257,2.496917724609375
medium-sc917,24263,2.4353787899017334
medium-sc917,24302,2.4456329345703125
medium-sc917,24305,2.5397262573242188
medium-sc917,24332,2.4424500465393066
medium-sc917,24369,2.5303866863250732
medium-sc917,24389,2.427861452102661
medium-sc917,24409,2.5529494285583496
medium-sc917,24420,2.5066089630126953
medium-sc917,24430,2.5093185901641846
medium-sc917,24442,2.4321885108947754
medium-sc917,24484,2.514072895050049
medium-sc917,24512,2.4454190731048584
medium-sc917,24525,2.5239553451538086
medium-sc917,24534,2.489067554473877
medium-sc917,24543,2.458275318145752
medium-sc917,24569,2.5787456035614014
medium-sc917,24583,2.5231175422668457
medium-sc917,24597,2.4908249378204346
medium-sc917,24598,2.464421510696411
medium-sc917,24625,2.477216958999634
medium-sc917,24635,2.403212785720825
medium-sc917,24654,2.4570741653442383
medium-sc917,24661,2.396974563598633
medium-sc917,24668,2.386335611343384
medium-sc917,24711,2.405533790588379
medium-sc917,24721,2.4748873710632324
medium-sc917,24745,2.385728597640991
medium-sc917,24749,2.427384853363037
medium-sc917,24756,2.4112093448638916
medium-sc917,24794,2.544891357421875
medium-sc917,24831,2.4868738651275635
medium-sc917,24848,2.4028513431549072
medium-sc917,24881,2.513347625732422
medium-sc917,24887,2.456411838531494
medium-sc917,24893,2.5236458778381348
medium-sc917,24896,2.539978265762329
medium-sc917,24908,2.4955036640167236
medium-sc917,24925,2.4210877418518066
medium-sc917,24928,2.428464889526367
medium-sc917,24946,2.423089027404785
medium-sc917,24947,2.5279366970062256
medium-sc917,24955,2.4886600971221924
medium-sc917,24963,2.499319076538086
medium-sc917,24966,2.3555989265441895
medium-sc917,24969,2.463129758834839
medium-sc917,25003,2.474853038787842
medium-sc917,25021,2.5262551307678223
medium-sc917,25040,2.4579203128814697
medium-sc917,25070,2.5264956951141357
medium-sc917,25077,2.4386446475982666
medium-sc917,25094,2.436295747756958
medium-sc917,25132,2.5366525650024414
medium-sc917,25159,2.4722237586975098
medium-sc917,25162,2.4840471744537354
medium-sc917,25178,2.43746280670166
medium-sc917,25226,2.444878101348877
medium-sc917,25234,2.4901022911071777
medium-sc917,25250,2.5015735626220703
medium-sc917,25276,2.3562800884246826
medium-sc917,25288,2.5268640518188477
medium-sc917,25296,2.5145208835601807
medium-sc917,25302,2.4850635528564453
medium-sc917,25315,2.422802686691284
medium-sc917,25328,2.4674224853515625
medium-sc917,25353,2.442617654800415
medium-sc917,25359,2.4548661708831787
medium-sc917,25369,2.477680206298828
medium-sc917,25375,2.445016860961914
medium-sc917,25386,2.454763650894165
medium-sc917,25393,2.5133283138275146
medium-sc917,25401,2.4888250827789307
medium-sc917,25404,2.4064431190490723
medium-sc917,25405,2.4313087463378906
medium-sc917,25415,2.4347877502441406
medium-sc917,25468,2.4749832153320312
medium-sc917,25476,2.4678235054016113
medium-sc917,25483,2.48728609085083
medium-sc917,25508,2.4525513648986816
medium-sc917,25555,2.4995131492614746
medium-sc917,25575,2.4952340126037598
medium-sc917,25599,2.408806085586548
medium-sc917,25605,2.487607717514038
medium-sc917,25608,2.4223294258117676
medium-sc917,25611,2.512249708175659
medium-sc917,25619,2.436180830001831
medium-sc917,25631,2.4698903560638428
medium-sc917,25705,2.483844757080078
medium-sc917,25713,2.4107446670532227
medium-sc917,25716,2.498689889907837
medium-sc917,25736,2.375347852706909
medium-sc917,25747,2.4945690631866455
medium-sc917,25756,2.4595699310302734
medium-sc917,25788,2.4801487922668457
medium-sc917,25791,2.5055222511291504
medium-sc917,25792,2.4559528827667236
medium-sc917,25793,2.493718147277832
medium-sc917,25824,2.451962471008301
medium-sc917,25845,2.4657986164093018
medium-sc917,25849,2.4177908897399902
medium-sc917,25852,2.3818249702453613
medium-sc917,25860,2.4170494079589844
medium-sc917,25895,2.42288875579834
medium-sc917,25941,2.4306769371032715
medium-sc917,25951,2.5156614780426025
medium-sc917,25955,2.5020735263824463
medium-sc917,25975,2.4733777046203613
medium-sc917,26004,2.451935291290283
medium-sc917,26008,2.438384771347046
medium-sc917,26036,2.358469247817993
medium-sc917,26066,2.40632963180542
medium-sc917,26073,2.4246675968170166
medium-sc917,26074,2.406987190246582
medium-sc917,26084,2.4974732398986816
medium-sc917,26090,2.5363106727600098
medium-sc917,26101,2.5018112659454346
medium-sc917,26121,2.3593499660491943
medium-sc917,26131,2.5014820098876953
medium-sc917,26152,2.4318766593933105
medium-sc917,26181,2.454432487487793
medium-sc917,26182,2.3607144355773926
medium-sc917,26185,2.487215995788574
medium-sc917,26189,2.4844541549682617
medium-sc917,26228,2.433192729949951
medium-sc917,26279,2.4571688175201416
medium-sc917,26286,2.343308925628662
medium-sc917,26287,2.473618268966675
medium-sc917,26304,2.429739475250244
medium-sc917,26313,2.4511992931365967
medium-sc917,26322,2.459527015686035
medium-sc917,26394,2.4477944374084473
medium-sc917,26408,2.3945717811584473
medium-sc917,26422,2.439518928527832
medium-sc917,26433,2.48506498336792
medium-sc917,26444,2.468935966491699
medium-sc917,26447,2.549206256866455
medium-sc917,26453,2.503498077392578
medium-sc917,26464,2.373969078063965
medium-sc917,26474,2.408456802368164
medium-sc917,26479,2.4224376678466797
medium-sc917,26483,2.458085536956787
medium-sc917,26487,2.495835304260254
medium-sc917,26492,2.4322352409362793
medium-sc917,26502,2.4788992404937744
medium-sc917,26524,2.453822135925293
medium-sc917,26538,2.389253616333008
medium-sc917,26566,2.450255870819092
medium-sc917,26591,2.4221858978271484
medium-sc917,26624,2.4045908451080322
medium-sc917,26625,2.4376463890075684
medium-sc917,26644,2.4634974002838135
medium-sc917,26646,2.4643638134002686
medium-sc917,26679,2.397853374481201
medium-sc917,26708,2.5004944801330566
medium-sc917,26728,2.4618337154388428
medium-sc917,26735,2.436671257019043
medium-sc917,26743,2.4615988731384277
medium-sc917,26763,2.4408068656921387
medium-sc917,26772,2.516292095184326
medium-sc917,26792,2.4549341201782227
medium-sc917,26793,2.4717836380004883
medium-sc917,26796,2.483999490737915
medium-sc917,26816,2.453484296798706
medium-sc917,26836,2.4609017372131348
medium-sc917,26843,2.4294116497039795
medium-sc917,26857,2.430874824523926
medium-sc917,26858,2.4372172355651855
medium-sc917,26863,2.4597840309143066
medium-sc917,26880,2.382155418395996
medium-sc917,26897,2.480055809020996
medium-sc917,26979,2.3891477584838867
medium-sc917,27031,2.4088568687438965
medium-sc917,27055,2.4547231197357178
medium-sc917,27057,2.4718503952026367
medium-sc917,27063,2.556945323944092
medium-sc917,27068,2.3477659225463867
medium-sc917,27070,2.3818907737731934
medium-sc917,27072,2.483426570892334
medium-sc917,27074,2.4529330730438232
medium-sc917,27076,2.451829671859741
medium-sc917,27103,2.4083352088928223
medium-sc917,27119,2.473809003829956
medium-sc917,27129,2.4382219314575195
medium-sc917,27134,2.408604621887207
medium-sc917,27138,2.4982051849365234
medium-sc917,27140,2.4165267944335938
medium-sc917,27148,2.42234206199646
medium-sc917,27152,2.3826513290405273
medium-sc917,27157,2.4587323665618896
medium-sc917,27158,2.4551868438720703
medium-sc917,27159,2.487180709838867
medium-sc917,27166,2.4612069129943848
medium-sc917,27177,2.423004627227783
medium-sc917,27182,2.4006805419921875
medium-sc917,27186,2.418395519256592
medium-sc917,27192,2.476767063140869
medium-sc917,27202,2.4199814796447754
medium-sc917,27207,2.412635564804077
medium-sc917,27258,2.4896292686462402
medium-sc917,27260,2.4255213737487793
medium-sc917,27270,2.4285831451416016
medium-sc917,27285,2.3476486206054688
medium-sc917,27322,2.448279857635498
medium-sc917,27343,2.4256975650787354
medium-sc917,27357,2.4657816886901855
medium-sc917,27358,2.5123510360717773
medium-sc917,27364,2.440833330154419
medium-sc917,27369,2.4458250999450684
medium-sc917,27440,2.4203763008117676
medium-sc917,27463,2.403304100036621
medium-sc917,27465,2.454235553741455
medium-sc917,27489,2.3792552947998047
medium-sc917,27510,2.412116050720215
medium-sc917,27523,2.4495346546173096
medium-sc917,27530,2.3705992698669434
medium-sc917,27568,2.431990623474121
medium-sc917,27587,2.3840250968933105
medium-sc917,27589,2.427043914794922
medium-sc917,27598,2.4172072410583496
medium-sc917,27610,2.447666883468628
medium-sc917,27626,2.4312963485717773
medium-sc917,27630,2.4055213928222656
medium-sc917,27633,2.3369765281677246
medium-sc917,27656,2.4362633228302
medium-sc917,27666,2.49168062210083
medium-sc917,27696,2.481074333190918
medium-sc917,27697,2.440474271774292
medium-sc917,27706,2.4752697944641113
medium-sc917,27721,2.484248161315918
medium-sc917,27730,2.450120449066162
medium-sc917,27743,2.459779739379883
medium-sc917,27749,2.3766627311706543
medium-sc917,27769,2.451774835586548
medium-sc917,27817,2.4915103912353516
medium-sc917,27820,2.4215922355651855
medium-sc917,27828,2.4336185455322266
medium-sc917,27888,2.505688190460205
medium-sc917,27947,2.3951401710510254
medium-sc917,27968,2.41377592086792
medium-sc917,27971,2.4646494388580322
medium-sc917,27990,2.4039371013641357
medium-sc917,28002,2.4233005046844482
medium-sc917,28039,2.46177339553833
medium-sc917,28051,2.441197156906128
medium-sc917,28053,2.4297564029693604
medium-sc917,28054,2.442917823791504
medium-sc917,28055,2.4449424743652344
medium-sc917,28064,2.434061050415039
medium-sc917,28073,2.449949264526367
medium-sc917,28084,2.433483123779297
medium-sc917,28102,2.465498924255371
medium-sc917,28105,2.417966842651367
medium-sc917,28107,2.4142775535583496
medium-sc917,28118,2.444650173187256
medium-sc917,28121,2.4147849082946777
medium-sc917,28124,2.383882522583008
medium-sc917,28138,2.463672161102295
medium-sc917,28149,2.366673707962036
medium-sc917,28155,2.354640483856201
medium-sc917,28168,2.4638233184814453
medium-sc917,28170,2.407893657684326
medium-sc917,28171,2.3965070247650146
medium-sc917,28209,2.3830714225769043
medium-sc917,28213,2.468687057495117
medium-sc917,28219,2.3946077823638916
medium-sc917,28223,2.4882121086120605
medium-sc917,28233,2.4649245738983154
medium-sc917,28234,2.396883964538574
medium-sc917,28245,2.435349464416504
medium-sc917,28256,2.516021251678467
medium-sc917,28270,2.413538694381714
medium-sc917,28312,2.462972402572632
medium-sc917,28346,2.3695154190063477
medium-sc917,28349,2.457052707672119
medium-sc917,28353,2.425532579421997
medium-sc917,28354,2.4221909046173096
medium-sc917,28389,2.468186378479004
medium-sc917,28399,2.4524528980255127
medium-sc917,28403,2.4745306968688965
medium-sc917,28410,2.471018075942993
medium-sc917,28416,2.4193410873413086
medium-sc917,28420,2.3741650581359863
medium-sc917,28421,2.488785982131958
medium-sc917,28424,2.439962387084961
medium-sc917,28442,2.3868424892425537
medium-sc917,28476,2.472757339477539
medium-sc917,28483,2.4289135932922363
medium-sc917,28489,2.4959945678710938
medium-sc917,28491,2.4006216526031494
medium-sc917,28493,2.418602705001831
medium-sc917,28506,2.4379453659057617
medium-sc917,28529,2.4208014011383057
medium-sc917,28534,2.366647481918335
medium-sc917,28558,2.424802303314209
medium-sc917,28564,2.42602801322937
medium-sc917,28580,2.3532519340515137
medium-sc917,28635,2.463759183883667
medium-sc917,28641,2.3713622093200684
medium-sc917,28646,2.417022228240967
medium-sc917,28672,2.358452796936035
medium-sc917,28676,2.448852300643921
medium-sc917,28687,2.4142184257507324
medium-sc917,28709,2.447007179260254
medium-sc917,28716,2.392876148223877
medium-sc917,28741,2.4480159282684326
medium-sc917,28749,2.391083240509033
medium-sc917,28750,2.429564952850342
medium-sc917,28812,2.3497838973999023
medium-sc917,28818,2.461674928665161
medium-sc917,28824,2.4796504974365234
medium-sc917,28826,2.3481483459472656
medium-sc917,28836,2.5318078994750977
medium-sc917,28853,2.3968214988708496
medium-sc917,28944,2.445542812347412
medium-sc917,28952,2.394744396209717
medium-sc917,28958,2.4518001079559326
medium-sc917,28975,2.4182965755462646
medium-sc917,28988,2.4816789627075195
medium-sc917,29023,2.432427406311035
medium-sc917,29045,2.4731502532958984
medium-sc917,29058,2.425368070602417
medium-sc917,29066,2.4441299438476562
medium-sc917,29070,2.3372573852539062
medium-sc917,29081,2.408794641494751
medium-sc917,29089,2.338348865509033
medium-sc917,29104,2.4303627014160156
medium-sc917,29132,2.44242525100708
medium-sc917,29146,2.4408416748046875
medium-sc917,29162,2.4009597301483154
medium-sc917,29178,2.4778318405151367
medium-sc917,29188,2.415088415145874
medium-sc917,29226,2.4011471271514893
medium-sc917,29248,2.478682518005371
medium-sc917,29263,2.4144694805145264
medium-sc917,29276,2.425258159637451
medium-sc917,29281,2.361623764038086
medium-sc917,29299,2.3801374435424805
medium-sc917,29301,2.470787763595581
medium-sc917,29317,2.392760753631592
medium-sc917,29346,2.4146690368652344
medium-sc917,29347,2.430610179901123
medium-sc917,29368,2.411029815673828
medium-sc917,29385,2.487004041671753
medium-sc917,29413,2.355091094970703
medium-sc917,29439,2.517688751220703
medium-sc917,29444,2.466773271560669
medium-sc917,29447,2.4391329288482666
medium-sc917,29455,2.382784605026245
medium-sc917,29459,2.449965238571167
medium-sc917,29460,2.4349865913391113
medium-sc917,29461,2.3983025550842285
medium-sc917,29463,2.4930124282836914
medium-sc917,29473,2.4588680267333984
medium-sc917,29480,2.431758165359497
medium-sc917,29485,2.3959667682647705
medium-sc917,29506,2.450172185897827
medium-sc917,29509,2.4185099601745605
medium-sc917,29542,2.4592037200927734
medium-sc917,29567,2.4087891578674316
medium-sc917,29569,2.429746150970459
medium-sc917,29575,2.4660496711730957
medium-sc917,29586,2.4559731483459473
medium-sc917,29597,2.396873712539673
medium-sc917,29598,2.4597792625427246
medium-sc917,29599,2.4299392700195312
medium-sc917,29601,2.465156316757202
medium-sc917,29607,2.476987361907959
medium-sc917,29640,2.4338674545288086
medium-sc917,29650,2.466841459274292
medium-sc917,29690,2.44846773147583
medium-sc917,29692,2.4224424362182617
medium-sc917,29704,2.4069314002990723
medium-sc917,29707,2.4358971118927
medium-sc917,29711,2.4122304916381836
medium-sc917,29719,2.439021110534668
medium-sc917,29725,2.405834436416626
medium-sc917,29737,2.363889217376709
medium-sc917,29745,2.466297149658203
medium-sc917,29778,2.494318723678589
medium-sc917,29828,2.44781756401062
medium-sc917,29831,2.3086585998535156
medium-sc917,29898,2.4609851837158203
medium-sc917,29922,2.472879648208618
medium-sc917,29931,2.480973720550537
medium-sc917,29968,2.372863531112671
medium-sc917,29980,2.4619669914245605
medium-sc917,29982,2.3542284965515137
medium-sc917,30015,2.425696849822998
medium-sc917,30039,2.4235401153564453
medium-sc917,30046,2.443957805633545
medium-sc917,30062,2.4405879974365234
medium-sc917,30074,2.4308876991271973
medium-sc917,30112,2.3655595779418945
medium-sc917,30119,2.4221978187561035
medium-sc917,30120,2.3779125213623047
medium-sc917,30123,2.4207968711853027
medium-sc917,30181,2.4738149642944336
medium-sc917,30185,2.425583839416504
medium-sc917,30215,2.4165761470794678
medium-sc917,30216,2.4288411140441895
medium-sc917,30222,2.4888155460357666
medium-sc917,30224,2.422239065170288
medium-sc917,30226,2.4205002784729004
medium-sc917,30254,2.432914972305298
medium-sc917,30270,2.390042304992676
medium-sc917,30284,2.3910069465637207
medium-sc917,30290,2.5223755836486816
medium-sc917,30294,2.443274736404419
medium-sc917,30299,2.4097142219543457
medium-sc917,30310,2.38670015335083
medium-sc917,30315,2.4209413528442383
medium-sc917,30325,2.438627243041992
medium-sc917,30398,2.473029613494873
medium-sc917,30406,2.4072446823120117
medium-sc917,30420,2.468992233276367
medium-sc917,30422,2.438814640045166
medium-sc917,30443,2.395155429840088
medium-sc917,30456,2.4609832763671875
medium-sc917,30458,2.44635009765625
medium-sc917,30460,2.4600305557250977
medium-sc917,30481,2.48458194732666
medium-sc917,30495,2.411710739135742
medium-sc917,30516,2.4199132919311523
medium-sc917,30519,2.422044515609741
medium-sc917,30537,2.4572434425354004
medium-sc917,30584,2.477473020553589
medium-sc917,30598,2.3919901847839355
medium-sc917,30627,2.408442974090576
medium-sc917,30633,2.4443111419677734
medium-sc917,30659,2.4724230766296387
medium-sc917,30675,2.4139976501464844
medium-sc917,30683,2.4051151275634766
medium-sc917,30747,2.428711175918579
medium-sc917,30765,2.4036850929260254
medium-sc917,30769,2.378697633743286
medium-sc917,30808,2.36655330657959
medium-sc917,30816,2.532008171081543
medium-sc917,30820,2.403730869293213
medium-sc917,30827,2.402883529663086
medium-sc917,30830,2.4367151260375977
medium-sc917,30844,2.3690314292907715
medium-sc917,30846,2.4164674282073975
medium-sc917,30848,2.49021577835083
medium-sc917,30864,2.4462013244628906
medium-sc917,30868,2.495206356048584
medium-sc917,30890,2.429961681365967
medium-sc917,30924,2.4735898971557617
medium-sc917,30941,2.3839893341064453
medium-sc917,30943,2.4527111053466797
medium-sc917,30974,2.4288508892059326
medium-sc917,30982,2.5869088172912598
medium-sc917,30988,2.394401788711548
medium-sc917,30996,2.4351389408111572
medium-sc917,31001,2.4053423404693604
medium-sc917,31010,2.4006564617156982
medium-sc917,31011,2.4690158367156982
medium-sc917,31050,2.4314041137695312
medium-sc917,31056,2.4598209857940674
medium-sc917,31060,2.4221670627593994
medium-sc917,31063,2.443511962890625
medium-sc917,31076,2.3940606117248535
medium-sc917,31083,2.4944586753845215
medium-sc917,31097,2.4668188095092773
medium-sc917,31113,2.4225144386291504
medium-sc917,31140,2.381195306777954
medium-sc917,31149,2.4387013912200928
medium-sc917,31156,2.4170327186584473
medium-sc917,31173,2.4463183879852295
medium-sc917,31178,2.364102363586426
medium-sc917,31182,2.44783353805542
medium-sc917,31184,2.4705135822296143
medium-sc917,31193,2.444314479827881
medium-sc917,31194,2.401066780090332
medium-sc917,31223,2.4433956146240234
medium-sc917,31226,2.3748457431793213
medium-sc917,31242,2.446969509124756
medium-sc917,31254,2.3931357860565186
medium-sc917,31257,2.3733906745910645
medium-sc917,31265,2.429112672805786
medium-sc917,31266,2.3799071311950684
medium-sc917,31274,2.426711320877075
medium-sc917,31291,2.375424861907959
medium-sc341,7,111.4892578125
medium-sc341,14,111.72005462646484
medium-sc341,33,110.17483520507812
medium-sc341,42,107.82260131835938
medium-sc341,87,92.36971282958984
medium-sc341,90,90.19601440429688
medium-sc341,93,89.28216552734375
medium-sc341,96,88.47198486328125
medium-sc341,101,86.83468627929688
medium-sc341,136,81.58401489257812
medium-sc341,143,79.6981201171875
medium-sc341,150,79.9090576171875
medium-sc341,152,78.84696197509766
medium-sc341,192,71.78427124023438
medium-sc341,195,72.73182678222656
medium-sc341,197,72.15849304199219
medium-sc341,213,69.12801361083984
medium-sc341,238,64.76934814453125
medium-sc341,269,59.67351531982422
medium-sc341,275,58.8879508972168
medium-sc341,276,59.347816467285156
medium-sc341,319,52.86455535888672
medium-sc341,323,51.241485595703125
medium-sc341,372,43.900394439697266
medium-sc341,378,43.27449035644531
medium-sc341,382,42.56399154663086
medium-sc341,405,39.458412170410156
medium-sc341,425,36.58338928222656
medium-sc341,441,34.76172637939453
medium-sc341,444,34.829158782958984
medium-sc341,458,32.822845458984375
medium-sc341,502,30.288415908813477
medium-sc341,506,29.844825744628906
medium-sc341,511,29.553302764892578
medium-sc341,512,29.47058868408203
medium-sc341,519,29.96237564086914
medium-sc341,527,28.85077667236328
medium-sc341,531,28.185260772705078
medium-sc341,535,27.41976547241211
medium-sc341,545,26.989219665527344
medium-sc341,574,24.692501068115234
medium-sc341,584,25.074932098388672
medium-sc341,610,23.067337036132812
medium-sc341,617,22.129241943359375
medium-sc341,622,22.26451301574707
medium-sc341,629,21.82965850830078
medium-sc341,652,20.216466903686523
medium-sc341,672,18.979721069335938
medium-sc341,678,18.730491638183594
medium-sc341,682,18.098207473754883
medium-sc341,686,17.79879379272461
medium-sc341,690,18.883806228637695
medium-sc341,696,18.787612915039062
medium-sc341,698,18.404340744018555
medium-sc341,720,17.666091918945312
medium-sc341,731,16.5523681640625
medium-sc341,735,16.748661041259766
medium-sc341,745,17.014074325561523
medium-sc341,753,16.008459091186523
medium-sc341,764,17.854650497436523
medium-sc341,775,17.6055850982666
medium-sc341,812,15.59734058380127
medium-sc341,841,14.905335426330566
medium-sc341,862,14.47089958190918
medium-sc341,872,14.33659553527832
medium-sc341,897,14.166610717773438
medium-sc341,908,13.337159156799316
medium-sc341,918,13.472152709960938
medium-sc341,929,14.039072036743164
medium-sc341,946,13.526150703430176
medium-sc341,949,13.752108573913574
medium-sc341,981,13.22970962524414
medium-sc341,991,13.09619140625
medium-sc341,993,13.42275619506836
medium-sc341,1012,12.896190643310547
medium-sc341,1014,12.75212574005127
medium-sc341,1021,12.695542335510254
medium-sc341,1022,12.663307189941406
medium-sc341,1027,12.790641784667969
medium-sc341,1041,12.7568359375
medium-sc341,1064,12.438305854797363
medium-sc341,1094,11.85988998413086
medium-sc341,1128,11.481807708740234
medium-sc341,1132,11.832624435424805
medium-sc341,1134,11.598485946655273
medium-sc341,1158,11.652688980102539
medium-sc341,1161,11.707014083862305
medium-sc341,1176,11.482760429382324
medium-sc341,1215,11.120973587036133
medium-sc341,1232,11.163959503173828
medium-sc341,1266,11.072593688964844
medium-sc341,1289,10.650060653686523
medium-sc341,1300,10.40216064453125
medium-sc341,1302,10.781147956848145
medium-sc341,1308,11.252792358398438
medium-sc341,1320,11.172637939453125
medium-sc341,1336,10.518073081970215
medium-sc341,1344,10.29648208618164
medium-sc341,1356,10.602361679077148
medium-sc341,1364,10.736799240112305
medium-sc341,1370,10.30966567993164
medium-sc341,1371,10.615524291992188
medium-sc341,1374,10.350561141967773
medium-sc341,1401,10.289407730102539
medium-sc341,1420,10.342378616333008
medium-sc341,1433,10.612564086914062
medium-sc341,1439,10.54637336730957
medium-sc341,1448,10.674171447753906
medium-sc341,1462,10.60310173034668
medium-sc341,1468,10.116576194763184
medium-sc341,1472,10.050283432006836
medium-sc341,1483,9.81614875793457
medium-sc341,1512,10.066007614135742
medium-sc341,1522,10.536031723022461
medium-sc341,1524,9.88772964477539
medium-sc341,1539,10.571979522705078
medium-sc341,1551,10.211069107055664
medium-sc341,1561,10.125677108764648
medium-sc341,1562,9.459806442260742
medium-sc341,1566,9.946073532104492
medium-sc341,1567,10.07264518737793
medium-sc341,1623,9.964726448059082
medium-sc341,1628,9.604609489440918
medium-sc341,1634,9.861490249633789
medium-sc341,1660,9.930850982666016
medium-sc341,1686,9.658882141113281
medium-sc341,1725,9.526790618896484
medium-sc341,1729,9.754093170166016
medium-sc341,1739,9.544265747070312
medium-sc341,1762,9.574234962463379
medium-sc341,1765,9.53232192993164
medium-sc341,1774,9.503934860229492
medium-sc341,1805,9.915521621704102
medium-sc341,1826,9.132411003112793
medium-sc341,1860,9.2420654296875
medium-sc341,1889,9.01408576965332
medium-sc341,1938,9.281126022338867
medium-sc341,1939,9.092714309692383
medium-sc341,1947,9.011711120605469
medium-sc341,1956,8.53384780883789
medium-sc341,1965,9.150379180908203
medium-sc341,1972,8.58437728881836
medium-sc341,1976,9.00143051147461
medium-sc341,1978,9.211150169372559
medium-sc341,2009,8.926072120666504
medium-sc341,2036,9.109917640686035
medium-sc341,2060,9.04273509979248
medium-sc341,2078,8.4970064163208
medium-sc341,2090,9.360300064086914
medium-sc341,2174,9.063260078430176
medium-sc341,2193,8.711431503295898
medium-sc341,2205,8.464216232299805
medium-sc341,2206,8.456737518310547
medium-sc341,2229,9.059052467346191
medium-sc341,2288,8.558889389038086
medium-sc341,2293,8.569917678833008
medium-sc341,2311,8.484164237976074
medium-sc341,2378,8.520939826965332
medium-sc341,2389,8.419480323791504
medium-sc341,2397,8.29803466796875
medium-sc341,2430,8.396724700927734
medium-sc341,2441,8.247994422912598
medium-sc341,2447,8.264354705810547
medium-sc341,2448,8.497095108032227
medium-sc341,2464,8.532522201538086
medium-sc341,2508,8.216514587402344
medium-sc341,2516,8.240856170654297
medium-sc341,2541,8.068466186523438
medium-sc341,2548,8.03134536743164
medium-sc341,2585,8.05314826965332
medium-sc341,2590,8.063899993896484
medium-sc341,2600,8.087442398071289
medium-sc341,2606,7.786379814147949
medium-sc341,2610,8.266592025756836
medium-sc341,2615,7.9391961097717285
medium-sc341,2630,8.293121337890625
medium-sc341,2650,8.323249816894531
medium-sc341,2660,8.279468536376953
medium-sc341,2662,8.093318939208984
medium-sc341,2666,8.241260528564453
medium-sc341,2733,8.283540725708008
medium-sc341,2735,8.224878311157227
medium-sc341,2738,7.948375701904297
medium-sc341,2740,7.8191986083984375
medium-sc341,2746,8.239832878112793
medium-sc341,2756,8.076183319091797
medium-sc341,2775,7.909657955169678
medium-sc341,2781,7.989845275878906
medium-sc341,2796,7.49096155166626
medium-sc341,2801,7.886138916015625
medium-sc341,2839,7.821549892425537
medium-sc341,2872,7.649972915649414
medium-sc341,2884,7.64106559753418
medium-sc341,2887,7.589789390563965
medium-sc341,2897,7.743722915649414
medium-sc341,2900,7.429500579833984
medium-sc341,2903,7.755531311035156
medium-sc341,2910,7.870800495147705
medium-sc341,2925,7.8148322105407715
medium-sc341,2963,7.825565814971924
medium-sc341,2969,7.819672107696533
medium-sc341,2977,7.764657974243164
medium-sc341,2991,7.7234086990356445
medium-sc341,2992,7.547635555267334
medium-sc341,2993,7.751244068145752
medium-sc341,3025,7.678633689880371
medium-sc341,3026,7.693241119384766
medium-sc341,3049,7.4873199462890625
medium-sc341,3051,7.627492427825928
medium-sc341,3061,7.837495803833008
medium-sc341,3103,7.373931884765625
medium-sc341,3112,7.497982978820801
medium-sc341,3135,7.551504611968994
medium-sc341,3159,7.747410774230957
medium-sc341,3171,7.701230049133301
medium-sc341,3183,7.372505187988281
medium-sc341,3190,7.573040962219238
medium-sc341,3248,7.493934631347656
medium-sc341,3277,7.421391010284424
medium-sc341,3289,7.290098190307617
medium-sc341,3312,7.418014049530029
medium-sc341,3316,7.742849826812744
medium-sc341,3358,7.434288024902344
medium-sc341,3376,7.430003643035889
medium-sc341,3380,7.234047889709473
medium-sc341,3401,7.233991622924805
medium-sc341,3402,7.205568313598633
medium-sc341,3406,7.5067291259765625
medium-sc341,3408,7.202695846557617
medium-sc341,3415,7.421689987182617
medium-sc341,3416,7.27976655960083
medium-sc341,3433,7.239818096160889
medium-sc341,3434,7.0692219734191895
medium-sc341,3435,7.477561950683594
medium-sc341,3452,7.039974212646484
medium-sc341,3456,7.343559741973877
medium-sc341,3495,7.254794120788574
medium-sc341,3503,7.094912052154541
medium-sc341,3527,7.288402557373047
medium-sc341,3539,7.348564147949219
medium-sc341,3548,7.263105392456055
medium-sc341,3553,7.318157196044922
medium-sc341,3555,7.204777240753174
medium-sc341,3563,7.225502967834473
medium-sc341,3578,7.25000524520874
medium-sc341,3579,6.919419288635254
medium-sc341,3587,7.333694934844971
medium-sc341,3643,7.289730548858643
medium-sc341,3646,7.168044090270996
medium-sc341,3661,7.121792793273926
medium-sc341,3677,7.413556098937988
medium-sc341,3684,7.187438011169434
medium-sc341,3707,7.275729656219482
medium-sc341,3708,7.3170166015625
medium-sc341,3717,7.451842308044434
medium-sc341,3724,7.197093963623047
medium-sc341,3737,6.985981464385986
medium-sc341,3779,6.973664283752441
medium-sc341,3792,6.950387001037598
medium-sc341,3794,6.859223365783691
medium-sc341,3800,6.997448921203613
medium-sc341,3811,6.94327974319458
medium-sc341,3812,6.9852213859558105
medium-sc341,3817,7.020696640014648
medium-sc341,3854,6.907862663269043
medium-sc341,3878,6.703472137451172
medium-sc341,3882,7.0423736572265625
medium-sc341,3894,7.279799461364746
medium-sc341,3897,6.926382064819336
medium-sc341,3905,6.830164909362793
medium-sc341,3928,7.055303573608398
medium-sc341,3930,6.714432716369629
medium-sc341,3954,6.892326354980469
medium-sc341,4012,7.012548446655273
medium-sc341,4014,7.107187271118164
medium-sc341,4016,6.781727313995361
medium-sc341,4024,6.674216270446777
medium-sc341,4049,6.851968765258789
medium-sc341,4079,6.9546685218811035
medium-sc341,4092,7.040618896484375
medium-sc341,4098,6.963225364685059
medium-sc341,4111,6.73014497756958
medium-sc341,4118,6.735618591308594
medium-sc341,4125,6.869197845458984
medium-sc341,4149,6.7711944580078125
medium-sc341,4169,6.7308349609375
medium-sc341,4180,6.7675886154174805
medium-sc341,4205,6.946242332458496
medium-sc341,4210,6.886388778686523
medium-sc341,4240,6.3555192947387695
medium-sc341,4260,6.7500786781311035
medium-sc341,4273,6.687065601348877
medium-sc341,4278,6.6987504959106445
medium-sc341,4280,6.824174880981445
medium-sc341,4284,6.348774433135986
medium-sc341,4306,6.454016208648682
medium-sc341,4330,6.612828254699707
medium-sc341,4352,6.703242301940918
medium-sc341,4368,6.2031073570251465
medium-sc341,4386,6.541789531707764
medium-sc341,4394,6.400267601013184
medium-sc341,4454,6.546050548553467
medium-sc341,4493,6.733453750610352
medium-sc341,4499,6.721997261047363
medium-sc341,4543,6.979928970336914
medium-sc341,4580,6.30203104019165
medium-sc341,4593,6.453394889831543
medium-sc341,4601,6.5680131912231445
medium-sc341,4605,6.450833320617676
medium-sc341,4631,6.615200996398926
medium-sc341,4634,6.306337356567383
medium-sc341,4640,6.557755470275879
medium-sc341,4645,6.379144668579102
medium-sc341,4650,6.2451581954956055
medium-sc341,4654,6.535759925842285
medium-sc341,4678,6.342258453369141
medium-sc341,4683,6.654528617858887
medium-sc341,4703,6.234951019287109
medium-sc341,4741,6.565352439880371
medium-sc341,4747,6.355630397796631
medium-sc341,4759,6.6708455085754395
medium-sc341,4763,6.452300071716309
medium-sc341,4771,6.361459732055664
medium-sc341,4797,6.461495399475098
medium-sc341,4821,6.3416924476623535
medium-sc341,4822,6.446412563323975
medium-sc341,4850,6.39303731918335
medium-sc341,4864,6.4236860275268555
medium-sc341,4891,6.279444217681885
medium-sc341,4941,6.239546775817871
medium-sc341,4971,6.380790710449219
medium-sc341,5015,6.436356067657471
medium-sc341,5032,6.279364109039307
medium-sc341,5040,6.3845648765563965
medium-sc341,5065,6.268806457519531
medium-sc341,5073,6.292932033538818
medium-sc341,5107,6.287708282470703
medium-sc341,5148,6.241649627685547
medium-sc341,5172,6.224418640136719
medium-sc341,5176,6.2894439697265625
medium-sc341,5185,6.2047882080078125
medium-sc341,5216,6.127839088439941
medium-sc341,5233,6.044249057769775
medium-sc341,5238,6.210226058959961
medium-sc341,5271,5.984289646148682
medium-sc341,5275,6.144361972808838
medium-sc341,5279,6.127877712249756
medium-sc341,5287,6.056828498840332
medium-sc341,5302,6.3187971115112305
medium-sc341,5304,6.270238876342773
medium-sc341,5326,6.276226043701172
medium-sc341,5344,6.067718505859375
medium-sc341,5348,6.117620468139648
medium-sc341,5355,6.100008964538574
medium-sc341,5357,6.072910785675049
medium-sc341,5369,6.3384504318237305
medium-sc341,5443,6.097757816314697
medium-sc341,5450,6.029555320739746
medium-sc341,5454,5.976410388946533
medium-sc341,5463,6.069522857666016
medium-sc341,5475,6.103049278259277
medium-sc341,5482,5.844239711761475
medium-sc341,5485,6.19516658782959
medium-sc341,5494,6.01270866394043
medium-sc341,5528,5.920150279998779
medium-sc341,5534,6.082676887512207
medium-sc341,5543,6.008792400360107
medium-sc341,5546,5.776545524597168
medium-sc341,5549,6.047811031341553
medium-sc341,5558,5.969015121459961
medium-sc341,5565,5.799602508544922
medium-sc341,5566,5.909934997558594
medium-sc341,5569,6.191590309143066
medium-sc341,5572,5.967451095581055
medium-sc341,5621,6.169531345367432
medium-sc341,5641,5.826058387756348
medium-sc341,5652,5.950113773345947
medium-sc341,5656,6.14999532699585
medium-sc341,5669,5.962723255157471
medium-sc341,5671,5.840663433074951
medium-sc341,5682,5.9076690673828125
medium-sc341,5689,6.100818634033203
medium-sc341,5729,5.9608845710754395
medium-sc341,5749,6.139614105224609
medium-sc341,5794,5.724147796630859
medium-sc341,5803,5.9340081214904785
medium-sc341,5811,5.923615455627441
medium-sc341,5829,6.087693214416504
medium-sc341,5865,5.986515998840332
medium-sc341,5909,5.982217788696289
medium-sc341,5923,5.920633792877197
medium-sc341,5986,5.895127296447754
medium-sc341,5997,6.00154972076416
medium-sc341,6005,6.167088508605957
medium-sc341,6026,6.005484580993652
medium-sc341,6032,5.930405139923096
medium-sc341,6059,5.970744609832764
medium-sc341,6071,5.9018473625183105
medium-sc341,6081,5.8333282470703125
medium-sc341,6127,5.785934925079346
medium-sc341,6128,5.716941833496094
medium-sc341,6136,5.875558376312256
medium-sc341,6150,5.697248458862305
medium-sc341,6154,5.841502666473389
medium-sc341,6162,5.863358974456787
medium-sc341,6183,5.898477077484131
medium-sc341,6185,5.804774284362793
medium-sc341,6186,5.805787563323975
medium-sc341,6192,5.748766899108887
medium-sc341,6211,6.02585506439209
medium-sc341,6213,6.04373836517334
medium-sc341,6215,6.050693035125732
medium-sc341,6225,5.931614875793457
medium-sc341,6236,5.856917381286621
medium-sc341,6240,5.612208366394043
medium-sc341,6260,5.893488883972168
medium-sc341,6299,5.696164131164551
medium-sc341,6331,5.570216655731201
medium-sc341,6359,5.624273300170898
medium-sc341,6409,5.76548957824707
medium-sc341,6414,5.535154342651367
medium-sc341,6458,5.520358085632324
medium-sc341,6475,5.420619010925293
medium-sc341,6479,5.642030239105225
medium-sc341,6486,5.507115364074707
medium-sc341,6487,5.318827152252197
medium-sc341,6516,5.50519323348999
medium-sc341,6522,5.606804370880127
medium-sc341,6537,5.597421646118164
medium-sc341,6544,5.563396453857422
medium-sc341,6547,5.567684173583984
medium-sc341,6553,5.635727882385254
medium-sc341,6562,5.70118522644043
medium-sc341,6567,5.607133388519287
medium-sc341,6604,5.711916923522949
medium-sc341,6614,5.514227390289307
medium-sc341,6626,5.781952857971191
medium-sc341,6636,5.552155494689941
medium-sc341,6642,5.602373123168945
medium-sc341,6654,5.881608963012695
medium-sc341,6666,5.5496625900268555
medium-sc341,6686,5.6494140625
medium-sc341,6688,5.61701774597168
medium-sc341,6697,5.48002815246582
medium-sc341,6703,5.492697715759277
medium-sc341,6741,5.432097434997559
medium-sc341,6752,5.6079912185668945
medium-sc341,6767,5.531794548034668
medium-sc341,6772,5.5750017166137695
medium-sc341,6790,5.561460018157959
medium-sc341,6807,5.667535781860352
medium-sc341,6817,5.606833457946777
medium-sc341,6844,5.610650062561035
medium-sc341,6878,5.592581272125244
medium-sc341,6952,5.419168949127197
medium-sc341,6965,5.714274883270264
medium-sc341,6970,5.437461853027344
medium-sc341,7101,5.434679985046387
medium-sc341,7154,5.329014778137207
medium-sc341,7188,5.50184440612793
medium-sc341,7205,5.284365177154541
medium-sc341,7219,5.288730621337891
medium-sc341,7242,5.203897953033447
medium-sc341,7276,5.408926963806152
medium-sc341,7288,5.216673851013184
medium-sc341,7289,5.227721691131592
medium-sc341,7309,5.217487335205078
medium-sc341,7310,5.392573356628418
medium-sc341,7321,5.171900749206543
medium-sc341,7339,5.238903045654297
medium-sc341,7366,5.1965179443359375
medium-sc341,7405,5.349933624267578
medium-sc341,7408,5.139113426208496
medium-sc341,7416,5.335681915283203
medium-sc341,7461,5.336504936218262
medium-sc341,7473,5.381563663482666
medium-sc341,7482,5.155891418457031
medium-sc341,7500,5.341159820556641
medium-sc341,7519,5.351413726806641
medium-sc341,7535,5.2967753410339355
medium-sc341,7561,5.3872504234313965
medium-sc341,7574,5.259056091308594
medium-sc341,7602,5.277297019958496
medium-sc341,7604,5.309549808502197
medium-sc341,7606,5.24074125289917
medium-sc341,7617,5.215078830718994
medium-sc341,7620,5.264087677001953
medium-sc341,7635,5.019986152648926
medium-sc341,7637,5.022801876068115
medium-sc341,7639,5.298336982727051
medium-sc341,7654,5.1967573165893555
medium-sc341,7687,5.317645072937012
medium-sc341,7698,5.15566873550415
medium-sc341,7715,5.159146785736084
medium-sc341,7737,5.021918296813965
medium-sc341,7778,5.2913408279418945
medium-sc341,7781,5.320614814758301
medium-sc341,7793,5.109174728393555
medium-sc341,7795,5.062556743621826
medium-sc341,7806,5.092377662658691
medium-sc341,7821,5.262887954711914
medium-sc341,7870,5.263280868530273
medium-sc341,7886,5.092933654785156
medium-sc341,7899,5.1501641273498535
medium-sc341,7903,5.133296966552734
medium-sc341,7914,4.976667404174805
medium-sc341,7933,5.093470573425293
medium-sc341,7943,5.205862522125244
medium-sc341,7948,5.119368076324463
medium-sc341,7956,5.0132856369018555
medium-sc341,7973,5.144659519195557
medium-sc341,8019,5.081913471221924
medium-sc341,8045,5.111387252807617
medium-sc341,8073,5.1501851081848145
medium-sc341,8075,5.023582458496094
medium-sc341,8093,4.987397193908691
medium-sc341,8094,4.97755241394043
medium-sc341,8095,5.054430961608887
medium-sc341,8117,5.21574592590332
medium-sc341,8130,5.191982269287109
medium-sc341,8131,4.943121433258057
medium-sc341,8133,4.984681129455566
medium-sc341,8176,5.070157051086426
medium-sc341,8186,5.159021377563477
medium-sc341,8204,5.176992416381836
medium-sc341,8224,5.1945881843566895
medium-sc341,8238,5.194897651672363
medium-sc341,8239,5.33177375793457
medium-sc341,8259,4.940184593200684
medium-sc341,8275,5.017158508300781
medium-sc341,8352,5.110218048095703
medium-sc341,8371,5.031805992126465
medium-sc341,8377,5.109922409057617
medium-sc341,8381,5.0235276222229
medium-sc341,8449,4.998538494110107
medium-sc341,8465,4.96251106262207
medium-sc341,8481,5.084984302520752
medium-sc341,8482,5.10069465637207
medium-sc341,8488,5.127418518066406
medium-sc341,8492,5.071043968200684
medium-sc341,8508,4.919399261474609
medium-sc341,8516,4.833154201507568
medium-sc341,8529,4.990405559539795
medium-sc341,8533,4.922235488891602
medium-sc341,8540,4.980373382568359
medium-sc341,8567,4.894593238830566
medium-sc341,8573,4.925505638122559
medium-sc341,8584,5.061038494110107
medium-sc341,8599,4.918300628662109
medium-sc341,8613,4.993002891540527
medium-sc341,8644,4.976653099060059
medium-sc341,8645,4.871245384216309
medium-sc341,8661,4.964784145355225
medium-sc341,8662,4.896888256072998
medium-sc341,8687,5.019889831542969
medium-sc341,8744,4.764259338378906
medium-sc341,8753,4.944878578186035
medium-sc341,8755,4.907347679138184
medium-sc341,8776,4.809720993041992
medium-sc341,8779,4.757002830505371
medium-sc341,8783,4.7899932861328125
medium-sc341,8794,4.755283355712891
medium-sc341,8800,4.721909523010254
medium-sc341,8823,4.820361137390137
medium-sc341,8841,4.828579425811768
medium-sc341,8863,4.819945812225342
medium-sc341,8871,4.80178689956665
medium-sc341,8874,4.854183197021484
medium-sc341,8876,4.885986328125
medium-sc341,8911,4.962434768676758
medium-sc341,8920,4.819731712341309
medium-sc341,8925,4.965212345123291
medium-sc341,8945,4.936171531677246
medium-sc341,8947,4.860367774963379
medium-sc341,8957,4.91588020324707
medium-sc341,8991,5.091170310974121
medium-sc341,8992,5.024346351623535
medium-sc341,9007,4.763128280639648
medium-sc341,9022,5.012414932250977
medium-sc341,9032,4.826701641082764
medium-sc341,9047,4.752536773681641
medium-sc341,9067,4.719426155090332
medium-sc341,9071,4.628750801086426
medium-sc341,9092,4.779485702514648
medium-sc341,9120,4.629581451416016
medium-sc341,9132,4.766324043273926
medium-sc341,9133,4.703284740447998
medium-sc341,9144,4.709951877593994
medium-sc341,9146,4.792873382568359
medium-sc341,9157,4.789754867553711
medium-sc341,9159,4.683812618255615
medium-sc341,9166,4.799249649047852
medium-sc341,9174,4.79709005355835
medium-sc341,9184,4.622248649597168
medium-sc341,9200,4.708157539367676
medium-sc341,9208,4.742258071899414
medium-sc341,9268,4.7391862869262695
medium-sc341,9284,4.815942764282227
medium-sc341,9336,4.758094310760498
medium-sc341,9344,4.813255310058594
medium-sc341,9358,4.609052658081055
medium-sc341,9360,4.7173004150390625
medium-sc341,9375,4.813726902008057
medium-sc341,9429,4.857192039489746
medium-sc341,9434,4.6772356033325195
medium-sc341,9445,4.878404140472412
medium-sc341,9449,4.7654218673706055
medium-sc341,9450,4.688207149505615
medium-sc341,9468,4.857961177825928
medium-sc341,9472,4.913442611694336
medium-sc341,9487,4.7914252281188965
medium-sc341,9491,4.815243721008301
medium-sc341,9504,4.825628280639648
medium-sc341,9574,4.738770961761475
medium-sc341,9584,4.874348163604736
medium-sc341,9617,4.628161430358887
medium-sc341,9629,4.697500228881836
medium-sc341,9639,4.7118377685546875
medium-sc341,9640,4.674749374389648
medium-sc341,9648,4.807576656341553
medium-sc341,9659,4.720754623413086
medium-sc341,9672,4.69609260559082
medium-sc341,9753,4.587456226348877
medium-sc341,9761,4.652722358703613
medium-sc341,9763,4.687105178833008
medium-sc341,9776,4.698023319244385
medium-sc341,9854,4.690303325653076
medium-sc341,9889,4.738446235656738
medium-sc341,9908,4.71844482421875
medium-sc341,9911,4.615567684173584
medium-sc341,9914,4.663980484008789
medium-sc341,9917,4.586573600769043
medium-sc341,9920,4.666320323944092
medium-sc341,9931,4.499646186828613
medium-sc341,9939,4.546117782592773
medium-sc341,9959,4.563411712646484
medium-sc341,9974,4.558631896972656
medium-sc341,9986,4.513487815856934
medium-sc341,10028,4.489438533782959
medium-sc341,10041,4.470611095428467
medium-sc341,10060,4.514476776123047
medium-sc341,10068,4.6746697425842285
medium-sc341,10090,4.383947372436523
medium-sc341,10100,4.467029571533203
medium-sc341,10118,4.552035808563232
medium-sc341,10149,4.534727096557617
medium-sc341,10158,4.56152868270874
medium-sc341,10164,4.498852729797363
medium-sc341,10166,4.498652458190918
medium-sc341,10176,4.59765625
medium-sc341,10177,4.549405097961426
medium-sc341,10182,4.635088920593262
medium-sc341,10190,4.2861456871032715
medium-sc341,10222,4.452863693237305
medium-sc341,10297,4.458951473236084
medium-sc341,10301,4.591780662536621
medium-sc341,10303,4.40631103515625
medium-sc341,10334,4.481544494628906
medium-sc341,10345,4.482160568237305
medium-sc341,10410,4.317885398864746
medium-sc341,10435,4.520033836364746
medium-sc341,10448,4.562933444976807
medium-sc341,10453,4.4544997215271
medium-sc341,10497,4.498852252960205
medium-sc341,10524,4.515997886657715
medium-sc341,10534,4.658987045288086
medium-sc341,10540,4.455804824829102
medium-sc341,10549,4.511462688446045
medium-sc341,10569,4.451597213745117
medium-sc341,10585,4.4160847663879395
medium-sc341,10616,4.540415287017822
medium-sc341,10630,4.489536762237549
medium-sc341,10657,4.466123580932617
medium-sc341,10699,4.505326271057129
medium-sc341,10738,4.503683090209961
medium-sc341,10746,4.33365535736084
medium-sc341,10756,4.482247829437256
medium-sc341,10770,4.280323028564453
medium-sc341,10780,4.40109395980835
medium-sc341,10797,4.388237953186035
medium-sc341,10800,4.403092384338379
medium-sc341,10801,4.475825309753418
medium-sc341,10830,4.487137794494629
medium-sc341,10918,4.460121154785156
medium-sc341,10921,4.422270774841309
medium-sc341,10928,4.338221073150635
medium-sc341,10942,4.453588962554932
medium-sc341,10965,4.412075996398926
medium-sc341,10972,4.210619926452637
medium-sc341,10999,4.344432353973389
medium-sc341,11011,4.285951614379883
medium-sc341,11022,4.39272403717041
medium-sc341,11032,4.303795337677002
medium-sc341,11036,4.392928123474121
medium-sc341,11039,4.337162017822266
medium-sc341,11041,4.289242744445801
medium-sc341,11042,4.259031772613525
medium-sc341,11047,4.437399864196777
medium-sc341,11048,4.445098876953125
medium-sc341,11053,4.515092849731445
medium-sc341,11128,4.360864639282227
medium-sc341,11132,4.46048641204834
medium-sc341,11136,4.502695560455322
medium-sc341,11144,4.412754058837891
medium-sc341,11159,4.253871440887451
medium-sc341,11192,4.304723262786865
medium-sc341,11194,4.293054580688477
medium-sc341,11200,4.4550323486328125
medium-sc341,11204,4.241046905517578
medium-sc341,11205,4.450625419616699
medium-sc341,11211,4.3234477043151855
medium-sc341,11214,4.389476299285889
medium-sc341,11224,4.372333526611328
medium-sc341,11244,4.430386543273926
medium-sc341,11253,4.395462512969971
medium-sc341,11262,4.203629493713379
medium-sc341,11312,4.201155662536621
medium-sc341,11353,4.35431432723999
medium-sc341,11356,4.3663740158081055
medium-sc341,11358,4.350344181060791
medium-sc341,11410,4.308960437774658
medium-sc341,11426,4.296935081481934
medium-sc341,11428,4.316209316253662
medium-sc341,11501,4.258784294128418
medium-sc341,11524,4.34105110168457
medium-sc341,11526,4.357580184936523
medium-sc341,11539,4.510076999664307
medium-sc341,11550,4.253818511962891
medium-sc341,11566,4.274479866027832
medium-sc341,11582,4.292572021484375
medium-sc341,11671,4.385514259338379
medium-sc341,11675,4.264763832092285
medium-sc341,11676,4.1837029457092285
medium-sc341,11691,4.338825225830078
medium-sc341,11694,4.117342472076416
medium-sc341,11741,4.145726680755615
medium-sc341,11794,4.26025390625
medium-sc341,11796,4.1469035148620605
medium-sc341,11818,4.295424938201904
medium-sc341,11838,4.23635196685791
medium-sc341,11845,4.176414489746094
medium-sc341,11856,4.133033275604248
medium-sc341,11862,4.177644729614258
medium-sc341,11868,4.24471378326416
medium-sc341,11884,4.255805969238281
medium-sc341,11897,4.233962059020996
medium-sc341,11928,4.1376824378967285
medium-sc341,11960,4.03938102722168
medium-sc341,11962,4.06685733795166
medium-sc341,11997,4.1144938468933105
medium-sc341,12039,4.160378456115723
medium-sc341,12055,4.098879814147949
medium-sc341,12076,4.20911979675293
medium-sc341,12080,4.213630676269531
medium-sc341,12087,4.085258960723877
medium-sc341,12111,4.070656776428223
medium-sc341,12136,4.112335681915283
medium-sc341,12166,4.212274551391602
medium-sc341,12184,4.053579330444336
medium-sc341,12210,4.093864440917969
medium-sc341,12221,4.043395042419434
medium-sc341,12224,4.079618453979492
medium-sc341,12230,4.158639430999756
medium-sc341,12248,4.168150424957275
medium-sc341,12273,4.2071943283081055
medium-sc341,12286,4.166879653930664
medium-sc341,12300,4.072035789489746
medium-sc341,12328,4.122744083404541
medium-sc341,12340,4.140504837036133
medium-sc341,12348,4.241443157196045
medium-sc341,12428,4.266763687133789
medium-sc341,12454,4.021264553070068
medium-sc341,12463,4.233611106872559
medium-sc341,12492,4.127100944519043
medium-sc341,12494,4.074794769287109
medium-sc341,12507,4.113577365875244
medium-sc341,12508,4.1631927490234375
medium-sc341,12543,3.9488868713378906
medium-sc341,12569,4.023636817932129
medium-sc341,12574,3.9619593620300293
medium-sc341,12586,4.103399276733398
medium-sc341,12591,4.117351055145264
medium-sc341,12646,3.977977752685547
medium-sc341,12659,4.011366367340088
medium-sc341,12661,4.100228309631348
medium-sc341,12673,4.101293563842773
medium-sc341,12674,4.136227607727051
medium-sc341,12689,4.11151123046875
medium-sc341,12733,4.0531463623046875
medium-sc341,12784,4.274808406829834
medium-sc341,12789,4.073110580444336
medium-sc341,12792,4.149209976196289
medium-sc341,12802,4.142561912536621
medium-sc341,12827,4.15395975112915
medium-sc341,12831,4.079946517944336
medium-sc341,12835,4.042545795440674
medium-sc341,12836,4.041698932647705
medium-sc341,12840,3.925846576690674
medium-sc341,12855,3.9915060997009277
medium-sc341,12898,4.065926551818848
medium-sc341,12905,4.076743125915527
medium-sc341,12907,4.082499027252197
medium-sc341,12929,4.00711727142334
medium-sc341,12931,4.081116676330566
medium-sc341,12945,3.9842605590820312
medium-sc341,12951,4.058596134185791
medium-sc341,12969,3.954624891281128
medium-sc341,12973,3.9895880222320557
medium-sc341,12979,3.9052295684814453
medium-sc341,12987,4.010343074798584
medium-sc341,12992,3.893521308898926
medium-sc341,13013,4.053984642028809
medium-sc341,13019,3.990762710571289
medium-sc341,13020,4.094263553619385
medium-sc341,13036,4.042176723480225
medium-sc341,13049,3.980447292327881
medium-sc341,13050,4.186614990234375
medium-sc341,13064,3.8520965576171875
medium-sc341,13103,4.0044708251953125
medium-sc341,13131,3.96488356590271
medium-sc341,13135,4.051755428314209
medium-sc341,13149,3.944699287414551
medium-sc341,13217,3.980658531188965
medium-sc341,13235,4.016653537750244
medium-sc341,13262,4.132625579833984
medium-sc341,13288,4.028615951538086
medium-sc341,13296,4.039925575256348
medium-sc341,13312,3.9283981323242188
medium-sc341,13322,4.001515865325928
medium-sc341,13342,3.974527597427368
medium-sc341,13352,3.888810873031616
medium-sc341,13361,3.9873692989349365
medium-sc341,13362,3.920559883117676
medium-sc341,13450,3.975693941116333
medium-sc341,13465,3.909773826599121
medium-sc341,13472,3.9026334285736084
medium-sc341,13473,4.033263683319092
medium-sc341,13501,4.041344165802002
medium-sc341,13520,3.8804049491882324
medium-sc341,13538,4.0622992515563965
medium-sc341,13557,4.0622076988220215
medium-sc341,13581,3.9541258811950684
medium-sc341,13582,3.880328416824341
medium-sc341,13587,4.022094249725342
medium-sc341,13599,3.9643054008483887
medium-sc341,13611,3.9520373344421387
medium-sc341,13612,3.9374449253082275
medium-sc341,13622,3.9290881156921387
medium-sc341,13648,3.953768730163574
medium-sc341,13664,3.8975679874420166
medium-sc341,13674,3.9134275913238525
medium-sc341,13696,3.8501298427581787
medium-sc341,13705,3.889899492263794
medium-sc341,13725,3.9614176750183105
medium-sc341,13727,4.022181510925293
medium-sc341,13746,3.933600425720215
medium-sc341,13780,3.994797945022583
medium-sc341,13802,3.9460580348968506
medium-sc341,13815,3.9041895866394043
medium-sc341,13823,3.9269511699676514
medium-sc341,13838,3.825103282928467
medium-sc341,13841,3.957664966583252
medium-sc341,13851,3.9158453941345215
medium-sc341,13871,3.9157633781433105
medium-sc341,13895,3.9937899112701416
medium-sc341,13902,3.8189046382904053
medium-sc341,13912,4.013736724853516
medium-sc341,13920,4.015142440795898
medium-sc341,13921,3.8583240509033203
medium-sc341,13978,3.850142002105713
medium-sc341,13999,3.9046127796173096
medium-sc341,14025,3.949258327484131
medium-sc341,14087,3.807818651199341
medium-sc341,14088,3.8674588203430176
medium-sc341,14096,3.835291624069214
medium-sc341,14100,3.888190746307373
medium-sc341,14122,3.8750247955322266
medium-sc341,14130,3.87809157371521
medium-sc341,14145,3.8895411491394043
medium-sc341,14149,3.8877475261688232
medium-sc341,14179,3.9460487365722656
medium-sc341,14197,3.8250949382781982
medium-sc341,14215,3.9471094608306885
medium-sc341,14220,3.9367101192474365
medium-sc341,14227,3.9018468856811523
medium-sc341,14282,3.810551643371582
medium-sc341,14293,3.807245969772339
medium-sc341,14296,3.8249759674072266
medium-sc341,14299,3.7962985038757324
medium-sc341,14329,3.8830347061157227
medium-sc341,14398,3.7437195777893066
medium-sc341,14407,3.9319214820861816
medium-sc341,14408,3.8787198066711426
medium-sc341,14417,3.8793768882751465
medium-sc341,14429,3.814009189605713
medium-sc341,14443,3.883622169494629
medium-sc341,14446,3.750521183013916
medium-sc341,14449,3.812556743621826
medium-sc341,14457,3.8248720169067383
medium-sc341,14460,3.8195927143096924
medium-sc341,14468,3.971458911895752
medium-sc341,14480,3.800203800201416
medium-sc341,14496,3.766498565673828
medium-sc341,14515,3.879499912261963
medium-sc341,14555,3.8824286460876465
medium-sc341,14575,3.929112434387207
medium-sc341,14582,3.807190418243408
medium-sc341,14598,3.8093299865722656
medium-sc341,14608,3.7987236976623535
medium-sc341,14609,3.822434663772583
medium-sc341,14618,3.7188308238983154
medium-sc341,14621,3.7684059143066406
medium-sc341,14631,3.8023879528045654
medium-sc341,14642,3.7760868072509766
medium-sc341,14658,3.8045248985290527
medium-sc341,14666,3.844344139099121
medium-sc341,14687,3.835585594177246
medium-sc341,14724,3.6437370777130127
medium-sc341,14748,3.7491064071655273
medium-sc341,14761,3.8086676597595215
medium-sc341,14882,3.7879984378814697
medium-sc341,14889,3.794687032699585
medium-sc341,14891,3.730821132659912
medium-sc341,14902,3.750460147857666
medium-sc341,14905,3.8322689533233643
medium-sc341,14922,3.8781681060791016
medium-sc341,14963,3.7458231449127197
medium-sc341,14998,3.8295340538024902
medium-sc341,15037,3.751464366912842
medium-sc341,15048,3.730334758758545
medium-sc341,15051,3.7047390937805176
medium-sc341,15053,3.7831945419311523
medium-sc341,15063,3.7413597106933594
medium-sc341,15076,3.701978921890259
medium-sc341,15165,3.669851303100586
medium-sc341,15190,3.672097682952881
medium-sc341,15217,3.7593610286712646
medium-sc341,15232,3.7554731369018555
medium-sc341,15251,3.6063385009765625
medium-sc341,15255,3.7746071815490723
medium-sc341,15285,3.7065341472625732
medium-sc341,15292,3.783186197280884
medium-sc341,15300,3.7589526176452637
medium-sc341,15302,3.7901556491851807
medium-sc341,15303,3.572967767715454
medium-sc341,15313,3.7354986667633057
medium-sc341,15315,3.8311023712158203
medium-sc341,15318,3.7348878383636475
medium-sc341,15323,3.8394932746887207
medium-sc341,15328,3.7455990314483643
medium-sc341,15351,3.653428077697754
medium-sc341,15365,3.7471179962158203
medium-sc341,15375,3.752537727355957
medium-sc341,15408,3.761841297149658
medium-sc341,15430,3.736955165863037
medium-sc341,15467,3.7174153327941895
medium-sc341,15511,3.695265769958496
medium-sc341,15519,3.7324538230895996
medium-sc341,15547,3.676708459854126
medium-sc341,15549,3.771587371826172
medium-sc341,15608,3.6630055904388428
medium-sc341,15612,3.758911609649658
medium-sc341,15613,3.7053489685058594
medium-sc341,15614,3.7356762886047363
medium-sc341,15616,3.6262052059173584
medium-sc341,15644,3.6656084060668945
medium-sc341,15662,3.7489914894104004
medium-sc341,15683,3.643098831176758
medium-sc341,15722,3.6623568534851074
medium-sc341,15743,3.717228412628174
medium-sc341,15772,3.7637531757354736
medium-sc341,15788,3.737612724304199
medium-sc341,15821,3.698647975921631
medium-sc341,15828,3.680295705795288
medium-sc341,15836,3.680689811706543
medium-sc341,15878,3.6938233375549316
medium-sc341,15887,3.627713918685913
medium-sc341,15924,3.7526795864105225
medium-sc341,15928,3.7417869567871094
medium-sc341,15941,3.7093193531036377
medium-sc341,15956,3.620889186859131
medium-sc341,15961,3.637840986251831
medium-sc341,15978,3.643266201019287
medium-sc341,15982,3.6242916584014893
medium-sc341,15986,3.6694257259368896
medium-sc341,16008,3.665601968765259
medium-sc341,16013,3.671776294708252
medium-sc341,16015,3.568969964981079
medium-sc341,16025,3.717722177505493
medium-sc341,16036,3.73521089553833
medium-sc341,16044,3.7042744159698486
medium-sc341,16051,3.520167350769043
medium-sc341,16056,3.6704747676849365
medium-sc341,16061,3.618321418762207
medium-sc341,16067,3.6802210807800293
medium-sc341,16088,3.6154074668884277
medium-sc341,16101,3.69640851020813
medium-sc341,16105,3.655705690383911
medium-sc341,16126,3.6610143184661865
medium-sc341,16161,3.587759494781494
medium-sc341,16202,3.5624747276306152
medium-sc341,16207,3.6994526386260986
medium-sc341,16209,3.650768280029297
medium-sc341,16212,3.5999503135681152
medium-sc341,16250,3.651209592819214
medium-sc341,16304,3.555368423461914
medium-sc341,16309,3.517199993133545
medium-sc341,16310,3.673591136932373
medium-sc341,16314,3.4533987045288086
medium-sc341,16320,3.6393837928771973
medium-sc341,16330,3.6434059143066406
medium-sc341,16339,3.6827335357666016
medium-sc341,16342,3.5366108417510986
medium-sc341,16368,3.676403045654297
medium-sc341,16369,3.6050052642822266
medium-sc341,16371,3.5814208984375
medium-sc341,16424,3.582791566848755
medium-sc341,16445,3.6114444732666016
medium-sc341,16449,3.5958051681518555
medium-sc341,16497,3.5846447944641113
medium-sc341,16526,3.5457170009613037
medium-sc341,16537,3.5594162940979004
medium-sc341,16559,3.5975399017333984
medium-sc341,16569,3.5941972732543945
medium-sc341,16573,3.655954122543335
medium-sc341,16612,3.6161975860595703
medium-sc341,16620,3.5682497024536133
medium-sc341,16711,3.5922374725341797
medium-sc341,16722,3.58605694770813
medium-sc341,16759,3.4956893920898438
medium-sc341,16760,3.6327953338623047
medium-sc341,16778,3.652531862258911
medium-sc341,16781,3.491209030151367
medium-sc341,16831,3.5814106464385986
medium-sc341,16843,3.5450079441070557
medium-sc341,16854,3.537705898284912
medium-sc341,16872,3.606454610824585
medium-sc341,16882,3.457019805908203
medium-sc341,16890,3.5467820167541504
medium-sc341,16915,3.590808868408203
medium-sc341,16925,3.4949417114257812
medium-sc341,16940,3.6438844203948975
medium-sc341,16945,3.5117897987365723
medium-sc341,16947,3.4923956394195557
medium-sc341,16960,3.525374412536621
medium-sc341,16980,3.523387908935547
medium-sc341,16988,3.512681722640991
medium-sc341,16995,3.6238367557525635
medium-sc341,17005,3.6164541244506836
medium-sc341,17007,3.5528783798217773
medium-sc341,17012,3.5210301876068115
medium-sc341,17024,3.5637412071228027
medium-sc341,17102,3.5113823413848877
medium-sc341,17104,3.578361988067627
medium-sc341,17115,3.551996946334839
medium-sc341,17118,3.489677667617798
medium-sc341,17126,3.6140737533569336
medium-sc341,17164,3.5108838081359863
medium-sc341,17207,3.5076425075531006
medium-sc341,17213,3.5858335494995117
medium-sc341,17223,3.4905171394348145
medium-sc341,17237,3.43109130859375
medium-sc341,17288,3.641079902648926
medium-sc341,17298,3.6015822887420654
medium-sc341,17309,3.556652784347534
medium-sc341,17315,3.5050981044769287
medium-sc341,17325,3.4779610633850098
medium-sc341,17334,3.419656753540039
medium-sc341,17370,3.537696361541748
medium-sc341,17373,3.5465593338012695
medium-sc341,17376,3.519747734069824
medium-sc341,17406,3.4478063583374023
medium-sc341,17427,3.4681243896484375
medium-sc341,17445,3.5169143676757812
medium-sc341,17457,3.535773515701294
medium-sc341,17460,3.501399040222168
medium-sc341,17461,3.4817757606506348
medium-sc341,17462,3.4545068740844727
medium-sc341,17464,3.511422634124756
medium-sc341,17508,3.4872686862945557
medium-sc341,17512,3.4767539501190186
medium-sc341,17515,3.5127501487731934
medium-sc341,17518,3.4490749835968018
medium-sc341,17521,3.4570789337158203
medium-sc341,17528,3.428596258163452
medium-sc341,17542,3.459355115890503
medium-sc341,17550,3.4637107849121094
medium-sc341,17552,3.4718618392944336
medium-sc341,17569,3.4733595848083496
medium-sc341,17587,3.506895065307617
medium-sc341,17606,3.532080888748169
medium-sc341,17621,3.4998719692230225
medium-sc341,17631,3.5473337173461914
medium-sc341,17643,3.5107219219207764
medium-sc341,17650,3.4556775093078613
medium-sc341,17652,3.485133647918701
medium-sc341,17661,3.4932706356048584
medium-sc341,17680,3.4960684776306152
medium-sc341,17683,3.4934470653533936
medium-sc341,17709,3.446356773376465
medium-sc341,17711,3.511934280395508
medium-sc341,17741,3.601137161254883
medium-sc341,17767,3.598809242248535
medium-sc341,17782,3.572314739227295
medium-sc341,17808,3.5575129985809326
medium-sc341,17820,3.494405746459961
medium-sc341,17836,3.536355495452881
medium-sc341,17859,3.487340211868286
medium-sc341,17865,3.5074877738952637
medium-sc341,17884,3.4764151573181152
medium-sc341,17886,3.5075740814208984
medium-sc341,17920,3.4353373050689697
medium-sc341,17929,3.428893566131592
medium-sc341,17966,3.4172818660736084
medium-sc341,18027,3.4524712562561035
medium-sc341,18033,3.4742236137390137
medium-sc341,18039,3.3979673385620117
medium-sc341,18092,3.3914694786071777
medium-sc341,18099,3.452159881591797
medium-sc341,18104,3.380826711654663
medium-sc341,18115,3.428499221801758
medium-sc341,18118,3.4947543144226074
medium-sc341,18124,3.398001194000244
medium-sc341,18126,3.487846851348877
medium-sc341,18141,3.5392444133758545
medium-sc341,18148,3.486133575439453
medium-sc341,18152,3.534454345703125
medium-sc341,18168,3.349945068359375
medium-sc341,18180,3.3874213695526123
medium-sc341,18194,3.469693899154663
medium-sc341,18202,3.391280174255371
medium-sc341,18214,3.4543066024780273
medium-sc341,18233,3.476144313812256
medium-sc341,18236,3.4569292068481445
medium-sc341,18248,3.4326510429382324
medium-sc341,18274,3.3521106243133545
medium-sc341,18292,3.4642739295959473
medium-sc341,18293,3.4557993412017822
medium-sc341,18294,3.4991631507873535
medium-sc341,18307,3.3461484909057617
medium-sc341,18333,3.3279895782470703
medium-sc341,18346,3.5853171348571777
medium-sc341,18361,3.4223690032958984
medium-sc341,18365,3.4404892921447754
medium-sc341,18394,3.4115262031555176
medium-sc341,18433,3.4392309188842773
medium-sc341,18439,3.514840602874756
medium-sc341,18486,3.429926633834839
medium-sc341,18500,3.4608778953552246
medium-sc341,18515,3.3839612007141113
medium-sc341,18516,3.338390827178955
medium-sc341,18525,3.3776931762695312
medium-sc341,18565,3.4710474014282227
medium-sc341,18583,3.3784360885620117
medium-sc341,18644,3.4040565490722656
medium-sc341,18654,3.3522653579711914
medium-sc341,18668,3.4237594604492188
medium-sc341,18673,3.4337406158447266
medium-sc341,18675,3.4821555614471436
medium-sc341,18680,3.4066033363342285
medium-sc341,18687,3.4249138832092285
medium-sc341,18784,3.3344783782958984
medium-sc341,18798,3.3795042037963867
medium-sc341,18804,3.3675456047058105
medium-sc341,18816,3.345663547515869
medium-sc341,18844,3.3056161403656006
medium-sc341,18853,3.3168177604675293
medium-sc341,18870,3.3976516723632812
medium-sc341,18906,3.3789329528808594
medium-sc341,18929,3.3951079845428467
medium-sc341,18937,3.362247943878174
medium-sc341,18947,3.379514217376709
medium-sc341,18952,3.2919459342956543
medium-sc341,18963,3.443859577178955
medium-sc341,19012,3.386610507965088
medium-sc341,19030,3.3121728897094727
medium-sc341,19037,3.3842039108276367
medium-sc341,19048,3.3022842407226562
medium-sc341,19055,3.3354992866516113
medium-sc341,19063,3.2840664386749268
medium-sc341,19068,3.3466992378234863
medium-sc341,19102,3.3040060997009277
medium-sc341,19108,3.343596935272217
medium-sc341,19117,3.3283605575561523
medium-sc341,19120,3.3921897411346436
medium-sc341,19145,3.2938151359558105
medium-sc341,19166,3.334583282470703
medium-sc341,19167,3.2892847061157227
medium-sc341,19180,3.440777540206909
medium-sc341,19182,3.312373161315918
medium-sc341,19242,3.391587495803833
medium-sc341,19262,3.3050289154052734
medium-sc341,19267,3.3068947792053223
medium-sc341,19270,3.3402371406555176
medium-sc341,19287,3.343278408050537
medium-sc341,19291,3.319699287414551
medium-sc341,19298,3.3984665870666504
medium-sc341,19304,3.3111414909362793
medium-sc341,19317,3.332775831222534
medium-sc341,19354,3.3458657264709473
medium-sc341,19369,3.4009549617767334
medium-sc341,19378,3.36647629737854
medium-sc341,19386,3.3880884647369385
medium-sc341,19392,3.3516035079956055
medium-sc341,19395,3.3611106872558594
medium-sc341,19402,3.3836135864257812
medium-sc341,19409,3.389488935470581
medium-sc341,19410,3.392045021057129
medium-sc341,19420,3.297590494155884
medium-sc341,19449,3.3176698684692383
medium-sc341,19453,3.3547258377075195
medium-sc341,19476,3.416961669921875
medium-sc341,19479,3.2952613830566406
medium-sc341,19502,3.290832996368408
medium-sc341,19512,3.241925001144409
medium-sc341,19514,3.343906879425049
medium-sc341,19532,3.3037400245666504
medium-sc341,19535,3.323580503463745
medium-sc341,19576,3.289000988006592
medium-sc341,19577,3.3936104774475098
medium-sc341,19584,3.3773787021636963
medium-sc341,19596,3.2958130836486816
medium-sc341,19597,3.356764554977417
medium-sc341,19604,3.3237781524658203
medium-sc341,19620,3.2742044925689697
medium-sc341,19621,3.2839112281799316
medium-sc341,19627,3.374424934387207
medium-sc341,19628,3.277287006378174
medium-sc341,19629,3.419635772705078
medium-sc341,19633,3.313950538635254
medium-sc341,19655,3.348161220550537
medium-sc341,19685,3.3195412158966064
medium-sc341,19686,3.234330892562866
medium-sc341,19696,3.286803722381592
medium-sc341,19700,3.3639793395996094
medium-sc341,19704,3.2714579105377197
medium-sc341,19715,3.192596912384033
medium-sc341,19739,3.211765766143799
medium-sc341,19750,3.2757439613342285
medium-sc341,19762,3.3366079330444336
medium-sc341,19768,3.274332046508789
medium-sc341,19769,3.318772792816162
medium-sc341,19781,3.248439311981201
medium-sc341,19785,3.23166561126709
medium-sc341,19786,3.3181328773498535
medium-sc341,19809,3.2939157485961914
medium-sc341,19828,3.1972219944000244
medium-sc341,19845,3.336639881134033
medium-sc341,19860,3.286719799041748
medium-sc341,19873,3.288743019104004
medium-sc341,19875,3.2298550605773926
medium-sc341,19888,3.3413174152374268
medium-sc341,19893,3.2063610553741455
medium-sc341,19897,3.3637468814849854
medium-sc341,19913,3.26728892326355
medium-sc341,19970,3.2929697036743164
medium-sc341,19990,3.366675615310669
medium-sc341,19992,3.366870880126953
medium-sc341,20066,3.1937766075134277
medium-sc341,20072,3.2407448291778564
medium-sc341,20083,3.1891963481903076
medium-sc341,20084,3.263040065765381
medium-sc341,20085,3.2516303062438965
medium-sc341,20129,3.2887463569641113
medium-sc341,20203,3.2569355964660645
medium-sc341,20204,3.361835479736328
medium-sc341,20214,3.259310245513916
medium-sc341,20216,3.311811685562134
medium-sc341,20231,3.318455934524536
medium-sc341,20277,3.296330451965332
medium-sc341,20278,3.271662712097168
medium-sc341,20308,3.2266592979431152
medium-sc341,20312,3.335881233215332
medium-sc341,20314,3.218419075012207
medium-sc341,20324,3.275456428527832
medium-sc341,20343,3.3498611450195312
medium-sc341,20348,3.2726213932037354
medium-sc341,20353,3.2721424102783203
medium-sc341,20354,3.257840633392334
medium-sc341,20360,3.3212709426879883
medium-sc341,20377,3.179137706756592
medium-sc341,20385,3.2694027423858643
medium-sc341,20388,3.1952147483825684
medium-sc341,20402,3.189600944519043
medium-sc341,20406,3.3180127143859863
medium-sc341,20419,3.2606701850891113
medium-sc341,20422,3.3498764038085938
medium-sc341,20428,3.2506706714630127
medium-sc341,20450,3.302639961242676
medium-sc341,20511,3.2560129165649414
medium-sc341,20527,3.2050724029541016
medium-sc341,20529,3.2869834899902344
medium-sc341,20530,3.2623209953308105
medium-sc341,20544,3.235055446624756
medium-sc341,20582,3.2385895252227783
medium-sc341,20594,3.2841410636901855
medium-sc341,20602,3.26615047454834
medium-sc341,20609,3.275538444519043
medium-sc341,20619,3.253591775894165
medium-sc341,20625,3.2429447174072266
medium-sc341,20654,3.2038745880126953
medium-sc341,20685,3.213470935821533
medium-sc341,20734,3.305009365081787
medium-sc341,20748,3.1505181789398193
medium-sc341,20764,3.2554454803466797
medium-sc341,20768,3.1366944313049316
medium-sc341,20827,3.16355562210083
medium-sc341,20874,3.2657289505004883
medium-sc341,20895,3.2234573364257812
medium-sc341,20901,3.1691837310791016
medium-sc341,20907,3.299067258834839
medium-sc341,20927,3.2128593921661377
medium-sc341,20932,3.196331024169922
medium-sc341,20946,3.252288341522217
medium-sc341,20968,3.267857789993286
medium-sc341,20973,3.1246511936187744
medium-sc341,20987,3.246154308319092
medium-sc341,20995,3.1633896827697754
medium-sc341,21012,3.1418628692626953
medium-sc341,21014,3.1365952491760254
medium-sc341,21057,3.171905279159546
medium-sc341,21070,3.1846776008605957
medium-sc341,21083,3.243618965148926
medium-sc341,21097,3.066650390625
medium-sc341,21103,3.261587381362915
medium-sc341,21122,3.2916555404663086
medium-sc341,21131,3.208174228668213
medium-sc341,21159,3.2674574851989746
medium-sc341,21164,3.219669818878174
medium-sc341,21165,3.152604103088379
medium-sc341,21174,3.188098907470703
medium-sc341,21194,3.2013192176818848
medium-sc341,21201,3.2473666667938232
medium-sc341,21209,3.1869280338287354
medium-sc341,21224,3.1604132652282715
medium-sc341,21239,3.2376179695129395
medium-sc341,21253,3.172863006591797
medium-sc341,21282,3.20554256439209
medium-sc341,21299,3.179516077041626
medium-sc341,21336,3.147742748260498
medium-sc341,21343,3.2412004470825195
medium-sc341,21355,3.203019142150879
medium-sc341,21389,3.223142147064209
medium-sc341,21419,3.289689779281616
medium-sc341,21464,3.284393310546875
medium-sc341,21476,3.1095030307769775
medium-sc341,21478,3.1865358352661133
medium-sc341,21486,3.1371846199035645
medium-sc341,21487,3.242867946624756
medium-sc341,21554,3.1697797775268555
medium-sc341,21574,3.218214988708496
medium-sc341,21588,3.22031307220459
medium-sc341,21614,3.2083547115325928
medium-sc341,21647,3.1264922618865967
medium-sc341,21678,3.2303929328918457
medium-sc341,21720,3.155705451965332
medium-sc341,21727,3.2328763008117676
medium-sc341,21734,3.1732637882232666
medium-sc341,21735,3.1334896087646484
medium-sc341,21744,3.173388957977295
medium-sc341,21759,3.248116970062256
medium-sc341,21767,3.201064348220825
medium-sc341,21768,3.132272958755493
medium-sc341,21770,3.228938102722168
medium-sc341,21776,3.210164785385132
medium-sc341,21810,3.215292453765869
medium-sc341,21813,3.1428065299987793
medium-sc341,21832,3.23856258392334
medium-sc341,21836,3.1635353565216064
medium-sc341,21845,3.085817575454712
medium-sc341,21867,3.193739414215088
medium-sc341,21875,3.2282934188842773
medium-sc341,21913,3.1864209175109863
medium-sc341,21924,3.079787492752075
medium-sc341,21966,3.1255698204040527
medium-sc341,21977,3.1859798431396484
medium-sc341,21981,3.125933885574341
medium-sc341,22003,3.145906925201416
medium-sc341,22013,3.1685476303100586
medium-sc341,22029,3.2187893390655518
medium-sc341,22035,3.1474337577819824
medium-sc341,22052,3.156097173690796
medium-sc341,22061,3.15395450592041
medium-sc341,22064,3.146703004837036
medium-sc341,22068,3.080512046813965
medium-sc341,22101,3.1894350051879883
medium-sc341,22151,3.170187473297119
medium-sc341,22157,3.1143484115600586
medium-sc341,22173,3.139467239379883
medium-sc341,22190,3.2372210025787354
medium-sc341,22253,3.2044079303741455
medium-sc341,22280,3.138880968093872
medium-sc341,22298,3.192903518676758
medium-sc341,22305,3.0811948776245117
medium-sc341,22310,3.0782628059387207
medium-sc341,22346,3.174686908721924
medium-sc341,22379,3.122983932495117
medium-sc341,22400,3.1895174980163574
medium-sc341,22411,3.1148762702941895
medium-sc341,22415,3.1630353927612305
medium-sc341,22436,3.149458408355713
medium-sc341,22444,3.232501983642578
medium-sc341,22471,3.115306854248047
medium-sc341,22498,3.1664552688598633
medium-sc341,22523,3.107313394546509
medium-sc341,22539,3.159968376159668
medium-sc341,22554,3.117213726043701
medium-sc341,22557,3.176037311553955
medium-sc341,22578,3.115631580352783
medium-sc341,22591,3.132838487625122
medium-sc341,22607,3.060434341430664
medium-sc341,22618,3.153071165084839
medium-sc341,22625,3.0867738723754883
medium-sc341,22655,3.13999080657959
medium-sc341,22671,3.109999895095825
medium-sc341,22678,3.059771776199341
medium-sc341,22695,3.105416774749756
medium-sc341,22709,3.083454132080078
medium-sc341,22724,3.134500026702881
medium-sc341,22731,3.181159734725952
medium-sc341,22732,3.143439531326294
medium-sc341,22748,3.1035308837890625
medium-sc341,22775,3.147125720977783
medium-sc341,22786,3.112549304962158
medium-sc341,22795,3.153247833251953
medium-sc341,22802,3.1188840866088867
medium-sc341,22836,3.082507610321045
medium-sc341,22861,3.117528200149536
medium-sc341,22900,3.1021790504455566
medium-sc341,22922,3.0614588260650635
medium-sc341,22927,3.1128220558166504
medium-sc341,22930,3.027266263961792
medium-sc341,22943,3.0223846435546875
medium-sc341,22975,3.060978651046753
medium-sc341,22987,3.06669282913208
medium-sc341,23000,3.0886032581329346
medium-sc341,23001,3.116075038909912
medium-sc341,23004,3.0270771980285645
medium-sc341,23038,3.0302398204803467
medium-sc341,23066,3.043776035308838
medium-sc341,23074,3.146512508392334
medium-sc341,23101,3.08236026763916
medium-sc341,23116,3.1376969814300537
medium-sc341,23120,3.1221060752868652
medium-sc341,23155,3.0031204223632812
medium-sc341,23163,3.027400255203247
medium-sc341,23211,3.050333023071289
medium-sc341,23225,3.023317813873291
medium-sc341,23243,3.073885679244995
medium-sc341,23249,3.0566229820251465
medium-sc341,23251,3.143369674682617
medium-sc341,23262,3.1325156688690186
medium-sc341,23279,3.1682016849517822
medium-sc341,23309,3.1295995712280273
medium-sc341,23317,3.0461320877075195
medium-sc341,23323,2.9869394302368164
medium-sc341,23325,3.0706634521484375
medium-sc341,23335,3.208991289138794
medium-sc341,23341,3.169388771057129
medium-sc341,23343,3.1233179569244385
medium-sc341,23367,3.066038131713867
medium-sc341,23370,3.1730284690856934
medium-sc341,23376,3.08366060256958
medium-sc341,23381,3.108522653579712
medium-sc341,23414,3.0987610816955566
medium-sc341,23427,2.960102081298828
medium-sc341,23446,3.1541295051574707
medium-sc341,23471,3.089703321456909
medium-sc341,23475,3.0321168899536133
medium-sc341,23476,3.0843148231506348
medium-sc341,23512,3.0599193572998047
medium-sc341,23525,3.054109811782837
medium-sc341,23534,3.088284969329834
medium-sc341,23540,3.174238681793213
medium-sc341,23541,3.0686373710632324
medium-sc341,23543,3.0534274578094482
medium-sc341,23596,3.073544979095459
medium-sc341,23628,3.119795799255371
medium-sc341,23653,3.024364471435547
medium-sc341,23671,3.1516361236572266
medium-sc341,23757,3.026548385620117
medium-sc341,23764,3.1067473888397217
medium-sc341,23773,3.080871105194092
medium-sc341,23785,3.0470211505889893
medium-sc341,23796,2.9905099868774414
medium-sc341,23801,3.000174045562744
medium-sc341,23815,3.0533411502838135
medium-sc341,23819,3.064976930618286
medium-sc341,23835,3.069206714630127
medium-sc341,23836,3.044585943222046
medium-sc341,23860,3.023378372192383
medium-sc341,23871,3.1212363243103027
medium-sc341,23879,3.058253288269043
medium-sc341,23881,2.9392542839050293
medium-sc341,23891,3.0719594955444336
medium-sc341,23920,3.1067872047424316
medium-sc341,23934,3.0830559730529785
medium-sc341,23936,3.111767292022705
medium-sc341,23943,3.0622646808624268
medium-sc341,23949,3.0586163997650146
medium-sc341,23966,3.0276527404785156
medium-sc341,23973,3.0759940147399902
medium-sc341,24004,3.118119239807129
medium-sc341,24009,3.0181126594543457
medium-sc341,24015,3.005215644836426
medium-sc341,24028,3.0660181045532227
medium-sc341,24056,3.0024852752685547
medium-sc341,24080,3.1092095375061035
medium-sc341,24115,3.0567731857299805
medium-sc341,24124,3.011521816253662
medium-sc341,24173,3.103733777999878
medium-sc341,24189,3.0714986324310303
medium-sc341,24209,3.101797580718994
medium-sc341,24212,3.0604305267333984
medium-sc341,24213,3.0305700302124023
medium-sc341,24218,3.045229911804199
medium-sc341,24225,3.0966320037841797
medium-sc341,24250,2.9878695011138916
medium-sc341,24257,3.0672922134399414
medium-sc341,24263,2.996302604675293
medium-sc341,24302,3.018282413482666
medium-sc341,24305,3.113603115081787
medium-sc341,24332,3.0073468685150146
medium-sc341,24369,3.102480888366699
medium-sc341,24389,2.995230197906494
medium-sc341,24409,3.12060809135437
medium-sc341,24420,3.064553737640381
medium-sc341,24430,3.080601215362549
medium-sc341,24442,2.9917731285095215
medium-sc341,24484,3.0807886123657227
medium-sc341,24512,3.0062270164489746
medium-sc341,24525,3.085888385772705
medium-sc341,24534,3.043581008911133
medium-sc341,24543,3.015354633331299
medium-sc341,24569,3.139496326446533
medium-sc341,24583,3.0883255004882812
medium-sc341,24597,3.049194097518921
medium-sc341,24598,3.023509979248047
medium-sc341,24625,3.0398025512695312
medium-sc341,24635,2.9666919708251953
medium-sc341,24654,3.0048279762268066
medium-sc341,24661,2.9423153400421143
medium-sc341,24668,2.9432761669158936
medium-sc341,24711,2.9518208503723145
medium-sc341,24721,3.0334854125976562
medium-sc341,24745,2.920833110809326
medium-sc341,24749,2.976738929748535
medium-sc341,24756,2.9515013694763184
medium-sc341,24794,3.1051840782165527
medium-sc341,24831,3.056199789047241
medium-sc341,24848,2.9590606689453125
medium-sc341,24881,3.0667996406555176
medium-sc341,24887,3.0231876373291016
medium-sc341,24893,3.095655679702759
medium-sc341,24896,3.1021337509155273
medium-sc341,24908,3.046689987182617
medium-sc341,24925,2.969144105911255
medium-sc341,24928,2.971012592315674
medium-sc341,24946,2.964332342147827
medium-sc341,24947,3.076934814453125
medium-sc341,24955,3.0471458435058594
medium-sc341,24963,3.061131715774536
medium-sc341,24966,2.9037256240844727
medium-sc341,24969,3.015108585357666
medium-sc341,25003,3.039628028869629
medium-sc341,25021,3.0870203971862793
medium-sc341,25040,2.98923397064209
medium-sc341,25070,3.087562084197998
medium-sc341,25077,2.984835147857666
medium-sc341,25094,2.963040828704834
medium-sc341,25132,3.088444948196411
medium-sc341,25159,3.0310888290405273
medium-sc341,25162,3.028951406478882
medium-sc341,25178,2.988516330718994
medium-sc341,25226,2.984250545501709
medium-sc341,25234,3.0425264835357666
medium-sc341,25250,3.055856704711914
medium-sc341,25276,2.889627456665039
medium-sc341,25288,3.087864398956299
medium-sc341,25296,3.076115369796753
medium-sc341,25302,3.037421226501465
medium-sc341,25315,2.9756338596343994
medium-sc341,25328,3.029703378677368
medium-sc341,25353,2.9786174297332764
medium-sc341,25359,2.9905552864074707
medium-sc341,25369,3.0219011306762695
medium-sc341,25375,2.9723615646362305
medium-sc341,25386,2.9888792037963867
medium-sc341,25393,3.0676910877227783
medium-sc341,25401,3.0399084091186523
medium-sc341,25404,2.937537431716919
medium-sc341,25405,2.9729537963867188
medium-sc341,25415,2.9731364250183105
medium-sc341,25468,3.0225584506988525
medium-sc341,25476,3.014289617538452
medium-sc341,25483,3.0217528343200684
medium-sc341,25508,2.984987258911133
medium-sc341,25555,3.040800094604492
medium-sc341,25575,3.0426459312438965
medium-sc341,25599,2.959059238433838
medium-sc341,25605,3.0334532260894775
medium-sc341,25608,2.9690749645233154
medium-sc341,25611,3.053875684738159
medium-sc341,25619,2.9739322662353516
medium-sc341,25631,3.0122573375701904
medium-sc341,25705,3.0264649391174316
medium-sc341,25713,2.952033758163452
medium-sc341,25716,3.050178050994873
medium-sc341,25736,2.8931095600128174
medium-sc341,25747,3.0216989517211914
medium-sc341,25756,2.9930930137634277
medium-sc341,25788,3.015389919281006
medium-sc341,25791,3.031202793121338
medium-sc341,25792,3.0001959800720215
medium-sc341,25793,3.0335099697113037
medium-sc341,25824,2.9840588569641113
medium-sc341,25845,2.9981532096862793
medium-sc341,25849,2.9433555603027344
medium-sc341,25852,2.9240221977233887
medium-sc341,25860,2.9563586711883545
medium-sc341,25895,2.95361590385437
medium-sc341,25941,2.952334403991699
medium-sc341,25951,3.051600456237793
medium-sc341,25955,3.0502262115478516
medium-sc341,25975,3.002697229385376
medium-sc341,26004,2.980532646179199
medium-sc341,26008,2.967360019683838
medium-sc341,26036,2.877490997314453
medium-sc341,26066,2.9202473163604736
medium-sc341,26073,2.9564132690429688
medium-sc341,26074,2.9367921352386475
medium-sc341,26084,3.0212738513946533
medium-sc341,26090,3.066868782043457
medium-sc341,26101,3.036599636077881
medium-sc341,26121,2.8777365684509277
medium-sc341,26131,3.0477218627929688
medium-sc341,26152,2.9658288955688477
medium-sc341,26181,2.97475004196167
medium-sc341,26182,2.8925304412841797
medium-sc341,26185,3.0157227516174316
medium-sc341,26189,3.0127904415130615
medium-sc341,26228,2.95170259475708
medium-sc341,26279,2.983552932739258
medium-sc341,26286,2.8674440383911133
medium-sc341,26287,3.0064899921417236
medium-sc341,26304,2.949810028076172
medium-sc341,26313,2.9643003940582275
medium-sc341,26322,2.992117166519165
medium-sc341,26394,2.9768993854522705
medium-sc341,26408,2.896313428878784
medium-sc341,26422,2.982354164123535
medium-sc341,26433,3.0172133445739746
medium-sc341,26444,3.006586790084839
medium-sc341,26447,3.1003479957580566
medium-sc341,26453,3.022921085357666
medium-sc341,26464,2.8843166828155518
medium-sc341,26474,2.9340693950653076
medium-sc341,26479,2.948101043701172
medium-sc341,26483,2.9927639961242676
medium-sc341,26487,3.0221619606018066
medium-sc341,26492,2.960489273071289
medium-sc341,26502,2.995600938796997
medium-sc341,26524,2.9700515270233154
medium-sc341,26538,2.9124069213867188
medium-sc341,26566,2.977092742919922
medium-sc341,26591,2.951507568359375
medium-sc341,26624,2.9248337745666504
medium-sc341,26625,2.9393043518066406
medium-sc341,26644,2.986767292022705
medium-sc341,26646,2.977006196975708
medium-sc341,26679,2.910348415374756
medium-sc341,26708,3.033712863922119
medium-sc341,26728,2.9967503547668457
medium-sc341,26735,2.967280387878418
medium-sc341,26743,2.970583438873291
medium-sc341,26763,2.953853130340576
medium-sc341,26772,3.043131113052368
medium-sc341,26792,2.9607017040252686
medium-sc341,26793,3.005570411682129
medium-sc341,26796,3.003312587738037
medium-sc341,26816,2.9754037857055664
medium-sc341,26836,2.9877285957336426
medium-sc341,26843,2.9542465209960938
medium-sc341,26857,2.9578280448913574
medium-sc341,26858,2.9569549560546875
medium-sc341,26863,2.9674811363220215
medium-sc341,26880,2.9022216796875
medium-sc341,26897,3.000568389892578
medium-sc341,26979,2.911787748336792
medium-sc341,27031,2.924870729446411
medium-sc341,27055,2.9731409549713135
medium-sc341,27057,2.9731318950653076
medium-sc341,27063,3.080214500427246
medium-sc341,27068,2.852769374847412
medium-sc341,27070,2.8923158645629883
medium-sc341,27072,3.0148558616638184
medium-sc341,27074,2.9763669967651367
medium-sc341,27076,2.951439619064331
medium-sc341,27103,2.928478240966797
medium-sc341,27119,2.983046054840088
medium-sc341,27129,2.960069179534912
medium-sc341,27134,2.9392263889312744
medium-sc341,27138,3.028352737426758
medium-sc341,27140,2.9228456020355225
medium-sc341,27148,2.943709373474121
medium-sc341,27152,2.889758586883545
medium-sc341,27157,2.969137668609619
medium-sc341,27158,2.978372573852539
medium-sc341,27159,3.0059399604797363
medium-sc341,27166,2.984445095062256
medium-sc341,27177,2.932755947113037
medium-sc341,27182,2.9151477813720703
medium-sc341,27186,2.9393296241760254
medium-sc341,27192,3.0014030933380127
medium-sc341,27202,2.9435369968414307
medium-sc341,27207,2.927196979522705
medium-sc341,27258,3.0047404766082764
medium-sc341,27260,2.9380290508270264
medium-sc341,27270,2.9392690658569336
medium-sc341,27285,2.8393197059631348
medium-sc341,27322,2.9614014625549316
medium-sc341,27343,2.930058479309082
medium-sc341,27357,2.9704277515411377
medium-sc341,27358,3.0374090671539307
medium-sc341,27364,2.9499423503875732
medium-sc341,27369,2.962216854095459
medium-sc341,27440,2.931448459625244
medium-sc341,27463,2.9024240970611572
medium-sc341,27465,2.976313352584839
medium-sc341,27489,2.8842978477478027
medium-sc341,27510,2.9160337448120117
medium-sc341,27523,2.978257656097412
medium-sc341,27530,2.8743958473205566
medium-sc341,27568,2.9433774948120117
medium-sc341,27587,2.904658317565918
medium-sc341,27589,2.936525821685791
medium-sc341,27598,2.939453125
medium-sc341,27610,2.9684152603149414
medium-sc341,27626,2.9500904083251953
medium-sc341,27630,2.9018802642822266
medium-sc341,27633,2.816044807434082
medium-sc341,27656,2.9417333602905273
medium-sc341,27666,3.0033740997314453
medium-sc341,27696,3.006869316101074
medium-sc341,27697,2.9644389152526855
medium-sc341,27706,2.9815306663513184
medium-sc341,27721,3.00443696975708
medium-sc341,27730,2.962453603744507
medium-sc341,27743,2.973673105239868
medium-sc341,27749,2.889188528060913
medium-sc341,27769,2.9677186012268066
medium-sc341,27817,3.0056233406066895
medium-sc341,27820,2.9184370040893555
medium-sc341,27828,2.9643173217773438
medium-sc341,27888,3.0252737998962402
medium-sc341,27947,2.889549493789673
medium-sc341,27968,2.9186344146728516
medium-sc341,27971,2.9724526405334473
medium-sc341,27990,2.9066762924194336
medium-sc341,28002,2.9346158504486084
medium-sc341,28039,2.974841594696045
medium-sc341,28051,2.923335075378418
medium-sc341,28053,2.930257797241211
medium-sc341,28054,2.9551286697387695
medium-sc341,28055,2.94907283782959
medium-sc341,28064,2.94303035736084
medium-sc341,28073,2.9602458477020264
medium-sc341,28084,2.9370768070220947
medium-sc341,28102,2.978313684463501
medium-sc341,28105,2.924542188644409
medium-sc341,28107,2.922297477722168
medium-sc341,28118,2.9578168392181396
medium-sc341,28121,2.916348695755005
medium-sc341,28124,2.889028310775757
medium-sc341,28138,2.9853243827819824
medium-sc341,28149,2.8676986694335938
medium-sc341,28155,2.844256639480591
medium-sc341,28168,2.972975730895996
medium-sc341,28170,2.9025559425354004
medium-sc341,28171,2.881162643432617
medium-sc341,28209,2.8805932998657227
medium-sc341,28213,2.9832279682159424
medium-sc341,28219,2.8951237201690674
medium-sc341,28223,3.0065345764160156
medium-sc341,28233,2.9629039764404297
medium-sc341,28234,2.903078079223633
medium-sc341,28245,2.949350357055664
medium-sc341,28256,3.0348563194274902
medium-sc341,28270,2.914595127105713
medium-sc341,28312,2.96183705329895
medium-sc341,28346,2.846672296524048
medium-sc341,28349,2.9687931537628174
medium-sc341,28353,2.917820453643799
medium-sc341,28354,2.927154541015625
medium-sc341,28389,2.977134943008423
medium-sc341,28399,2.95501708984375
medium-sc341,28403,2.977900505065918
medium-sc341,28410,2.968353271484375
medium-sc341,28416,2.9162583351135254
medium-sc341,28420,2.8769397735595703
medium-sc341,28421,2.99727201461792
medium-sc341,28424,2.947866916656494
medium-sc341,28442,2.8885092735290527
medium-sc341,28476,2.9780514240264893
medium-sc341,28483,2.923269033432007
medium-sc341,28489,3.0046353340148926
medium-sc341,28491,2.905817747116089
medium-sc341,28493,2.9188380241394043
medium-sc341,28506,2.9414472579956055
medium-sc341,28529,2.9362196922302246
medium-sc341,28534,2.859349489212036
medium-sc341,28558,2.9304628372192383
medium-sc341,28564,2.9434568881988525
medium-sc341,28580,2.8439321517944336
medium-sc341,28635,2.9572958946228027
medium-sc341,28641,2.860203742980957
medium-sc341,28646,2.9164490699768066
medium-sc341,28672,2.852047920227051
medium-sc341,28676,2.9450840950012207
medium-sc341,28687,2.9247193336486816
medium-sc341,28709,2.9444727897644043
medium-sc341,28716,2.890237808227539
medium-sc341,28741,2.953770637512207
medium-sc341,28749,2.8881397247314453
medium-sc341,28750,2.9280285835266113
medium-sc341,28812,2.8456270694732666
medium-sc341,28818,2.9547312259674072
medium-sc341,28824,2.9779510498046875
medium-sc341,28826,2.828099250793457
medium-sc341,28836,3.0376532077789307
medium-sc341,28853,2.8852086067199707
medium-sc341,28944,2.93462872505188
medium-sc341,28952,2.8768134117126465
medium-sc341,28958,2.9472455978393555
medium-sc341,28975,2.921048164367676
medium-sc341,28988,2.9916133880615234
medium-sc341,29023,2.9342288970947266
medium-sc341,29045,2.978443145751953
medium-sc341,29058,2.9112110137939453
medium-sc341,29066,2.9457194805145264
medium-sc341,29070,2.8301000595092773
medium-sc341,29081,2.905552864074707
medium-sc341,29089,2.8221895694732666
medium-sc341,29104,2.9338560104370117
medium-sc341,29132,2.9468722343444824
medium-sc341,29146,2.9383490085601807
medium-sc341,29162,2.8939342498779297
medium-sc341,29178,2.983004093170166
medium-sc341,29188,2.911813497543335
medium-sc341,29226,2.8949012756347656
medium-sc341,29248,2.9888830184936523
medium-sc341,29263,2.9027650356292725
medium-sc341,29276,2.920356273651123
medium-sc341,29281,2.8570444583892822
medium-sc341,29299,2.869367837905884
medium-sc341,29301,2.968820810317993
medium-sc341,29317,2.891324520111084
medium-sc341,29346,2.914508581161499
medium-sc341,29347,2.945608377456665
medium-sc341,29368,2.9048714637756348
medium-sc341,29385,2.990607500076294
medium-sc341,29413,2.8538503646850586
medium-sc341,29439,3.0133252143859863
medium-sc341,29444,2.9521262645721436
medium-sc341,29447,2.930079936981201
medium-sc341,29455,2.877251386642456
medium-sc341,29459,2.9485573768615723
medium-sc341,29460,2.9404497146606445
medium-sc341,29461,2.882404327392578
medium-sc341,29463,2.995795726776123
medium-sc341,29473,2.9593544006347656
medium-sc341,29480,2.935190200805664
medium-sc341,29485,2.8894588947296143
medium-sc341,29506,2.9550981521606445
medium-sc341,29509,2.8950395584106445
medium-sc341,29542,2.9532039165496826
medium-sc341,29567,2.9063985347747803
medium-sc341,29569,2.929239273071289
medium-sc341,29575,2.9655261039733887
medium-sc341,29586,2.953144073486328
medium-sc341,29597,2.888153553009033
medium-sc341,29598,2.9543561935424805
medium-sc341,29599,2.928903579711914
medium-sc341,29601,2.9512438774108887
medium-sc341,29607,2.959833860397339
medium-sc341,29640,2.9265592098236084
medium-sc341,29650,2.9510717391967773
medium-sc341,29690,2.9502272605895996
medium-sc341,29692,2.9269115924835205
medium-sc341,29704,2.892024517059326
medium-sc341,29707,2.9332573413848877
medium-sc341,29711,2.912282943725586
medium-sc341,29719,2.9343416690826416
medium-sc341,29725,2.8983442783355713
medium-sc341,29737,2.854832410812378
medium-sc341,29745,2.9624102115631104
medium-sc341,29778,2.9904470443725586
medium-sc341,29828,2.9467568397521973
medium-sc341,29831,2.780503749847412
medium-sc341,29898,2.941012382507324
medium-sc341,29922,2.9497110843658447
medium-sc341,29931,2.9781503677368164
medium-sc341,29968,2.857414722442627
medium-sc341,29980,2.9497814178466797
medium-sc341,29982,2.84130597114563
medium-sc341,30015,2.9190468788146973
medium-sc341,30039,2.922412157058716
medium-sc341,30046,2.927149772644043
medium-sc341,30062,2.9351611137390137
medium-sc341,30074,2.91866135597229
medium-sc341,30112,2.8431382179260254
medium-sc341,30119,2.910723924636841
medium-sc341,30120,2.868929862976074
medium-sc341,30123,2.915220260620117
medium-sc341,30181,2.959536552429199
medium-sc341,30185,2.9148192405700684
medium-sc341,30215,2.9016265869140625
medium-sc341,30216,2.9152252674102783
medium-sc341,30222,2.971083164215088
medium-sc341,30224,2.9105029106140137
medium-sc341,30226,2.9130961894989014
medium-sc341,30254,2.930572986602783
medium-sc341,30270,2.883514404296875
medium-sc341,30284,2.868041515350342
medium-sc341,30290,3.0230319499969482
medium-sc341,30294,2.9310710430145264
medium-sc341,30299,2.9072105884552
medium-sc341,30310,2.875910520553589
medium-sc341,30315,2.9101145267486572
medium-sc341,30325,2.925006866455078
medium-sc341,30398,2.965214729309082
medium-sc341,30406,2.873893976211548
medium-sc341,30420,2.9525208473205566
medium-sc341,30422,2.9214577674865723
medium-sc341,30443,2.8963255882263184
medium-sc341,30456,2.9469096660614014
medium-sc341,30458,2.946497678756714
medium-sc341,30460,2.953240394592285
medium-sc341,30481,2.9822230339050293
medium-sc341,30495,2.897141933441162
medium-sc341,30516,2.92226243019104
medium-sc341,30519,2.910586357116699
medium-sc341,30537,2.944971799850464
medium-sc341,30584,2.9847092628479004
medium-sc341,30598,2.883612632751465
medium-sc341,30627,2.8850536346435547
medium-sc341,30633,2.9353036880493164
medium-sc341,30659,2.972893714904785
medium-sc341,30675,2.889796257019043
medium-sc341,30683,2.8938238620758057
medium-sc341,30747,2.9156322479248047
medium-sc341,30765,2.8957676887512207
medium-sc341,30769,2.859400749206543
medium-sc341,30808,2.858140468597412
medium-sc341,30816,3.027552604675293
medium-sc341,30820,2.890942096710205
medium-sc341,30827,2.8797292709350586
medium-sc341,30830,2.9290122985839844
medium-sc341,30844,2.8622076511383057
medium-sc341,30846,2.910034656524658
medium-sc341,30848,2.9881510734558105
medium-sc341,30864,2.9473276138305664
medium-sc341,30868,2.9785776138305664
medium-sc341,30890,2.927851676940918
medium-sc341,30924,2.975045680999756
medium-sc341,30941,2.875455856323242
medium-sc341,30943,2.944227695465088
medium-sc341,30974,2.905242443084717
medium-sc341,30982,3.0992584228515625
medium-sc341,30988,2.881251096725464
medium-sc341,30996,2.9357290267944336
medium-sc341,31001,2.895913600921631
medium-sc341,31010,2.878390312194824
medium-sc341,31011,2.957507610321045
medium-sc341,31050,2.917381763458252
medium-sc341,31056,2.935122013092041
medium-sc341,31060,2.9152607917785645
medium-sc341,31063,2.931436777114868
medium-sc341,31076,2.885202407836914
medium-sc341,31083,2.991856575012207
medium-sc341,31097,2.9567012786865234
medium-sc341,31113,2.916884660720825
medium-sc341,31140,2.854872465133667
medium-sc341,31149,2.924349784851074
medium-sc341,31156,2.9055075645446777
medium-sc341,31173,2.9371652603149414
medium-sc341,31178,2.845367670059204
medium-sc341,31182,2.939425468444824
medium-sc341,31184,2.968411445617676
medium-sc341,31193,2.9393515586853027
medium-sc341,31194,2.889427423477173
medium-sc341,31223,2.9210450649261475
medium-sc341,31226,2.8593688011169434
medium-sc341,31242,2.933475971221924
medium-sc341,31254,2.87605357170105
medium-sc341,31257,2.8599886894226074
medium-sc341,31265,2.9183642864227295
medium-sc341,31266,2.862959146499634
medium-sc341,31274,2.9198570251464844
medium-sc341,31291,2.8596909046173096
medium-sc1941,7,111.39170837402344
medium-sc1941,14,111.44741821289062
medium-sc1941,33,107.51486206054688
medium-sc1941,42,104.28280639648438
medium-sc1941,87,88.35249328613281
medium-sc1941,90,86.4918212890625
medium-sc1941,93,85.82020568847656
medium-sc1941,96,85.33869934082031
medium-sc1941,101,84.07232666015625
medium-sc1941,136,80.01880645751953
medium-sc1941,143,78.37208557128906
medium-sc1941,150,78.50845336914062
medium-sc1941,152,77.44477844238281
medium-sc1941,192,70.89517211914062
medium-sc1941,195,71.95970916748047
medium-sc1941,197,71.39724731445312
medium-sc1941,213,68.62749481201172
medium-sc1941,238,64.62372589111328
medium-sc1941,269,59.55674743652344
medium-sc1941,275,58.881473541259766
medium-sc1941,276,59.25010299682617
medium-sc1941,319,52.191680908203125
medium-sc1941,323,50.73474884033203
medium-sc1941,372,42.341766357421875
medium-sc1941,378,41.79502868652344
medium-sc1941,382,41.029747009277344
medium-sc1941,405,37.273406982421875
medium-sc1941,425,34.01533508300781
medium-sc1941,441,31.93166732788086
medium-sc1941,444,31.662931442260742
medium-sc1941,458,29.658039093017578
medium-sc1941,502,24.253520965576172
medium-sc1941,506,23.588481903076172
medium-sc1941,511,22.823381423950195
medium-sc1941,512,22.77503204345703
medium-sc1941,519,22.465076446533203
medium-sc1941,527,21.41754913330078
medium-sc1941,531,20.720703125
medium-sc1941,535,20.432832717895508
medium-sc1941,545,19.99387550354004
medium-sc1941,574,17.87493133544922
medium-sc1941,584,17.41157341003418
medium-sc1941,610,15.64583969116211
medium-sc1941,617,14.910455703735352
medium-sc1941,622,14.540752410888672
medium-sc1941,629,14.653230667114258
medium-sc1941,652,13.191893577575684
medium-sc1941,672,13.005538940429688
medium-sc1941,678,12.198638916015625
medium-sc1941,682,11.903636932373047
medium-sc1941,686,11.460332870483398
medium-sc1941,690,11.663715362548828
medium-sc1941,696,11.31889820098877
medium-sc1941,698,11.547131538391113
medium-sc1941,720,10.73952865600586
medium-sc1941,731,9.790623664855957
medium-sc1941,735,9.99718952178955
medium-sc1941,745,10.115910530090332
medium-sc1941,753,9.701963424682617
medium-sc1941,764,9.794058799743652
medium-sc1941,775,9.32828426361084
medium-sc1941,812,8.171967506408691
medium-sc1941,841,7.626180648803711
medium-sc1941,862,7.350313186645508
medium-sc1941,872,7.053953170776367
medium-sc1941,897,6.812666416168213
medium-sc1941,908,7.017994403839111
medium-sc1941,918,6.818809986114502
medium-sc1941,929,6.506675720214844
medium-sc1941,946,6.398970603942871
medium-sc1941,949,6.563498020172119
medium-sc1941,981,6.048047065734863
medium-sc1941,991,6.590734958648682
medium-sc1941,993,6.301671981811523
medium-sc1941,1012,5.917307376861572
medium-sc1941,1014,5.8368449211120605
medium-sc1941,1021,5.946020603179932
medium-sc1941,1022,5.714989185333252
medium-sc1941,1027,5.777257442474365
medium-sc1941,1041,5.6794891357421875
medium-sc1941,1064,5.741426944732666
medium-sc1941,1094,5.509264945983887
medium-sc1941,1128,5.04324197769165
medium-sc1941,1132,5.186573028564453
medium-sc1941,1134,5.186022758483887
medium-sc1941,1158,5.269752502441406
medium-sc1941,1161,5.321900844573975
medium-sc1941,1176,5.210574150085449
medium-sc1941,1215,4.872883319854736
medium-sc1941,1232,4.905607223510742
medium-sc1941,1266,4.726656913757324
medium-sc1941,1289,4.9944353103637695
medium-sc1941,1300,4.570393085479736
medium-sc1941,1302,4.6461920738220215
medium-sc1941,1308,4.705379486083984
medium-sc1941,1320,4.762918949127197
medium-sc1941,1336,4.519130706787109
medium-sc1941,1344,4.382172107696533
medium-sc1941,1356,4.602476119995117
medium-sc1941,1364,4.462536811828613
medium-sc1941,1370,4.34185791015625
medium-sc1941,1371,4.630860328674316
medium-sc1941,1374,4.478913307189941
medium-sc1941,1401,4.267594337463379
medium-sc1941,1420,4.342977523803711
medium-sc1941,1433,4.497734546661377
medium-sc1941,1439,4.377132415771484
medium-sc1941,1448,4.278456211090088
medium-sc1941,1462,4.323400497436523
medium-sc1941,1468,4.095541000366211
medium-sc1941,1472,4.139044761657715
medium-sc1941,1483,4.012763500213623
medium-sc1941,1512,4.1415534019470215
medium-sc1941,1522,4.1947174072265625
medium-sc1941,1524,4.091640472412109
medium-sc1941,1539,4.167057037353516
medium-sc1941,1551,4.142285346984863
medium-sc1941,1561,4.18269681930542
medium-sc1941,1562,3.9362587928771973
medium-sc1941,1566,4.315853118896484
medium-sc1941,1567,4.139632701873779
medium-sc1941,1623,3.981945276260376
medium-sc1941,1628,4.026505947113037
medium-sc1941,1634,4.096256256103516
medium-sc1941,1660,3.8621997833251953
medium-sc1941,1686,3.7960877418518066
medium-sc1941,1725,3.7478694915771484
medium-sc1941,1729,3.889228343963623
medium-sc1941,1739,3.7934374809265137
medium-sc1941,1762,3.662809371948242
medium-sc1941,1765,3.6930861473083496
medium-sc1941,1774,3.855221748352051
medium-sc1941,1805,3.7835452556610107
medium-sc1941,1826,3.623931407928467
medium-sc1941,1860,3.607175588607788
medium-sc1941,1889,3.6823272705078125
medium-sc1941,1938,3.800633192062378
medium-sc1941,1939,3.7108139991760254
medium-sc1941,1947,3.6051197052001953
medium-sc1941,1956,3.291764259338379
medium-sc1941,1965,3.4967246055603027
medium-sc1941,1972,3.3476269245147705
medium-sc1941,1976,3.4814014434814453
medium-sc1941,1978,3.4703028202056885
medium-sc1941,2009,3.4494190216064453
medium-sc1941,2036,3.5210957527160645
medium-sc1941,2060,3.5707859992980957
medium-sc1941,2078,3.570162773132324
medium-sc1941,2090,3.474884033203125
medium-sc1941,2174,43.09010314941406
medium-sc1941,2193,115.49763488769531
medium-sc1941,2205,144.18060302734375
medium-sc1941,2206,134.651123046875
medium-sc1941,2229,112.64015197753906
medium-sc1941,2288,110.91146850585938
medium-sc1941,2293,110.3366928100586
medium-sc1941,2311,111.42167663574219
medium-sc1941,2378,111.09257507324219
medium-sc1941,2389,108.4565658569336
medium-sc1941,2397,107.26878356933594
medium-sc1941,2430,131.8570556640625
medium-sc1941,2441,107.88363647460938
medium-sc1941,2447,119.23193359375
medium-sc1941,2448,116.6319351196289
medium-sc1941,2464,112.82081604003906
medium-sc1941,2508,105.67167663574219
medium-sc1941,2516,108.81022644042969
medium-sc1941,2541,109.2313461303711
medium-sc1941,2548,108.04182434082031
medium-sc1941,2585,104.4303207397461
medium-sc1941,2590,108.65594482421875
medium-sc1941,2600,107.3951416015625
medium-sc1941,2606,106.8631591796875
medium-sc1941,2610,105.823974609375
medium-sc1941,2615,108.72677612304688
medium-sc1941,2630,103.60562896728516
medium-sc1941,2650,106.40338134765625
medium-sc1941,2660,120.94804382324219
medium-sc1941,2662,106.12757873535156
medium-sc1941,2666,123.35462188720703
medium-sc1941,2733,105.14855194091797
medium-sc1941,2735,104.21717834472656
medium-sc1941,2738,107.19120788574219
medium-sc1941,2740,102.98812103271484
medium-sc1941,2746,99.11465454101562
medium-sc1941,2756,125.33677673339844
medium-sc1941,2775,107.99835205078125
medium-sc1941,2781,107.51300048828125
medium-sc1941,2796,111.43421936035156
medium-sc1941,2801,110.1954345703125
medium-sc1941,2839,105.73866271972656
medium-sc1941,2872,103.93992614746094
medium-sc1941,2884,102.56809997558594
medium-sc1941,2887,100.16780090332031
medium-sc1941,2897,94.57686614990234
medium-sc1941,2900,107.38048553466797
medium-sc1941,2903,102.33897399902344
medium-sc1941,2910,98.97959899902344
medium-sc1941,2925,97.64106750488281
medium-sc1941,2963,86.91497802734375
medium-sc1941,2969,87.58675384521484
medium-sc1941,2977,92.40962982177734
medium-sc1941,2991,87.25837707519531
medium-sc1941,2992,87.63587951660156
medium-sc1941,2993,88.79997253417969
medium-sc1941,3025,118.76087951660156
medium-sc1941,3026,117.38296508789062
medium-sc1941,3049,83.92965698242188
medium-sc1941,3051,75.11363220214844
medium-sc1941,3061,57.79650115966797
medium-sc1941,3103,40.6917724609375
medium-sc1941,3112,31.400415420532227
medium-sc1941,3135,25.905624389648438
medium-sc1941,3159,22.886409759521484
medium-sc1941,3171,22.456600189208984
medium-sc1941,3183,20.370685577392578
medium-sc1941,3190,20.361309051513672
medium-sc1941,3248,15.104595184326172
medium-sc1941,3277,13.580179214477539
medium-sc1941,3289,13.116445541381836
medium-sc1941,3312,11.659798622131348
medium-sc1941,3316,11.753623962402344
medium-sc1941,3358,10.558981895446777
medium-sc1941,3376,9.936624526977539
medium-sc1941,3380,9.906694412231445
medium-sc1941,3401,9.987308502197266
medium-sc1941,3402,9.821266174316406
medium-sc1941,3406,10.130735397338867
medium-sc1941,3408,9.757186889648438
medium-sc1941,3415,9.918050765991211
medium-sc1941,3416,9.84276008605957
medium-sc1941,3433,9.808439254760742
medium-sc1941,3434,9.68266487121582
medium-sc1941,3435,9.661434173583984
medium-sc1941,3452,9.200239181518555
medium-sc1941,3456,9.544767379760742
medium-sc1941,3495,9.472522735595703
medium-sc1941,3503,9.341047286987305
medium-sc1941,3527,9.138980865478516
medium-sc1941,3539,9.289112091064453
medium-sc1941,3548,9.020301818847656
medium-sc1941,3553,8.979853630065918
medium-sc1941,3555,8.823738098144531
medium-sc1941,3563,8.93255615234375
medium-sc1941,3578,8.983789443969727
medium-sc1941,3579,8.456790924072266
medium-sc1941,3587,8.966504096984863
medium-sc1941,3643,8.951892852783203
medium-sc1941,3646,8.935580253601074
medium-sc1941,3661,8.5157470703125
medium-sc1941,3677,8.78719711303711
medium-sc1941,3684,8.791349411010742
medium-sc1941,3707,8.736204147338867
medium-sc1941,3708,8.951494216918945
medium-sc1941,3717,9.144428253173828
medium-sc1941,3724,9.066203117370605
medium-sc1941,3737,8.814706802368164
medium-sc1941,3779,8.27760124206543
medium-sc1941,3792,9.807111740112305
medium-sc1941,3794,8.771034240722656
medium-sc1941,3800,9.452692985534668
medium-sc1941,3811,8.7560396194458
medium-sc1941,3812,8.646308898925781
medium-sc1941,3817,8.548831939697266
medium-sc1941,3854,8.304586410522461
medium-sc1941,3878,7.837478160858154
medium-sc1941,3882,8.315966606140137
medium-sc1941,3894,8.468017578125
medium-sc1941,3897,8.062119483947754
medium-sc1941,3905,8.673330307006836
medium-sc1941,3928,8.455587387084961
medium-sc1941,3930,8.298803329467773
medium-sc1941,3954,7.948982238769531
medium-sc1941,4012,7.959916114807129
medium-sc1941,4014,8.205412864685059
medium-sc1941,4016,7.726715564727783
medium-sc1941,4024,7.676150321960449
medium-sc1941,4049,7.7632670402526855
medium-sc1941,4079,7.747856616973877
medium-sc1941,4092,7.3767900466918945
medium-sc1941,4098,7.410819053649902
medium-sc1941,4111,6.970012187957764
medium-sc1941,4118,6.8024067878723145
medium-sc1941,4125,6.8276801109313965
medium-sc1941,4149,6.58632755279541
medium-sc1941,4169,6.247468948364258
medium-sc1941,4180,6.247396469116211
medium-sc1941,4205,6.1666154861450195
medium-sc1941,4210,6.128194808959961
medium-sc1941,4240,5.682086944580078
medium-sc1941,4260,6.008162975311279
medium-sc1941,4273,5.8006510734558105
medium-sc1941,4278,5.8828125
medium-sc1941,4280,5.914430141448975
medium-sc1941,4284,5.575226306915283
medium-sc1941,4306,5.610035419464111
medium-sc1941,4330,5.78524112701416
medium-sc1941,4352,5.774723052978516
medium-sc1941,4368,5.220053672790527
medium-sc1941,4386,5.675622940063477
medium-sc1941,4394,5.46082878112793
medium-sc1941,4454,5.44408655166626
medium-sc1941,4493,5.568321704864502
medium-sc1941,4499,5.381681442260742
medium-sc1941,4543,5.458333969116211
medium-sc1941,4580,4.858313083648682
medium-sc1941,4593,4.939172744750977
medium-sc1941,4601,4.953424453735352
medium-sc1941,4605,5.097002983093262
medium-sc1941,4631,4.857298851013184
medium-sc1941,4634,4.63355827331543
medium-sc1941,4640,5.0176239013671875
medium-sc1941,4645,4.72607421875
medium-sc1941,4650,4.976019859313965
medium-sc1941,4654,4.916868209838867
medium-sc1941,4678,4.578907012939453
medium-sc1941,4683,4.773154258728027
medium-sc1941,4703,4.477910995483398
medium-sc1941,4741,4.587420463562012
medium-sc1941,4747,4.449594497680664
medium-sc1941,4759,4.607711315155029
medium-sc1941,4763,4.37233829498291
medium-sc1941,4771,4.379635810852051
medium-sc1941,4797,4.394846439361572
medium-sc1941,4821,4.232827186584473
medium-sc1941,4822,4.401907920837402
medium-sc1941,4850,4.5062737464904785
medium-sc1941,4864,4.369667053222656
medium-sc1941,4891,4.267234802246094
medium-sc1941,4941,4.286657333374023
medium-sc1941,4971,4.269244194030762
medium-sc1941,5015,4.36844539642334
medium-sc1941,5032,4.2137908935546875
medium-sc1941,5040,4.06950044631958
medium-sc1941,5065,4.1553425788879395
medium-sc1941,5073,4.355975151062012
medium-sc1941,5107,4.231040954589844
medium-sc1941,5148,4.199758529663086
medium-sc1941,5172,4.105327129364014
medium-sc1941,5176,4.160742282867432
medium-sc1941,5185,4.022402763366699
medium-sc1941,5216,4.042481422424316
medium-sc1941,5233,3.9864306449890137
medium-sc1941,5238,4.125450134277344
medium-sc1941,5271,3.7701292037963867
medium-sc1941,5275,3.8616104125976562
medium-sc1941,5279,3.9027187824249268
medium-sc1941,5287,3.7442500591278076
medium-sc1941,5302,3.995601177215576
medium-sc1941,5304,4.069180011749268
medium-sc1941,5326,3.9705021381378174
medium-sc1941,5344,3.870832920074463
medium-sc1941,5348,3.7925362586975098
medium-sc1941,5355,3.7529220581054688
medium-sc1941,5357,3.770305633544922
medium-sc1941,5369,4.2049760818481445
medium-sc1941,5443,3.8376903533935547
medium-sc1941,5450,3.8517017364501953
medium-sc1941,5454,3.88284969329834
medium-sc1941,5463,3.7652735710144043
medium-sc1941,5475,3.7913269996643066
medium-sc1941,5482,3.601613998413086
medium-sc1941,5485,3.8818764686584473
medium-sc1941,5494,3.833085536956787
medium-sc1941,5528,3.6492979526519775
medium-sc1941,5534,3.7743849754333496
medium-sc1941,5543,3.9317867755889893
medium-sc1941,5546,3.74729061126709
medium-sc1941,5549,3.7942895889282227
medium-sc1941,5558,3.6167502403259277
medium-sc1941,5565,3.5002083778381348
medium-sc1941,5566,3.5758256912231445
medium-sc1941,5569,3.817286491394043
medium-sc1941,5572,3.7934889793395996
medium-sc1941,5621,3.85896372795105
medium-sc1941,5641,3.5961434841156006
medium-sc1941,5652,3.6004180908203125
medium-sc1941,5656,3.89984130859375
medium-sc1941,5669,3.7460362911224365
medium-sc1941,5671,3.5505809783935547
medium-sc1941,5682,3.6017990112304688
medium-sc1941,5689,3.783418893814087
medium-sc1941,5729,3.561223030090332
medium-sc1941,5749,3.6449778079986572
medium-sc1941,5794,3.659090995788574
medium-sc1941,5803,3.5207479000091553
medium-sc1941,5811,3.520540952682495
medium-sc1941,5829,3.585679531097412
medium-sc1941,5865,3.425415277481079
medium-sc1941,5909,3.4099857807159424
medium-sc1941,5923,3.465364933013916
medium-sc1941,5986,3.3964884281158447
medium-sc1941,5997,3.4680888652801514
medium-sc1941,6005,3.5508413314819336
medium-sc1941,6026,3.507823944091797
medium-sc1941,6032,3.389913320541382
medium-sc1941,6059,3.515125274658203
medium-sc1941,6071,3.331954002380371
medium-sc1941,6081,3.353299140930176
medium-sc1941,6127,3.3234548568725586
medium-sc1941,6128,3.2174041271209717
medium-sc1941,6136,3.3483729362487793
medium-sc1941,6150,3.1757287979125977
medium-sc1941,6154,3.334214925765991
medium-sc1941,6162,3.2793264389038086
medium-sc1941,6183,3.335789442062378
medium-sc1941,6185,3.2603015899658203
medium-sc1941,6186,3.3319196701049805
medium-sc1941,6192,3.2201807498931885
medium-sc1941,6211,3.3490989208221436
medium-sc1941,6213,3.3338990211486816
medium-sc1941,6215,3.3262267112731934
medium-sc1941,6225,3.2635273933410645
medium-sc1941,6236,3.2410943508148193
medium-sc1941,6240,3.0472333431243896
medium-sc1941,6260,3.293144702911377
medium-sc1941,6299,3.1770970821380615
medium-sc1941,6331,3.207857131958008
medium-sc1941,6359,3.2346153259277344
medium-sc1941,6409,3.2410967350006104
medium-sc1941,6414,3.0865960121154785
medium-sc1941,6458,3.0433664321899414
medium-sc1941,6475,3.0372416973114014
medium-sc1941,6479,3.1080286502838135
medium-sc1941,6486,3.0562973022460938
medium-sc1941,6487,2.908329725265503
medium-sc1941,6516,3.1392836570739746
medium-sc1941,6522,3.399627685546875
medium-sc1941,6537,3.271291732788086
medium-sc1941,6544,3.1799726486206055
medium-sc1941,6547,3.0424296855926514
medium-sc1941,6553,3.0823187828063965
medium-sc1941,6562,3.095569610595703
medium-sc1941,6567,3.0784354209899902
medium-sc1941,6604,3.2180399894714355
medium-sc1941,6614,3.0583136081695557
medium-sc1941,6626,3.2325477600097656
medium-sc1941,6636,3.0233025550842285
medium-sc1941,6642,3.0773911476135254
medium-sc1941,6654,3.2329423427581787
medium-sc1941,6666,3.009124755859375
medium-sc1941,6686,3.101426124572754
medium-sc1941,6688,3.1305465698242188
medium-sc1941,6697,3.0225229263305664
medium-sc1941,6703,3.0839052200317383
medium-sc1941,6741,2.9552698135375977
medium-sc1941,6752,3.0510058403015137
medium-sc1941,6767,2.9653854370117188
medium-sc1941,6772,2.98298978805542
medium-sc1941,6790,2.9618780612945557
medium-sc1941,6807,3.068042755126953
medium-sc1941,6817,3.030698776245117
medium-sc1941,6844,3.0235595703125
medium-sc1941,6878,3.1038718223571777
medium-sc1941,6952,3.090550184249878
medium-sc1941,6965,3.36258602142334
medium-sc1941,6970,3.2312071323394775
medium-sc1941,7101,2.9688165187835693
medium-sc1941,7154,2.813791275024414
medium-sc1941,7188,2.9283652305603027
medium-sc1941,7205,3.0442261695861816
medium-sc1941,7219,2.8404526710510254
medium-sc1941,7242,2.8256311416625977
medium-sc1941,7276,3.006551742553711
medium-sc1941,7288,2.875126361846924
medium-sc1941,7289,2.7877187728881836
medium-sc1941,7309,2.753284454345703
medium-sc1941,7310,2.9300601482391357
medium-sc1941,7321,2.7880806922912598
medium-sc1941,7339,2.941232204437256
medium-sc1941,7366,2.837839365005493
medium-sc1941,7405,2.806108236312866
medium-sc1941,7408,2.7781553268432617
medium-sc1941,7416,2.8508148193359375
medium-sc1941,7461,2.852686643600464
medium-sc1941,7473,2.800457000732422
medium-sc1941,7482,2.62851619720459
medium-sc1941,7500,2.836806297302246
medium-sc1941,7519,2.768667697906494
medium-sc1941,7535,2.721437454223633
medium-sc1941,7561,2.8525094985961914
medium-sc1941,7574,2.8089828491210938
medium-sc1941,7602,2.811192512512207
medium-sc1941,7604,2.695777416229248
medium-sc1941,7606,2.877596616744995
medium-sc1941,7617,2.747274398803711
medium-sc1941,7620,2.7193689346313477
medium-sc1941,7635,2.679393768310547
medium-sc1941,7637,2.717911720275879
medium-sc1941,7639,2.8584508895874023
medium-sc1941,7654,2.763566732406616
medium-sc1941,7687,2.8554635047912598
medium-sc1941,7698,2.768310070037842
medium-sc1941,7715,2.8030028343200684
medium-sc1941,7737,2.653536558151245
medium-sc1941,7778,2.7725167274475098
medium-sc1941,7781,2.7541146278381348
medium-sc1941,7793,2.6257052421569824
medium-sc1941,7795,2.6472418308258057
medium-sc1941,7806,2.7530722618103027
medium-sc1941,7821,2.693502426147461
medium-sc1941,7870,2.7293176651000977
medium-sc1941,7886,2.6470324993133545
medium-sc1941,7899,2.6818604469299316
medium-sc1941,7903,2.644869804382324
medium-sc1941,7914,2.7026724815368652
medium-sc1941,7933,2.6615381240844727
medium-sc1941,7943,2.7643449306488037
medium-sc1941,7948,2.82029390335083
medium-sc1941,7956,2.7921953201293945
medium-sc1941,7973,3.3340344429016113
medium-sc1941,8019,8.187723159790039
medium-sc1941,8045,148.43270874023438
medium-sc1941,8073,117.49143981933594
medium-sc1941,8075,118.62353515625
medium-sc1941,8093,111.920654296875
medium-sc1941,8094,112.5378189086914
medium-sc1941,8095,110.1714096069336
medium-sc1941,8117,111.83414459228516
medium-sc1941,8130,114.37037658691406
medium-sc1941,8131,122.31352996826172
medium-sc1941,8133,118.37838745117188
medium-sc1941,8176,105.5916519165039
medium-sc1941,8186,105.95939636230469
medium-sc1941,8204,112.32075500488281
medium-sc1941,8224,103.47270202636719
medium-sc1941,8238,110.6832504272461
medium-sc1941,8239,109.99858093261719
medium-sc1941,8259,86.8969497680664
medium-sc1941,8275,99.00035858154297
medium-sc1941,8352,84.99588775634766
medium-sc1941,8371,84.15956115722656
medium-sc1941,8377,85.37416076660156
medium-sc1941,8381,85.35408020019531
medium-sc1941,8449,83.5064697265625
medium-sc1941,8465,84.22325134277344
medium-sc1941,8481,85.81666564941406
medium-sc1941,8482,83.92383575439453
medium-sc1941,8488,84.0732421875
medium-sc1941,8492,73.47274780273438
medium-sc1941,8508,25.204919815063477
medium-sc1941,8516,18.347919464111328
medium-sc1941,8529,14.58096694946289
medium-sc1941,8533,13.43451976776123
medium-sc1941,8540,11.688349723815918
medium-sc1941,8567,8.957751274108887
medium-sc1941,8573,8.249370574951172
medium-sc1941,8584,6.993318557739258
medium-sc1941,8599,5.514956951141357
medium-sc1941,8613,4.983974456787109
medium-sc1941,8644,4.0650177001953125
medium-sc1941,8645,3.974452257156372
medium-sc1941,8661,3.8469505310058594
medium-sc1941,8662,3.743825674057007
medium-sc1941,8687,3.6797776222229004
medium-sc1941,8744,3.244157314300537
medium-sc1941,8753,3.352001667022705
medium-sc1941,8755,3.3214941024780273
medium-sc1941,8776,3.2377946376800537
medium-sc1941,8779,3.3275160789489746
medium-sc1941,8783,3.2282497882843018
medium-sc1941,8794,3.2849373817443848
medium-sc1941,8800,3.2166595458984375
medium-sc1941,8823,3.26491641998291
medium-sc1941,8841,3.1575660705566406
medium-sc1941,8863,3.1118874549865723
medium-sc1941,8871,3.242708444595337
medium-sc1941,8874,3.1328020095825195
medium-sc1941,8876,3.205965042114258
medium-sc1941,8911,3.0539116859436035
medium-sc1941,8920,3.044664144515991
medium-sc1941,8925,3.1604175567626953
medium-sc1941,8945,3.0879809856414795
medium-sc1941,8947,3.0963356494903564
medium-sc1941,8957,3.019289493560791
medium-sc1941,8991,3.1629137992858887
medium-sc1941,8992,3.1440820693969727
medium-sc1941,9007,2.969454288482666
medium-sc1941,9022,3.1475508213043213
medium-sc1941,9032,3.068345546722412
medium-sc1941,9047,2.944777250289917
medium-sc1941,9067,2.9632158279418945
medium-sc1941,9071,2.894659996032715
medium-sc1941,9092,3.040302276611328
medium-sc1941,9120,2.902012348175049
medium-sc1941,9132,3.018558979034424
medium-sc1941,9133,2.8890504837036133
medium-sc1941,9144,2.936020851135254
medium-sc1941,9146,3.0834851264953613
medium-sc1941,9157,2.992537498474121
medium-sc1941,9159,2.8873114585876465
medium-sc1941,9166,2.9911675453186035
medium-sc1941,9174,2.991008758544922
medium-sc1941,9184,2.849794626235962
medium-sc1941,9200,2.901256561279297
medium-sc1941,9208,2.8688483238220215
medium-sc1941,9268,2.832324266433716
medium-sc1941,9284,2.8152341842651367
medium-sc1941,9336,2.840636730194092
medium-sc1941,9344,2.803577423095703
medium-sc1941,9358,2.755669593811035
medium-sc1941,9360,2.841728925704956
medium-sc1941,9375,2.952338933944702
medium-sc1941,9429,2.95059871673584
medium-sc1941,9434,2.741670846939087
medium-sc1941,9445,2.800154209136963
medium-sc1941,9449,2.798464298248291
medium-sc1941,9450,2.7376503944396973
medium-sc1941,9468,3.1040849685668945
medium-sc1941,9472,2.9813151359558105
medium-sc1941,9487,2.829522132873535
medium-sc1941,9491,2.8334364891052246
medium-sc1941,9504,2.9663894176483154
medium-sc1941,9574,2.7550573348999023
medium-sc1941,9584,2.832733154296875
medium-sc1941,9617,2.6751866340637207
medium-sc1941,9629,2.8115901947021484
medium-sc1941,9639,2.7598795890808105
medium-sc1941,9640,2.710515022277832
medium-sc1941,9648,2.931398391723633
medium-sc1941,9659,2.773732900619507
medium-sc1941,9672,2.6920855045318604
medium-sc1941,9753,2.6783385276794434
medium-sc1941,9761,2.700643539428711
medium-sc1941,9763,2.719958782196045
medium-sc1941,9776,2.7253570556640625
medium-sc1941,9854,2.629467487335205
medium-sc1941,9889,2.7761754989624023
medium-sc1941,9908,2.7160539627075195
medium-sc1941,9911,2.719097137451172
medium-sc1941,9914,2.751655340194702
medium-sc1941,9917,2.686202049255371
medium-sc1941,9920,2.667466878890991
medium-sc1941,9931,2.5810422897338867
medium-sc1941,9939,2.6557934284210205
medium-sc1941,9959,2.7075517177581787
medium-sc1941,9974,2.637329578399658
medium-sc1941,9986,2.6664562225341797
medium-sc1941,10028,2.5686182975769043
medium-sc1941,10041,2.581073760986328
medium-sc1941,10060,2.6141819953918457
medium-sc1941,10068,2.7699975967407227
medium-sc1941,10090,2.5138425827026367
medium-sc1941,10100,2.6305952072143555
medium-sc1941,10118,2.666105270385742
medium-sc1941,10149,2.6539456844329834
medium-sc1941,10158,2.7368388175964355
medium-sc1941,10164,2.5910634994506836
medium-sc1941,10166,2.571683883666992
medium-sc1941,10176,2.6515934467315674
medium-sc1941,10177,2.6156299114227295
medium-sc1941,10182,2.7099695205688477
medium-sc1941,10190,2.602283239364624
medium-sc1941,10222,2.526766061782837
medium-sc1941,10297,2.5676944255828857
medium-sc1941,10301,2.6252079010009766
medium-sc1941,10303,2.4575021266937256
medium-sc1941,10334,2.6064720153808594
medium-sc1941,10345,2.6115896701812744
medium-sc1941,10410,2.558500289916992
medium-sc1941,10435,2.5304317474365234
medium-sc1941,10448,2.6187024116516113
medium-sc1941,10453,2.5155487060546875
medium-sc1941,10497,2.50144624710083
medium-sc1941,10524,2.4286091327667236
medium-sc1941,10534,2.7495923042297363
medium-sc1941,10540,2.6264514923095703
medium-sc1941,10549,2.5119080543518066
medium-sc1941,10569,2.506000518798828
medium-sc1941,10585,2.4670777320861816
medium-sc1941,10616,2.5226409435272217
medium-sc1941,10630,2.5158166885375977
medium-sc1941,10657,2.689405679702759
medium-sc1941,10699,2.499070644378662
medium-sc1941,10738,2.4910826683044434
medium-sc1941,10746,2.3964877128601074
medium-sc1941,10756,2.5185794830322266
medium-sc1941,10770,2.371411085128784
medium-sc1941,10780,2.414179801940918
medium-sc1941,10797,2.4357969760894775
medium-sc1941,10800,2.4418487548828125
medium-sc1941,10801,2.535731792449951
medium-sc1941,10830,2.512507438659668
medium-sc1941,10918,2.5433552265167236
medium-sc1941,10921,2.485852003097534
medium-sc1941,10928,2.4274816513061523
medium-sc1941,10942,2.5204873085021973
medium-sc1941,10965,2.4938230514526367
medium-sc1941,10972,2.384061336517334
medium-sc1941,10999,2.4707279205322266
medium-sc1941,11011,2.4708127975463867
medium-sc1941,11022,2.5438077449798584
medium-sc1941,11032,2.458765745162964
medium-sc1941,11036,2.5961954593658447
medium-sc1941,11039,2.4912052154541016
medium-sc1941,11041,2.410433053970337
medium-sc1941,11042,2.4054388999938965
medium-sc1941,11047,2.788275718688965
medium-sc1941,11048,2.7655858993530273
medium-sc1941,11053,2.7300968170166016
medium-sc1941,11128,2.4057564735412598
medium-sc1941,11132,2.4332687854766846
medium-sc1941,11136,2.4610190391540527
medium-sc1941,11144,2.443646192550659
medium-sc1941,11159,2.425218343734741
medium-sc1941,11192,2.3540945053100586
medium-sc1941,11194,2.403919219970703
medium-sc1941,11200,2.5121965408325195
medium-sc1941,11204,2.4189889430999756
medium-sc1941,11205,2.5208120346069336
medium-sc1941,11211,2.419248104095459
medium-sc1941,11214,2.4623284339904785
medium-sc1941,11224,2.4522008895874023
medium-sc1941,11244,2.444727659225464
medium-sc1941,11253,2.416706085205078
medium-sc1941,11262,2.31620454788208
medium-sc1941,11312,2.3352138996124268
medium-sc1941,11353,2.3565237522125244
medium-sc1941,11356,2.358607292175293
medium-sc1941,11358,2.3654656410217285
medium-sc1941,11410,2.3672852516174316
medium-sc1941,11426,2.3440165519714355
medium-sc1941,11428,2.3622961044311523
medium-sc1941,11501,2.2712950706481934
medium-sc1941,11524,2.3135626316070557
medium-sc1941,11526,2.333738327026367
medium-sc1941,11539,2.4183082580566406
medium-sc1941,11550,2.2212703227996826
medium-sc1941,11566,2.354490041732788
medium-sc1941,11582,2.344390392303467
medium-sc1941,11671,2.424833059310913
medium-sc1941,11675,2.4277915954589844
medium-sc1941,11676,2.3295600414276123
medium-sc1941,11691,2.4433631896972656
medium-sc1941,11694,2.286383628845215
medium-sc1941,11741,2.4404032230377197
medium-sc1941,11794,2.3395934104919434
medium-sc1941,11796,2.2783899307250977
medium-sc1941,11818,2.3886566162109375
medium-sc1941,11838,2.2893033027648926
medium-sc1941,11845,2.264474391937256
medium-sc1941,11856,2.2596535682678223
medium-sc1941,11862,2.2766857147216797
medium-sc1941,11868,2.295522928237915
medium-sc1941,11884,2.3222174644470215
medium-sc1941,11897,2.329611301422119
medium-sc1941,11928,2.2800512313842773
medium-sc1941,11960,2.334472179412842
medium-sc1941,11962,2.340611457824707
medium-sc1941,11997,2.247596025466919
medium-sc1941,12039,2.2884559631347656
medium-sc1941,12055,2.196432113647461
medium-sc1941,12076,2.2981979846954346
medium-sc1941,12080,2.2992072105407715
medium-sc1941,12087,2.2452850341796875
medium-sc1941,12111,2.216336488723755
medium-sc1941,12136,2.230246067047119
medium-sc1941,12166,2.421365737915039
medium-sc1941,12184,2.1895298957824707
medium-sc1941,12210,2.2465925216674805
medium-sc1941,12221,2.2310986518859863
medium-sc1941,12224,2.331437349319458
medium-sc1941,12230,2.278550624847412
medium-sc1941,12248,2.260540008544922
medium-sc1941,12273,2.38604736328125
medium-sc1941,12286,2.2432570457458496
medium-sc1941,12300,2.183776378631592
medium-sc1941,12328,2.19982647895813
medium-sc1941,12340,2.2428276538848877
medium-sc1941,12348,2.3118138313293457
medium-sc1941,12428,2.2707679271698
medium-sc1941,12454,2.125580072402954
medium-sc1941,12463,2.286998748779297
medium-sc1941,12492,2.223292350769043
medium-sc1941,12494,2.206495761871338
medium-sc1941,12507,2.248513698577881
medium-sc1941,12508,2.274278163909912
medium-sc1941,12543,2.1404056549072266
medium-sc1941,12569,2.207625389099121
medium-sc1941,12574,2.1556334495544434
medium-sc1941,12586,2.223689556121826
medium-sc1941,12591,2.2415857315063477
medium-sc1941,12646,2.1414217948913574
medium-sc1941,12659,2.204875946044922
medium-sc1941,12661,2.223278045654297
medium-sc1941,12673,2.3007354736328125
medium-sc1941,12674,2.274989128112793
medium-sc1941,12689,2.2507543563842773
medium-sc1941,12733,2.2060859203338623
medium-sc1941,12784,2.283928871154785
medium-sc1941,12789,2.1494534015655518
medium-sc1941,12792,2.2259364128112793
medium-sc1941,12802,2.1693265438079834
medium-sc1941,12827,2.1901087760925293
medium-sc1941,12831,2.1652510166168213
medium-sc1941,12835,2.1440372467041016
medium-sc1941,12836,2.1431374549865723
medium-sc1941,12840,2.1025102138519287
medium-sc1941,12855,2.1844677925109863
medium-sc1941,12898,2.163144826889038
medium-sc1941,12905,2.197880983352661
medium-sc1941,12907,2.2116124629974365
medium-sc1941,12929,2.1400482654571533
medium-sc1941,12931,2.2147297859191895
medium-sc1941,12945,2.1668756008148193
medium-sc1941,12951,2.205519676208496
medium-sc1941,12969,2.164376735687256
medium-sc1941,12973,2.1225333213806152
medium-sc1941,12979,2.099337577819824
medium-sc1941,12987,2.149129867553711
medium-sc1941,12992,2.0621933937072754
medium-sc1941,13013,2.305326461791992
medium-sc1941,13019,2.1852352619171143
medium-sc1941,13020,2.1950583457946777
medium-sc1941,13036,2.1882686614990234
medium-sc1941,13049,2.1595070362091064
medium-sc1941,13050,2.259099006652832
medium-sc1941,13064,2.0599443912506104
medium-sc1941,13103,2.1244635581970215
medium-sc1941,13131,2.151616096496582
medium-sc1941,13135,2.1735575199127197
medium-sc1941,13149,2.1471619606018066
medium-sc1941,13217,2.11759877204895
medium-sc1941,13235,2.1766915321350098
medium-sc1941,13262,2.154543399810791
medium-sc1941,13288,2.15055513381958
medium-sc1941,13296,2.150965690612793
medium-sc1941,13312,2.035292148590088
medium-sc1941,13322,2.081713914871216
medium-sc1941,13342,2.0931763648986816
medium-sc1941,13352,2.062936782836914
medium-sc1941,13361,2.154085159301758
medium-sc1941,13362,2.121804714202881
medium-sc1941,13450,2.065176486968994
medium-sc1941,13465,2.1012449264526367
medium-sc1941,13472,2.104569911956787
medium-sc1941,13473,2.171778440475464
medium-sc1941,13501,2.1553683280944824
medium-sc1941,13520,2.1807773113250732
medium-sc1941,13538,2.16286301612854
medium-sc1941,13557,2.1605429649353027
medium-sc1941,13581,2.109445095062256
medium-sc1941,13582,2.093531608581543
medium-sc1941,13587,2.162834882736206
medium-sc1941,13599,2.1031033992767334
medium-sc1941,13611,2.137488842010498
medium-sc1941,13612,2.0771188735961914
medium-sc1941,13622,2.0685677528381348
medium-sc1941,13648,2.0851211547851562
medium-sc1941,13664,2.059558868408203
medium-sc1941,13674,2.186216354370117
medium-sc1941,13696,2.1478633880615234
medium-sc1941,13705,2.1407885551452637
medium-sc1941,13725,2.104275703430176
medium-sc1941,13727,2.133941650390625
medium-sc1941,13746,2.096386432647705
medium-sc1941,13780,2.1336073875427246
medium-sc1941,13802,2.0640008449554443
medium-sc1941,13815,1.9992303848266602
medium-sc1941,13823,2.000342845916748
medium-sc1941,13838,2.0012879371643066
medium-sc1941,13841,2.0685462951660156
medium-sc1941,13851,2.0521605014801025
medium-sc1941,13871,2.04268217086792
medium-sc1941,13895,2.073444366455078
medium-sc1941,13902,1.9577908515930176
medium-sc1941,13912,2.180063009262085
medium-sc1941,13920,2.111039638519287
medium-sc1941,13921,2.04994535446167
medium-sc1941,13978,2.025998115539551
medium-sc1941,13999,2.126086711883545
medium-sc1941,14025,2.153822183609009
medium-sc1941,14087,2.06807541847229
medium-sc1941,14088,2.0757126808166504
medium-sc1941,14096,2.0210301876068115
medium-sc1941,14100,2.0819504261016846
medium-sc1941,14122,2.088129997253418
medium-sc1941,14130,2.09017276763916
medium-sc1941,14145,2.0202860832214355
medium-sc1941,14149,2.0454254150390625
medium-sc1941,14179,2.091033458709717
medium-sc1941,14197,1.9357421398162842
medium-sc1941,14215,2.074690580368042
medium-sc1941,14220,2.071223497390747
medium-sc1941,14227,2.052901029586792
medium-sc1941,14282,2.0420894622802734
medium-sc1941,14293,2.0298686027526855
medium-sc1941,14296,2.100705146789551
medium-sc1941,14299,2.082810640335083
medium-sc1941,14329,2.0371975898742676
medium-sc1941,14398,1.992836594581604
medium-sc1941,14407,2.1178488731384277
medium-sc1941,14408,2.0965209007263184
medium-sc1941,14417,2.0672032833099365
medium-sc1941,14429,2.022885799407959
medium-sc1941,14443,2.0498292446136475
medium-sc1941,14446,1.9680477380752563
medium-sc1941,14449,2.022651433944702
medium-sc1941,14457,2.060350179672241
medium-sc1941,14460,2.042839527130127
medium-sc1941,14468,2.13462495803833
medium-sc1941,14480,2.003816604614258
medium-sc1941,14496,2.0423388481140137
medium-sc1941,14515,2.094299554824829
medium-sc1941,14555,2.021991014480591
medium-sc1941,14575,2.092085361480713
medium-sc1941,14582,2.03906512260437
medium-sc1941,14598,2.038092613220215
medium-sc1941,14608,2.009249210357666
medium-sc1941,14609,2.0482397079467773
medium-sc1941,14618,1.9765923023223877
medium-sc1941,14621,2.0016281604766846
medium-sc1941,14631,2.0152316093444824
medium-sc1941,14642,1.9897345304489136
medium-sc1941,14658,2.0269923210144043
medium-sc1941,14666,2.0402121543884277
medium-sc1941,14687,2.043600082397461
medium-sc1941,14724,1.9094735383987427
medium-sc1941,14748,1.9956446886062622
medium-sc1941,14761,2.030183792114258
medium-sc1941,14882,2.0589818954467773
medium-sc1941,14889,1.9675500392913818
medium-sc1941,14891,1.9445239305496216
medium-sc1941,14902,1.9783148765563965
medium-sc1941,14905,2.0181148052215576
medium-sc1941,14922,2.0471420288085938
medium-sc1941,14963,1.9827861785888672
medium-sc1941,14998,1.9959900379180908
medium-sc1941,15037,1.9672760963439941
medium-sc1941,15048,1.9729129076004028
medium-sc1941,15051,1.9442352056503296
medium-sc1941,15053,2.0175912380218506
medium-sc1941,15063,1.9713788032531738
medium-sc1941,15076,1.945040225982666
medium-sc1941,15165,1.9201383590698242
medium-sc1941,15190,1.9275964498519897
medium-sc1941,15217,1.9704737663269043
medium-sc1941,15232,2.004143476486206
medium-sc1941,15251,1.897153615951538
medium-sc1941,15255,2.0058674812316895
medium-sc1941,15285,1.9402835369110107
medium-sc1941,15292,1.951762318611145
medium-sc1941,15300,1.9556399583816528
medium-sc1941,15302,1.9889940023422241
medium-sc1941,15303,1.8292579650878906
medium-sc1941,15313,1.9196569919586182
medium-sc1941,15315,1.9736456871032715
medium-sc1941,15318,1.9470045566558838
medium-sc1941,15323,1.9871373176574707
medium-sc1941,15328,1.9311933517456055
medium-sc1941,15351,1.9092035293579102
medium-sc1941,15365,1.9984586238861084
medium-sc1941,15375,2.007213592529297
medium-sc1941,15408,1.9734388589859009
medium-sc1941,15430,1.9783178567886353
medium-sc1941,15467,1.9790213108062744
medium-sc1941,15511,1.9978646039962769
medium-sc1941,15519,2.0006484985351562
medium-sc1941,15547,1.9904820919036865
medium-sc1941,15549,2.0312652587890625
medium-sc1941,15608,1.9597302675247192
medium-sc1941,15612,2.01717472076416
medium-sc1941,15613,1.9593706130981445
medium-sc1941,15614,2.0307581424713135
medium-sc1941,15616,1.943788766860962
medium-sc1941,15644,1.951059103012085
medium-sc1941,15662,2.0163464546203613
medium-sc1941,15683,1.9407426118850708
medium-sc1941,15722,1.950883388519287
medium-sc1941,15743,1.9422954320907593
medium-sc1941,15772,2.003098726272583
medium-sc1941,15788,1.9388606548309326
medium-sc1941,15821,1.9483544826507568
medium-sc1941,15828,1.9261724948883057
medium-sc1941,15836,1.8899836540222168
medium-sc1941,15878,1.9700441360473633
medium-sc1941,15887,1.9155137538909912
medium-sc1941,15924,1.9560495615005493
medium-sc1941,15928,1.9653515815734863
medium-sc1941,15941,1.9299792051315308
medium-sc1941,15956,1.9265666007995605
medium-sc1941,15961,1.9695569276809692
medium-sc1941,15978,1.9823604822158813
medium-sc1941,15982,1.9305808544158936
medium-sc1941,15986,1.987239956855774
medium-sc1941,16008,1.9560556411743164
medium-sc1941,16013,1.9487221240997314
medium-sc1941,16015,1.8986096382141113
medium-sc1941,16025,1.9829148054122925
medium-sc1941,16036,1.9897582530975342
medium-sc1941,16044,1.9726572036743164
medium-sc1941,16051,1.8058805465698242
medium-sc1941,16056,1.9241989850997925
medium-sc1941,16061,1.8933937549591064
medium-sc1941,16067,1.9098454713821411
medium-sc1941,16088,1.9180147647857666
medium-sc1941,16101,1.969347357749939
medium-sc1941,16105,1.9836801290512085
medium-sc1941,16126,1.9237085580825806
medium-sc1941,16161,1.9227240085601807
medium-sc1941,16202,1.936133623123169
medium-sc1941,16207,2.0054874420166016
medium-sc1941,16209,1.9658576250076294
medium-sc1941,16212,1.963120698928833
medium-sc1941,16250,1.9520443677902222
medium-sc1941,16304,1.9136558771133423
medium-sc1941,16309,1.8831932544708252
medium-sc1941,16310,1.9936432838439941
medium-sc1941,16314,1.8500580787658691
medium-sc1941,16320,1.9602394104003906
medium-sc1941,16330,1.9738904237747192
medium-sc1941,16339,2.09136962890625
medium-sc1941,16342,1.966647744178772
medium-sc1941,16368,2.0231893062591553
medium-sc1941,16369,1.9569262266159058
medium-sc1941,16371,1.9850037097930908
medium-sc1941,16424,1.9477758407592773
medium-sc1941,16445,1.9345054626464844
medium-sc1941,16449,1.920318365097046
medium-sc1941,16497,1.9418220520019531
medium-sc1941,16526,1.9044218063354492
medium-sc1941,16537,1.9149117469787598
medium-sc1941,16559,1.9288885593414307
medium-sc1941,16569,1.904573678970337
medium-sc1941,16573,1.9560105800628662
medium-sc1941,16612,1.9589307308197021
medium-sc1941,16620,1.9340695142745972
medium-sc1941,16711,1.9284433126449585
medium-sc1941,16722,1.9056453704833984
medium-sc1941,16759,1.8067893981933594
medium-sc1941,16760,1.9254837036132812
medium-sc1941,16778,1.9796792268753052
medium-sc1941,16781,1.8532427549362183
medium-sc1941,16831,1.9371132850646973
medium-sc1941,16843,1.907318353652954
medium-sc1941,16854,1.9002436399459839
medium-sc1941,16872,1.9554443359375
medium-sc1941,16882,1.834916591644287
medium-sc1941,16890,1.9174189567565918
medium-sc1941,16915,1.9446840286254883
medium-sc1941,16925,1.8737796545028687
medium-sc1941,16940,1.9813745021820068
medium-sc1941,16945,1.8822784423828125
medium-sc1941,16947,1.8653743267059326
medium-sc1941,16960,1.9051399230957031
medium-sc1941,16980,1.9219424724578857
medium-sc1941,16988,1.8842697143554688
medium-sc1941,16995,1.9433130025863647
medium-sc1941,17005,1.995725393295288
medium-sc1941,17007,1.989524483680725
medium-sc1941,17012,1.919808030128479
medium-sc1941,17024,1.9258124828338623
medium-sc1941,17102,1.8968873023986816
medium-sc1941,17104,1.942927360534668
medium-sc1941,17115,1.9088807106018066
medium-sc1941,17118,1.872284173965454
medium-sc1941,17126,1.94047212600708
medium-sc1941,17164,1.90921151638031
medium-sc1941,17207,1.866236925125122
medium-sc1941,17213,1.93574857711792
medium-sc1941,17223,1.9089677333831787
medium-sc1941,17237,1.8548191785812378
medium-sc1941,17288,1.9966309070587158
medium-sc1941,17298,1.9314334392547607
medium-sc1941,17309,1.925487756729126
medium-sc1941,17315,1.9144017696380615
medium-sc1941,17325,1.8924903869628906
medium-sc1941,17334,1.8297123908996582
medium-sc1941,17370,1.9280345439910889
medium-sc1941,17373,1.9319334030151367
medium-sc1941,17376,1.8949323892593384
medium-sc1941,17406,1.8356752395629883
medium-sc1941,17427,1.8752861022949219
medium-sc1941,17445,1.8753843307495117
medium-sc1941,17457,1.9163663387298584
medium-sc1941,17460,1.8897305727005005
medium-sc1941,17461,1.8800922632217407
medium-sc1941,17462,1.856783151626587
medium-sc1941,17464,1.8964769840240479
medium-sc1941,17508,1.884352684020996
medium-sc1941,17512,1.8725669384002686
medium-sc1941,17515,1.9113678932189941
medium-sc1941,17518,1.8530433177947998
medium-sc1941,17521,1.8591887950897217
medium-sc1941,17528,1.8757191896438599
medium-sc1941,17542,1.8619146347045898
medium-sc1941,17550,1.8767359256744385
medium-sc1941,17552,1.8718066215515137
medium-sc1941,17569,1.8908464908599854
medium-sc1941,17587,1.8956854343414307
medium-sc1941,17606,1.9293302297592163
medium-sc1941,17621,1.9159963130950928
medium-sc1941,17631,1.9353837966918945
medium-sc1941,17643,1.895653247833252
medium-sc1941,17650,1.8500436544418335
medium-sc1941,17652,1.8826251029968262
medium-sc1941,17661,1.8770132064819336
medium-sc1941,17680,1.9090325832366943
medium-sc1941,17683,1.8763855695724487
medium-sc1941,17709,1.8877201080322266
medium-sc1941,17711,1.9388489723205566
medium-sc1941,17741,1.970681071281433
medium-sc1941,17767,2.0108582973480225
medium-sc1941,17782,1.9221467971801758
medium-sc1941,17808,1.9071776866912842
medium-sc1941,17820,1.8700520992279053
medium-sc1941,17836,1.92667555809021
medium-sc1941,17859,1.9005053043365479
medium-sc1941,17865,1.9237442016601562
medium-sc1941,17884,1.939074993133545
medium-sc1941,17886,1.9231252670288086
medium-sc1941,17920,1.8584568500518799
medium-sc1941,17929,1.8731598854064941
medium-sc1941,17966,1.8582260608673096
medium-sc1941,18027,1.8722833395004272
medium-sc1941,18033,1.8898581266403198
medium-sc1941,18039,1.8475401401519775
medium-sc1941,18092,1.8122820854187012
medium-sc1941,18099,1.8509776592254639
medium-sc1941,18104,1.8381762504577637
medium-sc1941,18115,1.86237370967865
medium-sc1941,18118,1.9179065227508545
medium-sc1941,18124,1.845025897026062
medium-sc1941,18126,1.932891845703125
medium-sc1941,18141,1.9522863626480103
medium-sc1941,18148,1.9183812141418457
medium-sc1941,18152,1.94869065284729
medium-sc1941,18168,1.827392339706421
medium-sc1941,18180,1.847435712814331
medium-sc1941,18194,1.9262638092041016
medium-sc1941,18202,1.8862054347991943
medium-sc1941,18214,1.9168164730072021
medium-sc1941,18233,1.9051380157470703
medium-sc1941,18236,1.9284645318984985
medium-sc1941,18248,1.8749216794967651
medium-sc1941,18274,1.8502012491226196
medium-sc1941,18292,1.9304256439208984
medium-sc1941,18293,1.9187228679656982
medium-sc1941,18294,1.95437753200531
medium-sc1941,18307,1.8117763996124268
medium-sc1941,18333,1.8051050901412964
medium-sc1941,18346,1.9834891557693481
medium-sc1941,18361,1.8737571239471436
medium-sc1941,18365,1.883730411529541
medium-sc1941,18394,1.8505167961120605
medium-sc1941,18433,1.9037988185882568
medium-sc1941,18439,1.956573724746704
medium-sc1941,18486,1.8821587562561035
medium-sc1941,18500,1.8956270217895508
medium-sc1941,18515,1.8567508459091187
medium-sc1941,18516,1.8272688388824463
medium-sc1941,18525,1.8519532680511475
medium-sc1941,18565,1.8982694149017334
medium-sc1941,18583,1.8493354320526123
medium-sc1941,18644,1.8560928106307983
medium-sc1941,18654,1.84372079372406
medium-sc1941,18668,1.892011046409607
medium-sc1941,18673,1.8853397369384766
medium-sc1941,18675,1.897965431213379
medium-sc1941,18680,1.870781421661377
medium-sc1941,18687,1.8507747650146484
medium-sc1941,18784,1.8197442293167114
medium-sc1941,18798,1.8741647005081177
medium-sc1941,18804,1.844693660736084
medium-sc1941,18816,1.8329737186431885
medium-sc1941,18844,1.8030788898468018
medium-sc1941,18853,1.8337403535842896
medium-sc1941,18870,1.875474214553833
medium-sc1941,18906,1.8521277904510498
medium-sc1941,18929,1.8772879838943481
medium-sc1941,18937,1.8273552656173706
medium-sc1941,18947,1.850524663925171
medium-sc1941,18952,1.7762858867645264
medium-sc1941,18963,1.8847122192382812
medium-sc1941,19012,1.8707547187805176
medium-sc1941,19030,1.804427981376648
medium-sc1941,19037,1.8595818281173706
medium-sc1941,19048,1.810394287109375
medium-sc1941,19055,1.8380348682403564
medium-sc1941,19063,1.7894389629364014
medium-sc1941,19068,1.853994369506836
medium-sc1941,19102,1.844951868057251
medium-sc1941,19108,1.879343867301941
medium-sc1941,19117,1.862144947052002
medium-sc1941,19120,1.890411138534546
medium-sc1941,19145,1.8517861366271973
medium-sc1941,19166,1.8590649366378784
medium-sc1941,19167,1.8370354175567627
medium-sc1941,19180,1.9292575120925903
medium-sc1941,19182,1.8423967361450195
medium-sc1941,19242,1.8765166997909546
medium-sc1941,19262,1.8260921239852905
medium-sc1941,19267,1.7974343299865723
medium-sc1941,19270,1.8469033241271973
medium-sc1941,19287,1.8631179332733154
medium-sc1941,19291,1.837106704711914
medium-sc1941,19298,1.9209778308868408
medium-sc1941,19304,1.8218364715576172
medium-sc1941,19317,1.8183181285858154
medium-sc1941,19354,1.8564388751983643
medium-sc1941,19369,1.8983505964279175
medium-sc1941,19378,1.8660788536071777
medium-sc1941,19386,1.883696436882019
medium-sc1941,19392,1.8601539134979248
medium-sc1941,19395,1.8465890884399414
medium-sc1941,19402,1.8432869911193848
medium-sc1941,19409,1.8844356536865234
medium-sc1941,19410,1.9254145622253418
medium-sc1941,19420,1.849825382232666
medium-sc1941,19449,1.842793583869934
medium-sc1941,19453,1.9100606441497803
medium-sc1941,19476,1.9267332553863525
medium-sc1941,19479,1.8599843978881836
medium-sc1941,19502,1.8669745922088623
medium-sc1941,19512,1.8030508756637573
medium-sc1941,19514,1.8787524700164795
medium-sc1941,19532,1.8298636674880981
medium-sc1941,19535,1.828282356262207
medium-sc1941,19576,1.8164825439453125
medium-sc1941,19577,1.8925561904907227
medium-sc1941,19584,1.8712666034698486
medium-sc1941,19596,1.8111565113067627
medium-sc1941,19597,1.873950719833374
medium-sc1941,19604,1.8265177011489868
medium-sc1941,19620,1.7943321466445923
medium-sc1941,19621,1.8252215385437012
medium-sc1941,19627,1.889851689338684
medium-sc1941,19628,1.8114843368530273
medium-sc1941,19629,1.9220151901245117
medium-sc1941,19633,1.835465669631958
medium-sc1941,19655,1.8591392040252686
medium-sc1941,19685,1.8282320499420166
medium-sc1941,19686,1.7639882564544678
medium-sc1941,19696,1.8347949981689453
medium-sc1941,19700,1.8653769493103027
medium-sc1941,19704,1.8011192083358765
medium-sc1941,19715,1.746098279953003
medium-sc1941,19739,1.8010640144348145
medium-sc1941,19750,1.8392488956451416
medium-sc1941,19762,1.8843433856964111
medium-sc1941,19768,1.834611177444458
medium-sc1941,19769,1.8642301559448242
medium-sc1941,19781,1.7981746196746826
medium-sc1941,19785,1.7948969602584839
medium-sc1941,19786,1.8526897430419922
medium-sc1941,19809,1.8292763233184814
medium-sc1941,19828,1.7580747604370117
medium-sc1941,19845,1.8660244941711426
medium-sc1941,19860,1.839672565460205
medium-sc1941,19873,1.8338122367858887
medium-sc1941,19875,1.7843899726867676
medium-sc1941,19888,1.8840464353561401
medium-sc1941,19893,1.8033459186553955
medium-sc1941,19897,1.8750767707824707
medium-sc1941,19913,1.8018479347229004
medium-sc1941,19970,1.8562161922454834
medium-sc1941,19990,1.8737733364105225
medium-sc1941,19992,1.8681379556655884
medium-sc1941,20066,1.7920030355453491
medium-sc1941,20072,1.8114838600158691
medium-sc1941,20083,1.7783527374267578
medium-sc1941,20084,1.8218309879302979
medium-sc1941,20085,1.8031405210494995
medium-sc1941,20129,1.8507328033447266
medium-sc1941,20203,1.827558994293213
medium-sc1941,20204,1.9227700233459473
medium-sc1941,20214,1.8392024040222168
medium-sc1941,20216,1.877394676208496
medium-sc1941,20231,1.8620879650115967
medium-sc1941,20277,1.8711133003234863
medium-sc1941,20278,1.8288252353668213
medium-sc1941,20308,1.7880895137786865
medium-sc1941,20312,1.8810114860534668
medium-sc1941,20314,1.791153907775879
medium-sc1941,20324,1.8362984657287598
medium-sc1941,20343,1.8720154762268066
medium-sc1941,20348,1.8575725555419922
medium-sc1941,20353,1.834797739982605
medium-sc1941,20354,1.8485084772109985
medium-sc1941,20360,1.8795228004455566
medium-sc1941,20377,1.7688930034637451
medium-sc1941,20385,1.829535722732544
medium-sc1941,20388,1.789817214012146
medium-sc1941,20402,1.7721633911132812
medium-sc1941,20406,1.8701735734939575
medium-sc1941,20419,1.8477396965026855
medium-sc1941,20422,1.9235260486602783
medium-sc1941,20428,1.8297815322875977
medium-sc1941,20450,1.8664131164550781
medium-sc1941,20511,1.8295364379882812
medium-sc1941,20527,1.7965468168258667
medium-sc1941,20529,1.8594996929168701
medium-sc1941,20530,1.8383246660232544
medium-sc1941,20544,1.8380120992660522
medium-sc1941,20582,1.7998855113983154
medium-sc1941,20594,1.8496811389923096
medium-sc1941,20602,1.8267614841461182
medium-sc1941,20609,1.8356950283050537
medium-sc1941,20619,1.8197009563446045
medium-sc1941,20625,1.7927467823028564
medium-sc1941,20654,1.7936517000198364
medium-sc1941,20685,1.8099141120910645
medium-sc1941,20734,1.862548589706421
medium-sc1941,20748,1.7594399452209473
medium-sc1941,20764,1.8268007040023804
medium-sc1941,20768,1.7579920291900635
medium-sc1941,20827,1.7605655193328857
medium-sc1941,20874,1.8335084915161133
medium-sc1941,20895,1.826935052871704
medium-sc1941,20901,1.7698729038238525
medium-sc1941,20907,1.8569433689117432
medium-sc1941,20927,1.8135464191436768
medium-sc1941,20932,1.7821850776672363
medium-sc1941,20946,1.8169679641723633
medium-sc1941,20968,1.8147269487380981
medium-sc1941,20973,1.7514705657958984
medium-sc1941,20987,1.8393796682357788
medium-sc1941,20995,1.7838596105575562
medium-sc1941,21012,1.781475305557251
medium-sc1941,21014,1.7775887250900269
medium-sc1941,21057,1.8093760013580322
medium-sc1941,21070,1.8005214929580688
medium-sc1941,21083,1.8490148782730103
medium-sc1941,21097,1.6972566843032837
medium-sc1941,21103,1.8620085716247559
medium-sc1941,21122,1.8781895637512207
medium-sc1941,21131,1.810866355895996
medium-sc1941,21159,1.8563995361328125
medium-sc1941,21164,1.8116062879562378
medium-sc1941,21165,1.770035743713379
medium-sc1941,21174,1.782734990119934
medium-sc1941,21194,1.7977699041366577
medium-sc1941,21201,1.8474342823028564
medium-sc1941,21209,1.8059632778167725
medium-sc1941,21224,1.78139066696167
medium-sc1941,21239,1.8356608152389526
medium-sc1941,21253,1.7837622165679932
medium-sc1941,21282,1.8179421424865723
medium-sc1941,21299,1.8144285678863525
medium-sc1941,21336,1.7759380340576172
medium-sc1941,21343,1.8398761749267578
medium-sc1941,21355,1.825585126876831
medium-sc1941,21389,1.8199505805969238
medium-sc1941,21419,1.894233226776123
medium-sc1941,21464,1.8701670169830322
medium-sc1941,21476,1.737487554550171
medium-sc1941,21478,1.7938134670257568
medium-sc1941,21486,1.76051926612854
medium-sc1941,21487,1.8334506750106812
medium-sc1941,21554,1.776202917098999
medium-sc1941,21574,1.8098316192626953
medium-sc1941,21588,1.835213303565979
medium-sc1941,21614,1.8577646017074585
medium-sc1941,21647,1.7843859195709229
medium-sc1941,21678,1.8669517040252686
medium-sc1941,21720,1.7690246105194092
medium-sc1941,21727,1.836258888244629
medium-sc1941,21734,1.8026981353759766
medium-sc1941,21735,1.7728651762008667
medium-sc1941,21744,1.813809871673584
medium-sc1941,21759,1.8689464330673218
medium-sc1941,21767,1.8376381397247314
medium-sc1941,21768,1.7550033330917358
medium-sc1941,21770,1.8349807262420654
medium-sc1941,21776,1.8278186321258545
medium-sc1941,21810,1.8257241249084473
medium-sc1941,21813,1.775132417678833
medium-sc1941,21832,1.857620120048523
medium-sc1941,21836,1.8051626682281494
medium-sc1941,21845,1.7489292621612549
medium-sc1941,21867,1.8324708938598633
medium-sc1941,21875,1.850596308708191
medium-sc1941,21913,1.828995943069458
medium-sc1941,21924,1.7526602745056152
medium-sc1941,21966,1.790726900100708
medium-sc1941,21977,1.8397685289382935
medium-sc1941,21981,1.7786438465118408
medium-sc1941,22003,1.7939276695251465
medium-sc1941,22013,1.8085973262786865
medium-sc1941,22029,1.8506827354431152
medium-sc1941,22035,1.8011754751205444
medium-sc1941,22052,1.8040854930877686
medium-sc1941,22061,1.7872183322906494
medium-sc1941,22064,1.7910430431365967
medium-sc1941,22068,1.752488136291504
medium-sc1941,22101,1.8262991905212402
medium-sc1941,22151,1.8115347623825073
medium-sc1941,22157,1.7757899761199951
medium-sc1941,22173,1.7833157777786255
medium-sc1941,22190,1.8425054550170898
medium-sc1941,22253,1.8359276056289673
medium-sc1941,22280,1.8006845712661743
medium-sc1941,22298,1.8466339111328125
medium-sc1941,22305,1.759003758430481
medium-sc1941,22310,1.7577731609344482
medium-sc1941,22346,1.8384697437286377
medium-sc1941,22379,1.7837388515472412
medium-sc1941,22400,1.8087916374206543
medium-sc1941,22411,1.7727365493774414
medium-sc1941,22415,1.8088897466659546
medium-sc1941,22436,1.8075313568115234
medium-sc1941,22444,1.8569886684417725
medium-sc1941,22471,1.7774877548217773
medium-sc1941,22498,1.8207297325134277
medium-sc1941,22523,1.7623634338378906
medium-sc1941,22539,1.8235565423965454
medium-sc1941,22554,1.8040732145309448
medium-sc1941,22557,1.8425827026367188
medium-sc1941,22578,1.7811614274978638
medium-sc1941,22591,1.8032538890838623
medium-sc1941,22607,1.7420859336853027
medium-sc1941,22618,1.8152754306793213
medium-sc1941,22625,1.766987681388855
medium-sc1941,22655,1.7972850799560547
medium-sc1941,22671,1.7783628702163696
medium-sc1941,22678,1.7415443658828735
medium-sc1941,22695,1.788522481918335
medium-sc1941,22709,1.7613685131072998
medium-sc1941,22724,1.8126780986785889
medium-sc1941,22731,1.8349376916885376
medium-sc1941,22732,1.8126171827316284
medium-sc1941,22748,1.7748417854309082
medium-sc1941,22775,1.806391716003418
medium-sc1941,22786,1.7876776456832886
medium-sc1941,22795,1.8132011890411377
medium-sc1941,22802,1.7676987648010254
medium-sc1941,22836,1.7442972660064697
medium-sc1941,22861,1.7861342430114746
medium-sc1941,22900,1.8049304485321045
medium-sc1941,22922,1.7641832828521729
medium-sc1941,22927,1.804460048675537
medium-sc1941,22930,1.7328238487243652
medium-sc1941,22943,1.7337855100631714
medium-sc1941,22975,1.754761815071106
medium-sc1941,22987,1.73219633102417
medium-sc1941,23000,1.7686349153518677
medium-sc1941,23001,1.7988053560256958
medium-sc1941,23004,1.7221797704696655
medium-sc1941,23038,1.7107698917388916
medium-sc1941,23066,1.737138271331787
medium-sc1941,23074,1.8116528987884521
medium-sc1941,23101,1.7500783205032349
medium-sc1941,23116,1.8108859062194824
medium-sc1941,23120,1.7951390743255615
medium-sc1941,23155,1.7026538848876953
medium-sc1941,23163,1.7494003772735596
medium-sc1941,23211,1.748633623123169
medium-sc1941,23225,1.744694709777832
medium-sc1941,23243,1.7786996364593506
medium-sc1941,23249,1.743599534034729
medium-sc1941,23251,1.8348424434661865
medium-sc1941,23262,1.803575873374939
medium-sc1941,23279,1.8433860540390015
medium-sc1941,23309,1.821030855178833
medium-sc1941,23317,1.7432057857513428
medium-sc1941,23323,1.7027952671051025
medium-sc1941,23325,1.7678989171981812
medium-sc1941,23335,1.8690963983535767
medium-sc1941,23341,1.839676856994629
medium-sc1941,23343,1.7972192764282227
medium-sc1941,23367,1.7547919750213623
medium-sc1941,23370,1.8440625667572021
medium-sc1941,23376,1.7922441959381104
medium-sc1941,23381,1.79651939868927
medium-sc1941,23414,1.7764332294464111
medium-sc1941,23427,1.6684556007385254
medium-sc1941,23446,1.8352301120758057
medium-sc1941,23471,1.7915165424346924
medium-sc1941,23475,1.747279167175293
medium-sc1941,23476,1.782761573791504
medium-sc1941,23512,1.7748312950134277
medium-sc1941,23525,1.7773215770721436
medium-sc1941,23534,1.7841796875
medium-sc1941,23540,1.8676427602767944
medium-sc1941,23541,1.7853288650512695
medium-sc1941,23543,1.7820522785186768
medium-sc1941,23596,1.7956064939498901
medium-sc1941,23628,1.8304795026779175
medium-sc1941,23653,1.739393711090088
medium-sc1941,23671,1.8256373405456543
medium-sc1941,23757,1.7385048866271973
medium-sc1941,23764,1.7989506721496582
medium-sc1941,23773,1.7929356098175049
medium-sc1941,23785,1.766724944114685
medium-sc1941,23796,1.7394585609436035
medium-sc1941,23801,1.7461419105529785
medium-sc1941,23815,1.7728937864303589
medium-sc1941,23819,1.7982227802276611
medium-sc1941,23835,1.7722604274749756
medium-sc1941,23836,1.7584352493286133
medium-sc1941,23860,1.751643419265747
medium-sc1941,23871,1.843969702720642
medium-sc1941,23879,1.7913962602615356
medium-sc1941,23881,1.6911818981170654
medium-sc1941,23891,1.78518545627594
medium-sc1941,23920,1.8176825046539307
medium-sc1941,23934,1.8062105178833008
medium-sc1941,23936,1.8217415809631348
medium-sc1941,23943,1.7693581581115723
medium-sc1941,23949,1.7878999710083008
medium-sc1941,23966,1.7605574131011963
medium-sc1941,23973,1.8033825159072876
medium-sc1941,24004,1.8285706043243408
medium-sc1941,24009,1.7470216751098633
medium-sc1941,24015,1.7370223999023438
medium-sc1941,24028,1.7955129146575928
medium-sc1941,24056,1.7456474304199219
medium-sc1941,24080,1.8450350761413574
medium-sc1941,24115,1.799886703491211
medium-sc1941,24124,1.7647355794906616
medium-sc1941,24173,1.806959629058838
medium-sc1941,24189,1.8119146823883057
medium-sc1941,24209,1.8305789232254028
medium-sc1941,24212,1.8095203638076782
medium-sc1941,24213,1.775644063949585
medium-sc1941,24218,1.7892382144927979
medium-sc1941,24225,1.8174564838409424
medium-sc1941,24250,1.7407152652740479
medium-sc1941,24257,1.7923004627227783
medium-sc1941,24263,1.7433862686157227
medium-sc1941,24302,1.7695940732955933
medium-sc1941,24305,1.8503955602645874
medium-sc1941,24332,1.7521417140960693
medium-sc1941,24369,1.8428988456726074
medium-sc1941,24389,1.7524361610412598
medium-sc1941,24409,1.850193977355957
medium-sc1941,24420,1.8194637298583984
medium-sc1941,24430,1.8199769258499146
medium-sc1941,24442,1.7536683082580566
medium-sc1941,24484,1.8245917558670044
medium-sc1941,24512,1.7576887607574463
medium-sc1941,24525,1.8277125358581543
medium-sc1941,24534,1.7849454879760742
medium-sc1941,24543,1.772536277770996
medium-sc1941,24569,1.8749337196350098
medium-sc1941,24583,1.839554786682129
medium-sc1941,24597,1.7928142547607422
medium-sc1941,24598,1.7673932313919067
medium-sc1941,24625,1.7808172702789307
medium-sc1941,24635,1.7226083278656006
medium-sc1941,24654,1.7629759311676025
medium-sc1941,24661,1.7251429557800293
medium-sc1941,24668,1.7047507762908936
medium-sc1941,24711,1.7270421981811523
medium-sc1941,24721,1.7768075466156006
medium-sc1941,24745,1.705003261566162
medium-sc1941,24749,1.750389814376831
medium-sc1941,24756,1.7253512144088745
medium-sc1941,24794,1.8294490575790405
medium-sc1941,24831,1.7892993688583374
medium-sc1941,24848,1.7235368490219116
medium-sc1941,24881,1.8178064823150635
medium-sc1941,24887,1.7658488750457764
medium-sc1941,24893,1.825204849243164
medium-sc1941,24896,1.8382411003112793
medium-sc1941,24908,1.7875137329101562
medium-sc1941,24925,1.7183990478515625
medium-sc1941,24928,1.7336089611053467
medium-sc1941,24946,1.7209945917129517
medium-sc1941,24947,1.8126999139785767
medium-sc1941,24955,1.7832369804382324
medium-sc1941,24963,1.8023474216461182
medium-sc1941,24966,1.6704059839248657
medium-sc1941,24969,1.7731890678405762
medium-sc1941,25003,1.7756502628326416
medium-sc1941,25021,1.8103660345077515
medium-sc1941,25040,1.7687880992889404
medium-sc1941,25070,1.830502986907959
medium-sc1941,25077,1.7462472915649414
medium-sc1941,25094,1.7372064590454102
medium-sc1941,25132,1.8346891403198242
medium-sc1941,25159,1.7789541482925415
medium-sc1941,25162,1.7843910455703735
medium-sc1941,25178,1.743444561958313
medium-sc1941,25226,1.754277229309082
medium-sc1941,25234,1.7818293571472168
medium-sc1941,25250,1.8075282573699951
medium-sc1941,25276,1.66658616065979
medium-sc1941,25288,1.8335011005401611
medium-sc1941,25296,1.8062564134597778
medium-sc1941,25302,1.789914846420288
medium-sc1941,25315,1.7305340766906738
medium-sc1941,25328,1.7672042846679688
medium-sc1941,25353,1.749441146850586
medium-sc1941,25359,1.7699940204620361
medium-sc1941,25369,1.7747573852539062
medium-sc1941,25375,1.7512898445129395
medium-sc1941,25386,1.7720171213150024
medium-sc1941,25393,1.8101211786270142
medium-sc1941,25401,1.7989072799682617
medium-sc1941,25404,1.7261300086975098
medium-sc1941,25405,1.754446268081665
medium-sc1941,25415,1.7516454458236694
medium-sc1941,25468,1.7708121538162231
medium-sc1941,25476,1.791377067565918
medium-sc1941,25483,1.7848421335220337
medium-sc1941,25508,1.7734878063201904
medium-sc1941,25555,1.8000767230987549
medium-sc1941,25575,1.7952628135681152
medium-sc1941,25599,1.7209727764129639
medium-sc1941,25605,1.7908843755722046
medium-sc1941,25608,1.723156452178955
medium-sc1941,25611,1.8161847591400146
medium-sc1941,25619,1.742437481880188
medium-sc1941,25631,1.7724504470825195
medium-sc1941,25705,1.7927007675170898
medium-sc1941,25713,1.7326555252075195
medium-sc1941,25716,1.811107873916626
medium-sc1941,25736,1.6985416412353516
medium-sc1941,25747,1.801131010055542
medium-sc1941,25756,1.7703763246536255
medium-sc1941,25788,1.7906488180160522
medium-sc1941,25791,1.8003947734832764
medium-sc1941,25792,1.7668213844299316
medium-sc1941,25793,1.8040046691894531
medium-sc1941,25824,1.7672079801559448
medium-sc1941,25845,1.771554708480835
medium-sc1941,25849,1.736647129058838
medium-sc1941,25852,1.7007569074630737
medium-sc1941,25860,1.7361687421798706
medium-sc1941,25895,1.7345881462097168
medium-sc1941,25941,1.7479697465896606
medium-sc1941,25951,1.8248229026794434
medium-sc1941,25955,1.806318998336792
medium-sc1941,25975,1.7825648784637451
medium-sc1941,26004,1.7670466899871826
medium-sc1941,26008,1.7611050605773926
medium-sc1941,26036,1.683821678161621
medium-sc1941,26066,1.7253665924072266
medium-sc1941,26073,1.7529762983322144
medium-sc1941,26074,1.7315778732299805
medium-sc1941,26084,1.8105958700180054
medium-sc1941,26090,1.840794563293457
medium-sc1941,26101,1.8134700059890747
medium-sc1941,26121,1.6918601989746094
medium-sc1941,26131,1.8226035833358765
medium-sc1941,26152,1.7617517709732056
medium-sc1941,26181,1.7680115699768066
medium-sc1941,26182,1.688215732574463
medium-sc1941,26185,1.7895829677581787
medium-sc1941,26189,1.7946500778198242
medium-sc1941,26228,1.7488962411880493
medium-sc1941,26279,1.763465404510498
medium-sc1941,26286,1.670226812362671
medium-sc1941,26287,1.782798171043396
medium-sc1941,26304,1.749747395515442
medium-sc1941,26313,1.764669418334961
medium-sc1941,26322,1.7874418497085571
medium-sc1941,26394,1.7722535133361816
medium-sc1941,26408,1.7127296924591064
medium-sc1941,26422,1.7660741806030273
medium-sc1941,26433,1.799870491027832
medium-sc1941,26444,1.7788491249084473
medium-sc1941,26447,1.859459638595581
medium-sc1941,26453,1.8094617128372192
medium-sc1941,26464,1.7032264471054077
medium-sc1941,26474,1.7257497310638428
medium-sc1941,26479,1.7439539432525635
medium-sc1941,26483,1.772838830947876
medium-sc1941,26487,1.8055144548416138
medium-sc1941,26492,1.7451176643371582
medium-sc1941,26502,1.7979943752288818
medium-sc1941,26524,1.7777104377746582
medium-sc1941,26538,1.7157725095748901
medium-sc1941,26566,1.7704988718032837
medium-sc1941,26591,1.7394025325775146
medium-sc1941,26624,1.7312262058258057
medium-sc1941,26625,1.759521722793579
medium-sc1941,26644,1.7887566089630127
medium-sc1941,26646,1.789913535118103
medium-sc1941,26679,1.720898151397705
medium-sc1941,26708,1.8149585723876953
medium-sc1941,26728,1.7988985776901245
medium-sc1941,26735,1.7640140056610107
medium-sc1941,26743,1.7770249843597412
medium-sc1941,26763,1.76560378074646
medium-sc1941,26772,1.8242180347442627
medium-sc1941,26792,1.7708048820495605
medium-sc1941,26793,1.7979224920272827
medium-sc1941,26796,1.8057435750961304
medium-sc1941,26816,1.776126742362976
medium-sc1941,26836,1.7951154708862305
medium-sc1941,26843,1.7522071599960327
medium-sc1941,26857,1.75569486618042
medium-sc1941,26858,1.7675039768218994
medium-sc1941,26863,1.7841999530792236
medium-sc1941,26880,1.7185349464416504
medium-sc1941,26897,1.7940428256988525
medium-sc1941,26979,1.7251464128494263
medium-sc1941,27031,1.7391327619552612
medium-sc1941,27055,1.7861639261245728
medium-sc1941,27057,1.7949836254119873
medium-sc1941,27063,1.878002405166626
medium-sc1941,27068,1.687908411026001
medium-sc1941,27070,1.7165626287460327
medium-sc1941,27072,1.804811716079712
medium-sc1941,27074,1.7840216159820557
medium-sc1941,27076,1.776845097541809
medium-sc1941,27103,1.7358832359313965
medium-sc1941,27119,1.802168369293213
medium-sc1941,27129,1.7503589391708374
medium-sc1941,27134,1.748226284980774
medium-sc1941,27138,1.81924307346344
medium-sc1941,27140,1.7415268421173096
medium-sc1941,27148,1.7527967691421509
medium-sc1941,27152,1.7288334369659424
medium-sc1941,27157,1.7772891521453857
medium-sc1941,27158,1.7854762077331543
medium-sc1941,27159,1.8075824975967407
medium-sc1941,27166,1.7886500358581543
medium-sc1941,27177,1.7594528198242188
medium-sc1941,27182,1.7431904077529907
medium-sc1941,27186,1.7531890869140625
medium-sc1941,27192,1.7919752597808838
medium-sc1941,27202,1.7463661432266235
medium-sc1941,27207,1.746152639389038
medium-sc1941,27258,1.8198144435882568
medium-sc1941,27260,1.7564029693603516
medium-sc1941,27270,1.7651004791259766
medium-sc1941,27285,1.6853388547897339
medium-sc1941,27322,1.7835891246795654
medium-sc1941,27343,1.755713701248169
medium-sc1941,27357,1.7887253761291504
medium-sc1941,27358,1.8400027751922607
medium-sc1941,27364,1.7779138088226318
medium-sc1941,27369,1.7791270017623901
medium-sc1941,27440,1.763529896736145
medium-sc1941,27463,1.7408978939056396
medium-sc1941,27465,1.7851881980895996
medium-sc1941,27489,1.7231483459472656
medium-sc1941,27510,1.7502994537353516
medium-sc1941,27523,1.790393352508545
medium-sc1941,27530,1.7111035585403442
medium-sc1941,27568,1.7663850784301758
medium-sc1941,27587,1.7203006744384766
medium-sc1941,27589,1.7728888988494873
medium-sc1941,27598,1.7584919929504395
medium-sc1941,27610,1.7909493446350098
medium-sc1941,27626,1.7720448970794678
medium-sc1941,27630,1.7495486736297607
medium-sc1941,27633,1.686880350112915
medium-sc1941,27656,1.7721550464630127
medium-sc1941,27666,1.8175935745239258
medium-sc1941,27696,1.8208527565002441
medium-sc1941,27697,1.7894105911254883
medium-sc1941,27706,1.8121806383132935
medium-sc1941,27721,1.8325854539871216
medium-sc1941,27730,1.7861804962158203
medium-sc1941,27743,1.8020384311676025
medium-sc1941,27749,1.716928482055664
medium-sc1941,27769,1.7976768016815186
medium-sc1941,27817,1.830310583114624
medium-sc1941,27820,1.7627952098846436
medium-sc1941,27828,1.7834761142730713
medium-sc1941,27888,1.8435149192810059
medium-sc1941,27947,1.7452865839004517
medium-sc1941,27968,1.7596452236175537
medium-sc1941,27971,1.8065688610076904
medium-sc1941,27990,1.757575511932373
medium-sc1941,28002,1.7678444385528564
medium-sc1941,28039,1.8091022968292236
medium-sc1941,28051,1.781792163848877
medium-sc1941,28053,1.7746517658233643
medium-sc1941,28054,1.7872018814086914
medium-sc1941,28055,1.791404366493225
medium-sc1941,28064,1.7833788394927979
medium-sc1941,28073,1.7894866466522217
medium-sc1941,28084,1.7814041376113892
medium-sc1941,28102,1.8045809268951416
medium-sc1941,28105,1.7577438354492188
medium-sc1941,28107,1.766486406326294
medium-sc1941,28118,1.7803475856781006
medium-sc1941,28121,1.7555732727050781
medium-sc1941,28124,1.7378077507019043
medium-sc1941,28138,1.8089078664779663
medium-sc1941,28149,1.7199499607086182
medium-sc1941,28155,1.6954745054244995
medium-sc1941,28168,1.8028812408447266
medium-sc1941,28170,1.7611784934997559
medium-sc1941,28171,1.7483636140823364
medium-sc1941,28209,1.7402671575546265
medium-sc1941,28213,1.815659523010254
medium-sc1941,28219,1.7469758987426758
medium-sc1941,28223,1.836406946182251
medium-sc1941,28233,1.803694248199463
medium-sc1941,28234,1.7442618608474731
medium-sc1941,28245,1.7829217910766602
medium-sc1941,28256,1.8663208484649658
medium-sc1941,28270,1.7665555477142334
medium-sc1941,28312,1.805327296257019
medium-sc1941,28346,1.716773509979248
medium-sc1941,28349,1.8000600337982178
medium-sc1941,28353,1.7693870067596436
medium-sc1941,28354,1.7752385139465332
medium-sc1941,28389,1.8100277185440063
medium-sc1941,28399,1.8070176839828491
medium-sc1941,28403,1.8185293674468994
medium-sc1941,28410,1.8150479793548584
medium-sc1941,28416,1.7788949012756348
medium-sc1941,28420,1.724290132522583
medium-sc1941,28421,1.8397116661071777
medium-sc1941,28424,1.7882282733917236
medium-sc1941,28442,1.737239122390747
medium-sc1941,28476,1.811205267906189
medium-sc1941,28483,1.7784581184387207
medium-sc1941,28489,1.8325845003128052
medium-sc1941,28491,1.760599970817566
medium-sc1941,28493,1.7748353481292725
medium-sc1941,28506,1.792968511581421
medium-sc1941,28529,1.7794049978256226
medium-sc1941,28534,1.7210426330566406
medium-sc1941,28558,1.7731791734695435
medium-sc1941,28564,1.7776820659637451
medium-sc1941,28580,1.7119349241256714
medium-sc1941,28635,1.8160316944122314
medium-sc1941,28641,1.7430777549743652
medium-sc1941,28646,1.7595511674880981
medium-sc1941,28672,1.7231500148773193
medium-sc1941,28676,1.7955211400985718
medium-sc1941,28687,1.7765429019927979
medium-sc1941,28709,1.7903141975402832
medium-sc1941,28716,1.7397778034210205
medium-sc1941,28741,1.8081364631652832
medium-sc1941,28749,1.7424792051315308
medium-sc1941,28750,1.7751749753952026
medium-sc1941,28812,1.71833074092865
medium-sc1941,28818,1.8107953071594238
medium-sc1941,28824,1.8312259912490845
medium-sc1941,28826,1.711782693862915
medium-sc1941,28836,1.8733285665512085
medium-sc1941,28853,1.743289828300476
medium-sc1941,28944,1.7913265228271484
medium-sc1941,28952,1.745333194732666
medium-sc1941,28958,1.802177906036377
medium-sc1941,28975,1.7708053588867188
medium-sc1941,28988,1.832574725151062
medium-sc1941,29023,1.781563639640808
medium-sc1941,29045,1.8283729553222656
medium-sc1941,29058,1.7705905437469482
medium-sc1941,29066,1.79160737991333
medium-sc1941,29070,1.698587417602539
medium-sc1941,29081,1.7538952827453613
medium-sc1941,29089,1.6942620277404785
medium-sc1941,29104,1.7892212867736816
medium-sc1941,29132,1.796615481376648
medium-sc1941,29146,1.7913661003112793
medium-sc1941,29162,1.7555921077728271
medium-sc1941,29178,1.806067943572998
medium-sc1941,29188,1.7568761110305786
medium-sc1941,29226,1.7592079639434814
medium-sc1941,29248,1.8316466808319092
medium-sc1941,29263,1.7686948776245117
medium-sc1941,29276,1.773652195930481
medium-sc1941,29281,1.7195343971252441
medium-sc1941,29299,1.7391725778579712
medium-sc1941,29301,1.8171288967132568
medium-sc1941,29317,1.7462067604064941
medium-sc1941,29346,1.7683842182159424
medium-sc1941,29347,1.7871156930923462
medium-sc1941,29368,1.7555875778198242
medium-sc1941,29385,1.829787254333496
medium-sc1941,29413,1.718614935874939
medium-sc1941,29439,1.869462013244629
medium-sc1941,29444,1.8063232898712158
medium-sc1941,29447,1.7874433994293213
medium-sc1941,29455,1.7444112300872803
medium-sc1941,29459,1.8065893650054932
medium-sc1941,29460,1.7927823066711426
medium-sc1941,29461,1.7437782287597656
medium-sc1941,29463,1.8325021266937256
medium-sc1941,29473,1.804238200187683
medium-sc1941,29480,1.7804816961288452
medium-sc1941,29485,1.7593939304351807
medium-sc1941,29506,1.7971079349517822
medium-sc1941,29509,1.7733817100524902
medium-sc1941,29542,1.8113312721252441
medium-sc1941,29567,1.7690906524658203
medium-sc1941,29569,1.7791616916656494
medium-sc1941,29575,1.815963625907898
medium-sc1941,29586,1.800114631652832
medium-sc1941,29597,1.761847972869873
medium-sc1941,29598,1.8098900318145752
medium-sc1941,29599,1.792769193649292
medium-sc1941,29601,1.8182094097137451
medium-sc1941,29607,1.8224117755889893
medium-sc1941,29640,1.7794406414031982
medium-sc1941,29650,1.819144606590271
medium-sc1941,29690,1.7945022583007812
medium-sc1941,29692,1.771607518196106
medium-sc1941,29704,1.7634224891662598
medium-sc1941,29707,1.7825682163238525
medium-sc1941,29711,1.7662780284881592
medium-sc1941,29719,1.7938283681869507
medium-sc1941,29725,1.7516767978668213
medium-sc1941,29737,1.7320280075073242
medium-sc1941,29745,1.829474925994873
medium-sc1941,29778,1.837659239768982
medium-sc1941,29828,1.804977536201477
medium-sc1941,29831,1.6796691417694092
medium-sc1941,29898,1.8125755786895752
medium-sc1941,29922,1.8150136470794678
medium-sc1941,29931,1.822845220565796
medium-sc1941,29968,1.7291944026947021
medium-sc1941,29980,1.8033655881881714
medium-sc1941,29982,1.7112348079681396
medium-sc1941,30015,1.7817829847335815
medium-sc1941,30039,1.778225302696228
medium-sc1941,30046,1.7860180139541626
medium-sc1941,30062,1.7935923337936401
medium-sc1941,30074,1.7846026420593262
medium-sc1941,30112,1.7399451732635498
medium-sc1941,30119,1.7757110595703125
medium-sc1941,30120,1.7278790473937988
medium-sc1941,30123,1.7672008275985718
medium-sc1941,30181,1.8150107860565186
medium-sc1941,30185,1.7698051929473877
medium-sc1941,30215,1.758232593536377
medium-sc1941,30216,1.7801848649978638
medium-sc1941,30222,1.8332606554031372
medium-sc1941,30224,1.7731213569641113
medium-sc1941,30226,1.784867525100708
medium-sc1941,30254,1.7868719100952148
medium-sc1941,30270,1.7312886714935303
medium-sc1941,30284,1.7461590766906738
medium-sc1941,30290,1.869966745376587
medium-sc1941,30294,1.7859456539154053
medium-sc1941,30299,1.7553085088729858
medium-sc1941,30310,1.7478792667388916
medium-sc1941,30315,1.7706267833709717
medium-sc1941,30325,1.7881112098693848
medium-sc1941,30398,1.8198915719985962
medium-sc1941,30406,1.7596571445465088
medium-sc1941,30420,1.8023669719696045
medium-sc1941,30422,1.7825860977172852
medium-sc1941,30443,1.7399749755859375
medium-sc1941,30456,1.8069417476654053
medium-sc1941,30458,1.7903603315353394
medium-sc1941,30460,1.8066294193267822
medium-sc1941,30481,1.8371495008468628
medium-sc1941,30495,1.754051685333252
medium-sc1941,30516,1.769214153289795
medium-sc1941,30519,1.7716518640518188
medium-sc1941,30537,1.8060057163238525
medium-sc1941,30584,1.827663540840149
medium-sc1941,30598,1.743874430656433
medium-sc1941,30627,1.7663283348083496
medium-sc1941,30633,1.8027722835540771
medium-sc1941,30659,1.8202838897705078
medium-sc1941,30675,1.7656279802322388
medium-sc1941,30683,1.7655680179595947
medium-sc1941,30747,1.776322603225708
medium-sc1941,30765,1.7613104581832886
medium-sc1941,30769,1.7311640977859497
medium-sc1941,30808,1.719223141670227
medium-sc1941,30816,1.8668466806411743
medium-sc1941,30820,1.7610867023468018
medium-sc1941,30827,1.7569687366485596
medium-sc1941,30830,1.7817771434783936
medium-sc1941,30844,1.7266128063201904
medium-sc1941,30846,1.764304757118225
medium-sc1941,30848,1.825685977935791
medium-sc1941,30864,1.789945363998413
medium-sc1941,30868,1.8326741456985474
medium-sc1941,30890,1.7775681018829346
medium-sc1941,30924,1.8177483081817627
medium-sc1941,30941,1.7296185493469238
medium-sc1941,30943,1.798998475074768
medium-sc1941,30974,1.7684128284454346
medium-sc1941,30982,1.9253661632537842
medium-sc1941,30988,1.751723051071167
medium-sc1941,30996,1.7903417348861694
medium-sc1941,31001,1.7676942348480225
medium-sc1941,31010,1.753660798072815
medium-sc1941,31011,1.8093867301940918
medium-sc1941,31050,1.7806997299194336
medium-sc1941,31056,1.8071472644805908
medium-sc1941,31060,1.7669553756713867
medium-sc1941,31063,1.7831549644470215
medium-sc1941,31076,1.755645513534546
medium-sc1941,31083,1.8364241123199463
medium-sc1941,31097,1.8286546468734741
medium-sc1941,31113,1.7720372676849365
medium-sc1941,31140,1.7327990531921387
medium-sc1941,31149,1.7848055362701416
medium-sc1941,31156,1.7642865180969238
medium-sc1941,31173,1.7864954471588135
medium-sc1941,31178,1.7136311531066895
medium-sc1941,31182,1.7871668338775635
medium-sc1941,31184,1.8134875297546387
medium-sc1941,31193,1.7876205444335938
medium-sc1941,31194,1.7587679624557495
medium-sc1941,31223,1.7840396165847778
medium-sc1941,31226,1.7339503765106201
medium-sc1941,31242,1.7922025918960571
medium-sc1941,31254,1.7397751808166504
medium-sc1941,31257,1.731529712677002
medium-sc1941,31265,1.7760374546051025
medium-sc1941,31266,1.729946494102478
medium-sc1941,31274,1.7711029052734375
medium-sc1941,31291,1.7358357906341553
large-sc341,7,111.47569274902344
large-sc341,14,111.72346496582031
large-sc341,33,110.56637573242188
large-sc341,42,108.52070617675781
large-sc341,87,94.25508117675781
large-sc341,90,92.0253677368164
large-sc341,93,90.89474487304688
large-sc341,96,90.08082580566406
large-sc341,101,88.14881896972656
large-sc341,136,82.04381561279297
large-sc341,143,80.13739776611328
large-sc341,150,80.17687225341797
large-sc341,152,79.14559936523438
large-sc341,192,71.92472076416016
large-sc341,195,72.9573745727539
large-sc341,197,72.39588165283203
large-sc341,213,69.33910369873047
large-sc341,238,65.04014587402344
large-sc341,269,59.77244567871094
large-sc341,275,59.157108306884766
large-sc341,276,59.42972183227539
large-sc341,319,52.713783264160156
large-sc341,323,51.0921745300293
large-sc341,372,43.63067626953125
large-sc341,378,43.00692367553711
large-sc341,382,42.17227554321289
large-sc341,405,39.180423736572266
large-sc341,425,36.6558723449707
large-sc341,441,34.785648345947266
large-sc341,444,34.70951461791992
large-sc341,458,32.899314880371094
large-sc341,502,29.387889862060547
large-sc341,506,29.038070678710938
large-sc341,511,28.415306091308594
large-sc341,512,29.083921432495117
large-sc341,519,28.391048431396484
large-sc341,527,27.656925201416016
large-sc341,531,27.575239181518555
large-sc341,535,26.749103546142578
large-sc341,545,25.902273178100586
large-sc341,574,23.671207427978516
large-sc341,584,23.948091506958008
large-sc341,610,22.610950469970703
large-sc341,617,22.14457130432129
large-sc341,622,22.039932250976562
large-sc341,629,22.08379554748535
large-sc341,652,20.30885887145996
large-sc341,672,19.506088256835938
large-sc341,678,19.114973068237305
large-sc341,682,19.642192840576172
large-sc341,686,18.18633460998535
large-sc341,690,18.79483413696289
large-sc341,696,17.949817657470703
large-sc341,698,17.983423233032227
large-sc341,720,17.180896759033203
large-sc341,731,17.158992767333984
large-sc341,735,16.948272705078125
large-sc341,745,17.108287811279297
large-sc341,753,16.85860824584961
large-sc341,764,16.933658599853516
large-sc341,775,16.038341522216797
large-sc341,812,15.003430366516113
large-sc341,841,14.097270965576172
large-sc341,862,13.887121200561523
large-sc341,872,13.469930648803711
large-sc341,897,13.040035247802734
large-sc341,908,13.546879768371582
large-sc341,918,12.8129243850708
large-sc341,929,13.123220443725586
large-sc341,946,12.547642707824707
large-sc341,949,13.280497550964355
large-sc341,981,12.261301040649414
large-sc341,991,12.190695762634277
large-sc341,993,12.615377426147461
large-sc341,1012,12.02635383605957
large-sc341,1014,12.683192253112793
large-sc341,1021,12.660942077636719
large-sc341,1022,12.130743026733398
large-sc341,1027,11.975103378295898
large-sc341,1041,11.867100715637207
large-sc341,1064,11.742063522338867
large-sc341,1094,11.61981201171875
large-sc341,1128,10.943973541259766
large-sc341,1132,11.168022155761719
large-sc341,1134,11.343196868896484
large-sc341,1158,11.876533508300781
large-sc341,1161,11.491094589233398
large-sc341,1176,11.056466102600098
large-sc341,1215,11.14254093170166
large-sc341,1232,10.895456314086914
large-sc341,1266,10.730321884155273
large-sc341,1289,10.496223449707031
large-sc341,1300,10.609403610229492
large-sc341,1302,10.641532897949219
large-sc341,1308,10.953472137451172
large-sc341,1320,10.511330604553223
large-sc341,1336,9.99435806274414
large-sc341,1344,9.752769470214844
large-sc341,1356,10.463029861450195
large-sc341,1364,10.610076904296875
large-sc341,1370,10.339111328125
large-sc341,1371,10.459121704101562
large-sc341,1374,9.941181182861328
large-sc341,1401,9.782514572143555
large-sc341,1420,9.670698165893555
large-sc341,1433,10.194684982299805
large-sc341,1439,10.358640670776367
large-sc341,1448,10.348922729492188
large-sc341,1462,10.180394172668457
large-sc341,1468,9.745768547058105
large-sc341,1472,9.715127944946289
large-sc341,1483,9.5681734085083
large-sc341,1512,9.442831993103027
large-sc341,1522,9.55017375946045
large-sc341,1524,9.290786743164062
large-sc341,1539,9.850525856018066
large-sc341,1551,9.435693740844727
large-sc341,1561,9.520771026611328
large-sc341,1562,9.183906555175781
large-sc341,1566,9.418680191040039
large-sc341,1567,9.522042274475098
large-sc341,1623,9.389232635498047
large-sc341,1628,9.336050033569336
large-sc341,1634,9.515307426452637
large-sc341,1660,9.256948471069336
large-sc341,1686,8.934298515319824
large-sc341,1725,9.09697437286377
large-sc341,1729,9.349980354309082
large-sc341,1739,9.037508010864258
large-sc341,1762,9.523368835449219
large-sc341,1765,9.233955383300781
large-sc341,1774,9.60441780090332
large-sc341,1805,9.23817253112793
large-sc341,1826,8.775190353393555
large-sc341,1860,8.692792892456055
large-sc341,1889,8.970529556274414
large-sc341,1938,8.713920593261719
large-sc341,1939,8.533935546875
large-sc341,1947,8.619841575622559
large-sc341,1956,8.093648910522461
large-sc341,1965,8.539302825927734
large-sc341,1972,8.140326499938965
large-sc341,1976,8.464683532714844
large-sc341,1978,8.360349655151367
large-sc341,2009,8.48546028137207
large-sc341,2036,8.950916290283203
large-sc341,2060,8.555997848510742
large-sc341,2078,7.88942813873291
large-sc341,2090,8.312511444091797
large-sc341,2174,8.43701457977295
large-sc341,2193,8.186369895935059
large-sc341,2205,7.840923309326172
large-sc341,2206,7.9256486892700195
large-sc341,2229,8.48645305633545
large-sc341,2288,8.272916793823242
large-sc341,2293,7.911306381225586
large-sc341,2311,8.03248405456543
large-sc341,2378,8.06691837310791
large-sc341,2389,7.640651226043701
large-sc341,2397,7.816229820251465
large-sc341,2430,7.8585124015808105
large-sc341,2441,7.818957805633545
large-sc341,2447,7.798793315887451
large-sc341,2448,8.103302001953125
large-sc341,2464,8.135364532470703
large-sc341,2508,7.838570594787598
large-sc341,2516,7.667058944702148
large-sc341,2541,7.58716344833374
large-sc341,2548,7.475898742675781
large-sc341,2585,7.554744720458984
large-sc341,2590,7.477590560913086
large-sc341,2600,7.48543119430542
large-sc341,2606,7.328672409057617
large-sc341,2610,7.734641075134277
large-sc341,2615,7.467384338378906
large-sc341,2630,7.469795227050781
large-sc341,2650,7.697930812835693
large-sc341,2660,7.945883750915527
large-sc341,2662,7.711919784545898
large-sc341,2666,7.811095237731934
large-sc341,2733,7.455286979675293
large-sc341,2735,7.4439377784729
large-sc341,2738,7.255209922790527
large-sc341,2740,7.211549758911133
large-sc341,2746,7.9248151779174805
large-sc341,2756,7.453198432922363
large-sc341,2775,7.326942443847656
large-sc341,2781,7.274359703063965
large-sc341,2796,6.934532642364502
large-sc341,2801,7.31636381149292
large-sc341,2839,7.107404708862305
large-sc341,2872,7.097290515899658
large-sc341,2884,7.058058738708496
large-sc341,2887,6.922604084014893
large-sc341,2897,7.0707550048828125
large-sc341,2900,6.848910808563232
large-sc341,2903,7.08924674987793
large-sc341,2910,7.170875549316406
large-sc341,2925,7.1375017166137695
large-sc341,2963,7.150102615356445
large-sc341,2969,7.12262487411499
large-sc341,2977,7.098748683929443
large-sc341,2991,7.031148433685303
large-sc341,2992,6.9146928787231445
large-sc341,2993,7.09816312789917
large-sc341,3025,7.180238246917725
large-sc341,3026,7.034913063049316
large-sc341,3049,6.843264102935791
large-sc341,3051,7.05495548248291
large-sc341,3061,7.275060176849365
large-sc341,3103,6.921013832092285
large-sc341,3112,6.897365570068359
large-sc341,3135,6.876518249511719
large-sc341,3159,6.963146209716797
large-sc341,3171,6.867022514343262
large-sc341,3183,6.659187316894531
large-sc341,3190,7.152390003204346
large-sc341,3248,6.7930731773376465
large-sc341,3277,6.646778583526611
large-sc341,3289,6.638337135314941
large-sc341,3312,6.605816841125488
large-sc341,3316,6.720836639404297
large-sc341,3358,6.604569435119629
large-sc341,3376,6.542940139770508
large-sc341,3380,6.470310211181641
large-sc341,3401,6.52203893661499
large-sc341,3402,6.534722328186035
large-sc341,3406,6.718964576721191
large-sc341,3408,6.574646472930908
large-sc341,3415,6.721895694732666
large-sc341,3416,6.653382301330566
large-sc341,3433,6.5723347663879395
large-sc341,3434,6.557269096374512
large-sc341,3435,6.620771408081055
large-sc341,3452,6.4878644943237305
large-sc341,3456,6.722214698791504
large-sc341,3495,6.764978408813477
large-sc341,3503,6.5292768478393555
large-sc341,3527,6.614919662475586
large-sc341,3539,6.763831615447998
large-sc341,3548,6.52479887008667
large-sc341,3553,6.518675327301025
large-sc341,3555,6.486763000488281
large-sc341,3563,6.41709041595459
large-sc341,3578,6.5589799880981445
large-sc341,3579,6.2311272621154785
large-sc341,3587,6.664114952087402
large-sc341,3643,6.518570899963379
large-sc341,3646,6.422066688537598
large-sc341,3661,6.511341094970703
large-sc341,3677,6.4802751541137695
large-sc341,3684,6.412473201751709
large-sc341,3707,6.285921573638916
large-sc341,3708,6.371101379394531
large-sc341,3717,6.348842620849609
large-sc341,3724,6.272621154785156
large-sc341,3737,6.1020355224609375
large-sc341,3779,6.163634300231934
large-sc341,3792,6.098167419433594
large-sc341,3794,5.999197006225586
large-sc341,3800,6.167362213134766
large-sc341,3811,6.225842475891113
large-sc341,3812,6.208314418792725
large-sc341,3817,6.2599921226501465
large-sc341,3854,6.152825355529785
large-sc341,3878,5.982889652252197
large-sc341,3882,6.213418006896973
large-sc341,3894,6.424140930175781
large-sc341,3897,6.169885158538818
large-sc341,3905,6.051028251647949
large-sc341,3928,6.338561058044434
large-sc341,3930,5.989985466003418
large-sc341,3954,6.210829257965088
large-sc341,4012,6.214395523071289
large-sc341,4014,6.327239036560059
large-sc341,4016,5.985621452331543
large-sc341,4024,6.0814104080200195
large-sc341,4049,6.221323013305664
large-sc341,4079,6.241859436035156
large-sc341,4092,6.0462188720703125
large-sc341,4098,6.120389938354492
large-sc341,4111,5.8757643699646
large-sc341,4118,5.9188127517700195
large-sc341,4125,6.046151638031006
large-sc341,4149,5.987598419189453
large-sc341,4169,5.895203113555908
large-sc341,4180,6.167191505432129
large-sc341,4205,6.061214923858643
large-sc341,4210,6.005258083343506
large-sc341,4240,5.781961441040039
large-sc341,4260,5.971652984619141
large-sc341,4273,5.846621990203857
large-sc341,4278,5.9171142578125
large-sc341,4280,5.9648356437683105
large-sc341,4284,5.598607063293457
large-sc341,4306,5.632145404815674
large-sc341,4330,5.749617576599121
large-sc341,4352,5.826030254364014
large-sc341,4368,5.493131160736084
large-sc341,4386,5.754451751708984
large-sc341,4394,5.593028545379639
large-sc341,4454,5.69478178024292
large-sc341,4493,5.862218379974365
large-sc341,4499,5.740948677062988
large-sc341,4543,5.771110534667969
large-sc341,4580,5.4482879638671875
large-sc341,4593,5.6275715827941895
large-sc341,4601,5.676243782043457
large-sc341,4605,5.614509582519531
large-sc341,4631,5.673898220062256
large-sc341,4634,5.470547199249268
large-sc341,4640,5.737713813781738
large-sc341,4645,5.574418067932129
large-sc341,4650,5.393429756164551
large-sc341,4654,5.626898288726807
large-sc341,4678,5.500444412231445
large-sc341,4683,5.69724702835083
large-sc341,4703,5.333796501159668
large-sc341,4741,5.606841564178467
large-sc341,4747,5.649618625640869
large-sc341,4759,5.675170421600342
large-sc341,4763,5.569515228271484
large-sc341,4771,5.647027492523193
large-sc341,4797,5.7304840087890625
large-sc341,4821,5.496813774108887
large-sc341,4822,5.577224254608154
large-sc341,4850,5.783745765686035
large-sc341,4864,5.633622169494629
large-sc341,4891,5.4161272048950195
large-sc341,4941,5.443360328674316
large-sc341,4971,5.466309070587158
large-sc341,5015,5.401475429534912
large-sc341,5032,5.479807376861572
large-sc341,5040,5.339008331298828
large-sc341,5065,5.313385963439941
large-sc341,5073,5.500904083251953
large-sc341,5107,5.353023529052734
large-sc341,5148,5.428696632385254
large-sc341,5172,5.431240081787109
large-sc341,5176,5.669887065887451
large-sc341,5185,5.3922038078308105
large-sc341,5216,5.339037895202637
large-sc341,5233,5.271248817443848
large-sc341,5238,5.357064723968506
large-sc341,5271,5.113349914550781
large-sc341,5275,5.228560447692871
large-sc341,5279,5.249056816101074
large-sc341,5287,5.250831604003906
large-sc341,5302,5.6384148597717285
large-sc341,5304,5.564847469329834
large-sc341,5326,5.3474321365356445
large-sc341,5344,5.1176676750183105
large-sc341,5348,5.156976222991943
large-sc341,5355,5.121049880981445
large-sc341,5357,5.164057731628418
large-sc341,5369,5.2661542892456055
large-sc341,5443,5.276089668273926
large-sc341,5450,5.256823539733887
large-sc341,5454,5.099995136260986
large-sc341,5463,5.156157970428467
large-sc341,5475,5.170912742614746
large-sc341,5482,4.93848991394043
large-sc341,5485,5.240035057067871
large-sc341,5494,5.030521869659424
large-sc341,5528,4.962223052978516
large-sc341,5534,5.1136579513549805
large-sc341,5543,4.991086006164551
large-sc341,5546,4.8630690574646
large-sc341,5549,5.071252822875977
large-sc341,5558,4.974592685699463
large-sc341,5565,4.884700298309326
large-sc341,5566,4.938366889953613
large-sc341,5569,5.149569511413574
large-sc341,5572,4.990050792694092
large-sc341,5621,5.110406398773193
large-sc341,5641,4.848055839538574
large-sc341,5652,4.9029717445373535
large-sc341,5656,5.083995342254639
large-sc341,5669,4.914163589477539
large-sc341,5671,4.797479629516602
large-sc341,5682,4.907721996307373
large-sc341,5689,4.939874649047852
large-sc341,5729,4.917904853820801
large-sc341,5749,4.997972011566162
large-sc341,5794,4.821744441986084
large-sc341,5803,4.907924175262451
large-sc341,5811,4.932216644287109
large-sc341,5829,5.0738205909729
large-sc341,5865,4.932325839996338
large-sc341,5909,4.98331880569458
large-sc341,5923,5.039384841918945
large-sc341,5986,4.812133312225342
large-sc341,5997,5.000086784362793
large-sc341,6005,5.171457290649414
large-sc341,6026,5.0305023193359375
large-sc341,6032,4.859309196472168
large-sc341,6059,4.803906440734863
large-sc341,6071,4.808943271636963
large-sc341,6081,4.744634628295898
large-sc341,6127,4.690535545349121
large-sc341,6128,4.6605634689331055
large-sc341,6136,4.843069553375244
large-sc341,6150,4.673604965209961
large-sc341,6154,4.739538192749023
large-sc341,6162,4.750251770019531
large-sc341,6183,4.781069755554199
large-sc341,6185,4.746106147766113
large-sc341,6186,4.754878044128418
large-sc341,6192,4.661983489990234
large-sc341,6211,4.8869171142578125
large-sc341,6213,4.808165550231934
large-sc341,6215,4.811112403869629
large-sc341,6225,4.72774600982666
large-sc341,6236,4.713849067687988
large-sc341,6240,4.714245796203613
large-sc341,6260,4.764930248260498
large-sc341,6299,4.810615539550781
large-sc341,6331,4.8659467697143555
large-sc341,6359,4.789088249206543
large-sc341,6409,4.899044990539551
large-sc341,6414,4.657376289367676
large-sc341,6458,4.760371208190918
large-sc341,6475,4.609223365783691
large-sc341,6479,4.684093952178955
large-sc341,6486,4.5410871505737305
large-sc341,6487,4.4596638679504395
large-sc341,6516,4.585887908935547
large-sc341,6522,4.759591579437256
large-sc341,6537,4.7958526611328125
large-sc341,6544,4.694911003112793
large-sc341,6547,4.562039852142334
large-sc341,6553,4.647317886352539
large-sc341,6562,4.6238203048706055
large-sc341,6567,4.626564025878906
large-sc341,6604,4.701452732086182
large-sc341,6614,4.48539400100708
large-sc341,6626,4.767186164855957
large-sc341,6636,4.5349016189575195
large-sc341,6642,4.5529022216796875
large-sc341,6654,4.767060279846191
large-sc341,6666,4.48703670501709
large-sc341,6686,4.587152481079102
large-sc341,6688,4.5812602043151855
large-sc341,6697,4.540425777435303
large-sc341,6703,4.502009391784668
large-sc341,6741,4.430748462677002
large-sc341,6752,4.674041748046875
large-sc341,6767,4.556527137756348
large-sc341,6772,4.523989677429199
large-sc341,6790,4.536148548126221
large-sc341,6807,4.645168304443359
large-sc341,6817,4.626232147216797
large-sc341,6844,4.441549301147461
large-sc341,6878,4.469451427459717
large-sc341,6952,4.442230224609375
large-sc341,6965,4.612872123718262
large-sc341,6970,4.444146156311035
large-sc341,7101,4.330727577209473
large-sc341,7154,4.2524518966674805
large-sc341,7188,4.3451738357543945
large-sc341,7205,4.225219249725342
large-sc341,7219,4.2509236335754395
large-sc341,7242,4.1187663078308105
large-sc341,7276,4.36768913269043
large-sc341,7288,4.308281898498535
large-sc341,7289,4.181251049041748
large-sc341,7309,4.2152581214904785
large-sc341,7310,4.328024387359619
large-sc341,7321,4.20323371887207
large-sc341,7339,4.263576507568359
large-sc341,7366,4.30277156829834
large-sc341,7405,4.440099716186523
large-sc341,7408,4.264150619506836
large-sc341,7416,4.4168291091918945
large-sc341,7461,4.351785659790039
large-sc341,7473,4.326761245727539
large-sc341,7482,4.136962413787842
large-sc341,7500,4.279508590698242
large-sc341,7519,4.276887893676758
large-sc341,7535,4.156834602355957
large-sc341,7561,4.156278610229492
large-sc341,7574,4.124532222747803
large-sc341,7602,4.184337615966797
large-sc341,7604,4.139167785644531
large-sc341,7606,4.1049580574035645
large-sc341,7617,4.236675262451172
large-sc341,7620,4.2120537757873535
large-sc341,7635,4.102837562561035
large-sc341,7637,4.074567794799805
large-sc341,7639,4.242666721343994
large-sc341,7654,4.172059059143066
large-sc341,7687,4.3486647605896
large-sc341,7698,4.189130783081055
large-sc341,7715,4.368077278137207
large-sc341,7737,4.198241710662842
large-sc341,7778,4.483330249786377
large-sc341,7781,4.401551246643066
large-sc341,7793,4.220768928527832
large-sc341,7795,4.152325630187988
large-sc341,7806,4.201626777648926
large-sc341,7821,4.258367538452148
large-sc341,7870,4.325723648071289
large-sc341,7886,4.188061237335205
large-sc341,7899,4.28651237487793
large-sc341,7903,4.384324550628662
large-sc341,7914,4.104546070098877
large-sc341,7933,4.137208938598633
large-sc341,7943,4.17326021194458
large-sc341,7948,4.098368167877197
large-sc341,7956,4.088454246520996
large-sc341,7973,4.04823112487793
large-sc341,8019,3.9586756229400635
large-sc341,8045,4.0077667236328125
large-sc341,8073,4.17401123046875
large-sc341,8075,4.0976667404174805
large-sc341,8093,4.110015869140625
large-sc341,8094,4.148344039916992
large-sc341,8095,4.1549272537231445
large-sc341,8117,4.3000078201293945
large-sc341,8130,4.115744590759277
large-sc341,8131,3.976485252380371
large-sc341,8133,4.055294990539551
large-sc341,8176,3.9813175201416016
large-sc341,8186,4.142014503479004
large-sc341,8204,4.036228179931641
large-sc341,8224,4.030181407928467
large-sc341,8238,3.944591522216797
large-sc341,8239,4.0892863273620605
large-sc341,8259,3.8853888511657715
large-sc341,8275,3.9338247776031494
large-sc341,8352,4.195376873016357
large-sc341,8371,4.135910511016846
large-sc341,8377,4.093647480010986
large-sc341,8381,4.021298408508301
large-sc341,8449,3.9615273475646973
large-sc341,8465,3.931403398513794
large-sc341,8481,3.973464012145996
large-sc341,8482,3.9636783599853516
large-sc341,8488,4.060439109802246
large-sc341,8492,3.9537899494171143
large-sc341,8508,3.9363842010498047
large-sc341,8516,3.8186066150665283
large-sc341,8529,4.028761863708496
large-sc341,8533,3.9989638328552246
large-sc341,8540,4.048717975616455
large-sc341,8567,4.024356842041016
large-sc341,8573,4.020224571228027
large-sc341,8584,4.098668098449707
large-sc341,8599,3.9245429039001465
large-sc341,8613,3.8935141563415527
large-sc341,8644,3.927100419998169
large-sc341,8645,3.8494997024536133
large-sc341,8661,3.917933464050293
large-sc341,8662,3.8645124435424805
large-sc341,8687,3.954197883605957
large-sc341,8744,3.7508485317230225
large-sc341,8753,3.9122724533081055
large-sc341,8755,3.9175000190734863
large-sc341,8776,3.8321638107299805
large-sc341,8779,3.8432953357696533
large-sc341,8783,3.8983068466186523
large-sc341,8794,3.827890634536743
large-sc341,8800,3.847473621368408
large-sc341,8823,3.8175811767578125
large-sc341,8841,3.751755475997925
large-sc341,8863,3.7724180221557617
large-sc341,8871,3.8192899227142334
large-sc341,8874,3.816448211669922
large-sc341,8876,3.896585702896118
large-sc341,8911,3.8046786785125732
large-sc341,8920,3.8175384998321533
large-sc341,8925,3.9559803009033203
large-sc341,8945,3.9453139305114746
large-sc341,8947,3.8959035873413086
large-sc341,8957,3.87324857711792
large-sc341,8991,4.027631759643555
large-sc341,8992,3.9950551986694336
large-sc341,9007,3.7730770111083984
large-sc341,9022,3.983490467071533
large-sc341,9032,3.8192996978759766
large-sc341,9047,3.7655787467956543
large-sc341,9067,3.7555108070373535
large-sc341,9071,3.6272974014282227
large-sc341,9092,3.7365992069244385
large-sc341,9120,3.607511520385742
large-sc341,9132,3.7358293533325195
large-sc341,9133,3.686224937438965
large-sc341,9144,3.6238274574279785
large-sc341,9146,3.7930784225463867
large-sc341,9157,3.7161190509796143
large-sc341,9159,3.6733434200286865
large-sc341,9166,3.7375121116638184
large-sc341,9174,3.7464027404785156
large-sc341,9184,3.5892953872680664
large-sc341,9200,3.703230857849121
large-sc341,9208,3.7041611671447754
large-sc341,9268,3.6587281227111816
large-sc341,9284,3.6619577407836914
large-sc341,9336,3.7745988368988037
large-sc341,9344,3.7841567993164062
large-sc341,9358,3.6960413455963135
large-sc341,9360,3.802123546600342
large-sc341,9375,3.8585267066955566
large-sc341,9429,3.7878997325897217
large-sc341,9434,3.6129798889160156
large-sc341,9445,3.712161064147949
large-sc341,9449,3.7182769775390625
large-sc341,9450,3.6381590366363525
large-sc341,9468,3.872518301010132
large-sc341,9472,3.9058752059936523
large-sc341,9487,3.733750820159912
large-sc341,9491,3.7812132835388184
large-sc341,9504,3.7605295181274414
large-sc341,9574,3.6495702266693115
large-sc341,9584,3.75307035446167
large-sc341,9617,3.5561132431030273
large-sc341,9629,3.6620254516601562
large-sc341,9639,3.6100072860717773
large-sc341,9640,3.572755813598633
large-sc341,9648,3.737947702407837
large-sc341,9659,3.6347575187683105
large-sc341,9672,3.613591432571411
large-sc341,9753,3.5563783645629883
large-sc341,9761,3.6342461109161377
large-sc341,9763,3.6781296730041504
large-sc341,9776,3.633068323135376
large-sc341,9854,3.5847315788269043
large-sc341,9889,3.6299638748168945
large-sc341,9908,3.6081156730651855
large-sc341,9911,3.577322006225586
large-sc341,9914,3.617278814315796
large-sc341,9917,3.578768730163574
large-sc341,9920,3.5457510948181152
large-sc341,9931,3.491157293319702
large-sc341,9939,3.5339667797088623
large-sc341,9959,3.5639805793762207
large-sc341,9974,3.5267493724823
large-sc341,9986,3.574871063232422
large-sc341,10028,3.5217461585998535
large-sc341,10041,3.436093807220459
large-sc341,10060,3.52485990524292
large-sc341,10068,3.6376428604125977
large-sc341,10090,3.523221969604492
large-sc341,10100,3.641840934753418
large-sc341,10118,3.678107500076294
large-sc341,10149,3.6741080284118652
large-sc341,10158,3.697744846343994
large-sc341,10164,3.641486406326294
large-sc341,10166,3.636120319366455
large-sc341,10176,3.6412882804870605
large-sc341,10177,3.5989506244659424
large-sc341,10182,3.6835532188415527
large-sc341,10190,3.430936813354492
large-sc341,10222,3.4331440925598145
large-sc341,10297,3.558746337890625
large-sc341,10301,3.6499440670013428
large-sc341,10303,3.5107736587524414
large-sc341,10334,3.5903921127319336
large-sc341,10345,3.601872205734253
large-sc341,10410,3.425204277038574
large-sc341,10435,3.543531894683838
large-sc341,10448,3.6976733207702637
large-sc341,10453,3.588221549987793
large-sc341,10497,3.434415340423584
large-sc341,10524,3.361940860748291
large-sc341,10534,3.516371250152588
large-sc341,10540,3.3674025535583496
large-sc341,10549,3.460066795349121
large-sc341,10569,3.43163800239563
large-sc341,10585,3.4338924884796143
large-sc341,10616,3.481879234313965
large-sc341,10630,3.488255262374878
large-sc341,10657,3.510371208190918
large-sc341,10699,3.5925121307373047
large-sc341,10738,3.44236421585083
large-sc341,10746,3.2551498413085938
large-sc341,10756,3.3831582069396973
large-sc341,10770,3.280825614929199
large-sc341,10780,3.3490421772003174
large-sc341,10797,3.3358891010284424
large-sc341,10800,3.3413124084472656
large-sc341,10801,3.4258620738983154
large-sc341,10830,3.4158568382263184
large-sc341,10918,3.408468723297119
large-sc341,10921,3.389755964279175
large-sc341,10928,3.3701884746551514
large-sc341,10942,3.4387998580932617
large-sc341,10965,3.394716262817383
large-sc341,10972,3.27099347114563
large-sc341,10999,3.4026288986206055
large-sc341,11011,3.320676803588867
large-sc341,11022,3.361860990524292
large-sc341,11032,3.3315935134887695
large-sc341,11036,3.4610185623168945
large-sc341,11039,3.355814218521118
large-sc341,11041,3.316412925720215
large-sc341,11042,3.2933859825134277
large-sc341,11047,3.4286534786224365
large-sc341,11048,3.4669501781463623
large-sc341,11053,3.51419997215271
large-sc341,11128,3.436485767364502
large-sc341,11132,3.4451255798339844
large-sc341,11136,3.4482903480529785
large-sc341,11144,3.4269418716430664
large-sc341,11159,3.2817459106445312
large-sc341,11192,3.416213035583496
large-sc341,11194,3.396357774734497
large-sc341,11200,3.4501094818115234
large-sc341,11204,3.307626962661743
large-sc341,11205,3.451744556427002
large-sc341,11211,3.3376235961914062
large-sc341,11214,3.3684885501861572
large-sc341,11224,3.355140447616577
large-sc341,11244,3.349783420562744
large-sc341,11253,3.3741512298583984
large-sc341,11262,3.212907075881958
large-sc341,11312,3.222562313079834
large-sc341,11353,3.231879472732544
large-sc341,11356,3.2530975341796875
large-sc341,11358,3.225484848022461
large-sc341,11410,3.27669095993042
large-sc341,11426,3.2515501976013184
large-sc341,11428,3.269040107727051
large-sc341,11501,3.201615810394287
large-sc341,11524,3.206406593322754
large-sc341,11526,3.236940860748291
large-sc341,11539,3.3255727291107178
large-sc341,11550,3.1651878356933594
large-sc341,11566,3.2165770530700684
large-sc341,11582,3.231437921524048
large-sc341,11671,3.4275190830230713
large-sc341,11675,3.3691530227661133
large-sc341,11676,3.2798142433166504
large-sc341,11691,3.3817975521087646
large-sc341,11694,3.197690486907959
large-sc341,11741,3.295945167541504
large-sc341,11794,3.2892515659332275
large-sc341,11796,3.1958935260772705
large-sc341,11818,3.314657211303711
large-sc341,11838,3.2038164138793945
large-sc341,11845,3.163435220718384
large-sc341,11856,3.1574089527130127
large-sc341,11862,3.2131967544555664
large-sc341,11868,3.192902088165283
large-sc341,11884,3.225454092025757
large-sc341,11897,3.1179749965667725
large-sc341,11928,3.114952564239502
large-sc341,11960,3.085230827331543
large-sc341,11962,3.1076819896698
large-sc341,11997,3.1447558403015137
large-sc341,12039,3.2002573013305664
large-sc341,12055,3.095264434814453
large-sc341,12076,3.2515475749969482
large-sc341,12080,3.2524352073669434
large-sc341,12087,3.130053997039795
large-sc341,12111,3.110708713531494
large-sc341,12136,3.1346216201782227
large-sc341,12166,3.2372236251831055
large-sc341,12184,3.1215548515319824
large-sc341,12210,3.212995767593384
large-sc341,12221,3.1199746131896973
large-sc341,12224,3.211343288421631
large-sc341,12230,3.2014026641845703
large-sc341,12248,3.1576266288757324
large-sc341,12273,3.114536762237549
large-sc341,12286,3.103055000305176
large-sc341,12300,3.035465717315674
large-sc341,12328,3.076237201690674
large-sc341,12340,3.0807459354400635
large-sc341,12348,3.161071300506592
large-sc341,12428,3.1383488178253174
large-sc341,12454,2.9835944175720215
large-sc341,12463,3.1592624187469482
large-sc341,12492,3.111937999725342
large-sc341,12494,3.113218307495117
large-sc341,12507,3.0593552589416504
large-sc341,12508,3.145005702972412
large-sc341,12543,2.958998203277588
large-sc341,12569,2.9999032020568848
large-sc341,12574,2.965052604675293
large-sc341,12586,3.0683913230895996
large-sc341,12591,3.08315372467041
large-sc341,12646,2.957080841064453
large-sc341,12659,3.0134482383728027
large-sc341,12661,3.0984561443328857
large-sc341,12673,3.094381093978882
large-sc341,12674,3.1278235912323
large-sc341,12689,3.1045327186584473
large-sc341,12733,3.043349266052246
large-sc341,12784,3.1852548122406006
large-sc341,12789,3.007046699523926
large-sc341,12792,3.104856491088867
large-sc341,12802,3.0664193630218506
large-sc341,12827,3.126310348510742
large-sc341,12831,3.0872249603271484
large-sc341,12835,3.0595290660858154
large-sc341,12836,3.036511182785034
large-sc341,12840,3.011392593383789
large-sc341,12855,3.0594375133514404
large-sc341,12898,3.040074586868286
large-sc341,12905,3.021070957183838
large-sc341,12907,3.0552282333374023
large-sc341,12929,3.0410044193267822
large-sc341,12931,3.101085901260376
large-sc341,12945,3.044851064682007
large-sc341,12951,3.0655221939086914
large-sc341,12969,2.990490436553955
large-sc341,12973,3.0342798233032227
large-sc341,12979,2.946021795272827
large-sc341,12987,3.0285439491271973
large-sc341,12992,2.933901309967041
large-sc341,13013,3.0501391887664795
large-sc341,13019,3.021254062652588
large-sc341,13020,3.0831823348999023
large-sc341,13036,3.0414538383483887
large-sc341,13049,3.0110652446746826
large-sc341,13050,3.21226167678833
large-sc341,13064,2.9683427810668945
large-sc341,13103,3.0493876934051514
large-sc341,13131,3.0703749656677246
large-sc341,13135,3.137294054031372
large-sc341,13149,3.0578975677490234
large-sc341,13217,3.007472038269043
large-sc341,13235,3.0392911434173584
large-sc341,13262,3.027711868286133
large-sc341,13288,3.0062427520751953
large-sc341,13296,3.0321478843688965
large-sc341,13312,2.9248886108398438
large-sc341,13322,2.9402294158935547
large-sc341,13342,2.9284796714782715
large-sc341,13352,2.878571033477783
large-sc341,13361,2.9590532779693604
large-sc341,13362,2.8919734954833984
large-sc341,13450,2.9041972160339355
large-sc341,13465,2.8571701049804688
large-sc341,13472,2.889072895050049
large-sc341,13473,2.966305732727051
large-sc341,13501,3.0193114280700684
large-sc341,13520,2.8699636459350586
large-sc341,13538,2.9915902614593506
large-sc341,13557,3.0168628692626953
large-sc341,13581,2.9103314876556396
large-sc341,13582,2.904324769973755
large-sc341,13587,3.0064122676849365
large-sc341,13599,2.964871644973755
large-sc341,13611,2.9941234588623047
large-sc341,13612,2.951991558074951
large-sc341,13622,2.894808530807495
large-sc341,13648,2.963951587677002
large-sc341,13664,2.9856481552124023
large-sc341,13674,3.028050422668457
large-sc341,13696,2.8769946098327637
large-sc341,13705,2.901587724685669
large-sc341,13725,2.9096322059631348
large-sc341,13727,2.944112539291382
large-sc341,13746,2.8841819763183594
large-sc341,13780,2.9459900856018066
large-sc341,13802,2.9166996479034424
large-sc341,13815,2.853329658508301
large-sc341,13823,2.898449659347534
large-sc341,13838,2.886928081512451
large-sc341,13841,2.938605546951294
large-sc341,13851,2.912902355194092
large-sc341,13871,2.8579211235046387
large-sc341,13895,2.875948905944824
large-sc341,13902,2.7517077922821045
large-sc341,13912,2.9467251300811768
large-sc341,13920,2.8928449153900146
large-sc341,13921,2.7949976921081543
large-sc341,13978,2.8408751487731934
large-sc341,13999,2.947948932647705
large-sc341,14025,2.888272523880005
large-sc341,14087,2.807090997695923
large-sc341,14088,2.849349021911621
large-sc341,14096,2.767676591873169
large-sc341,14100,2.833284854888916
large-sc341,14122,2.827623128890991
large-sc341,14130,2.839704751968384
large-sc341,14145,2.794952869415283
large-sc341,14149,2.7967095375061035
large-sc341,14179,2.8387722969055176
large-sc341,14197,2.7230472564697266
large-sc341,14215,2.863009452819824
large-sc341,14220,2.8686752319335938
large-sc341,14227,2.8825957775115967
large-sc341,14282,2.891572952270508
large-sc341,14293,2.842649459838867
large-sc341,14296,2.8228654861450195
large-sc341,14299,2.8587961196899414
large-sc341,14329,2.880464792251587
large-sc341,14398,2.8082995414733887
large-sc341,14407,2.914757251739502
large-sc341,14408,2.8748598098754883
large-sc341,14417,2.8614342212677
large-sc341,14429,2.7934274673461914
large-sc341,14443,2.873023748397827
large-sc341,14446,2.7736008167266846
large-sc341,14449,2.853764295578003
large-sc341,14457,2.837555408477783
large-sc341,14460,2.8387980461120605
large-sc341,14468,2.90671968460083
large-sc341,14480,2.814396858215332
large-sc341,14496,2.817399501800537
large-sc341,14515,2.8930609226226807
large-sc341,14555,2.8037729263305664
large-sc341,14575,2.8618645668029785
large-sc341,14582,2.7988085746765137
large-sc341,14598,2.7829761505126953
large-sc341,14608,2.805459976196289
large-sc341,14609,2.8281373977661133
large-sc341,14618,2.7528622150421143
large-sc341,14621,2.780441999435425
large-sc341,14631,2.7826144695281982
large-sc341,14642,2.763131618499756
large-sc341,14658,2.7653470039367676
large-sc341,14666,2.78841233253479
large-sc341,14687,2.8125710487365723
large-sc341,14724,2.6554324626922607
large-sc341,14748,2.7168145179748535
large-sc341,14761,2.761575222015381
large-sc341,14882,2.7808327674865723
large-sc341,14889,2.712571620941162
large-sc341,14891,2.6989216804504395
large-sc341,14902,2.7212460041046143
large-sc341,14905,2.7968053817749023
large-sc341,14922,2.8123865127563477
large-sc341,14963,2.7659218311309814
large-sc341,14998,2.7703664302825928
large-sc341,15037,2.730334758758545
large-sc341,15048,2.711303949356079
large-sc341,15051,2.6899566650390625
large-sc341,15053,2.7535717487335205
large-sc341,15063,2.687650680541992
large-sc341,15076,2.661188840866089
large-sc341,15165,2.67124605178833
large-sc341,15190,2.684474468231201
large-sc341,15217,2.7385895252227783
large-sc341,15232,2.7223823070526123
large-sc341,15251,2.6297855377197266
large-sc341,15255,2.757481575012207
large-sc341,15285,2.667302131652832
large-sc341,15292,2.6684536933898926
large-sc341,15300,2.68638277053833
large-sc341,15302,2.741239547729492
large-sc341,15303,2.571321964263916
large-sc341,15313,2.6690573692321777
large-sc341,15315,2.7344179153442383
large-sc341,15318,2.7093029022216797
large-sc341,15323,2.7329254150390625
large-sc341,15328,2.681065797805786
large-sc341,15351,2.691479206085205
large-sc341,15365,2.7410640716552734
large-sc341,15375,2.7269463539123535
large-sc341,15408,2.7201590538024902
large-sc341,15430,2.7147092819213867
large-sc341,15467,2.7296533584594727
large-sc341,15511,2.718641996383667
large-sc341,15519,2.7673072814941406
large-sc341,15547,2.719208240509033
large-sc341,15549,2.804682731628418
large-sc341,15608,2.6797499656677246
large-sc341,15612,2.7503976821899414
large-sc341,15613,2.7029857635498047
large-sc341,15614,2.7786145210266113
large-sc341,15616,2.6545848846435547
large-sc341,15644,2.673649311065674
large-sc341,15662,2.7012109756469727
large-sc341,15683,2.6005611419677734
large-sc341,15722,2.649275302886963
large-sc341,15743,2.665403366088867
large-sc341,15772,2.703780174255371
large-sc341,15788,2.691469192504883
large-sc341,15821,2.6574153900146484
large-sc341,15828,2.656905174255371
large-sc341,15836,2.6764559745788574
large-sc341,15878,2.7470452785491943
large-sc341,15887,2.6952390670776367
large-sc341,15924,2.7244954109191895
large-sc341,15928,2.7345197200775146
large-sc341,15941,2.7462010383605957
large-sc341,15956,2.7352304458618164
large-sc341,15961,2.7386679649353027
large-sc341,15978,2.6907896995544434
large-sc341,15982,2.6638855934143066
large-sc341,15986,2.693502902984619
large-sc341,16008,2.6319494247436523
large-sc341,16013,2.676283121109009
large-sc341,16015,2.6110920906066895
large-sc341,16025,2.7237932682037354
large-sc341,16036,2.689018964767456
large-sc341,16044,2.6720800399780273
large-sc341,16051,2.5020761489868164
large-sc341,16056,2.6324687004089355
large-sc341,16061,2.583775520324707
large-sc341,16067,2.598771333694458
large-sc341,16088,2.5958847999572754
large-sc341,16101,2.6144862174987793
large-sc341,16105,2.6118431091308594
large-sc341,16126,2.6589066982269287
large-sc341,16161,2.588223695755005
large-sc341,16202,2.599604845046997
large-sc341,16207,2.6902830600738525
large-sc341,16209,2.6505489349365234
large-sc341,16212,2.6106576919555664
large-sc341,16250,2.6292738914489746
large-sc341,16304,2.5670268535614014
large-sc341,16309,2.5488345623016357
large-sc341,16310,2.669928550720215
large-sc341,16314,2.4908242225646973
large-sc341,16320,2.614717960357666
large-sc341,16330,2.65512752532959
large-sc341,16339,2.6462035179138184
large-sc341,16342,2.5491271018981934
large-sc341,16368,2.644740104675293
large-sc341,16369,2.5849485397338867
large-sc341,16371,2.5927793979644775
large-sc341,16424,2.6117072105407715
large-sc341,16445,2.6265974044799805
large-sc341,16449,2.596515655517578
large-sc341,16497,2.651901960372925
large-sc341,16526,2.564680576324463
large-sc341,16537,2.6174917221069336
large-sc341,16559,2.650266647338867
large-sc341,16569,2.6275365352630615
large-sc341,16573,2.678551197052002
large-sc341,16612,2.6350483894348145
large-sc341,16620,2.6014270782470703
large-sc341,16711,2.596827983856201
large-sc341,16722,2.5918593406677246
large-sc341,16759,2.4618818759918213
large-sc341,16760,2.5983543395996094
large-sc341,16778,2.6345953941345215
large-sc341,16781,2.548585891723633
large-sc341,16831,2.6037416458129883
large-sc341,16843,2.582695245742798
large-sc341,16854,2.5658140182495117
large-sc341,16872,2.618826389312744
large-sc341,16882,2.471707344055176
large-sc341,16890,2.576399087905884
large-sc341,16915,2.563337802886963
large-sc341,16925,2.507176160812378
large-sc341,16940,2.5968801975250244
large-sc341,16945,2.518359899520874
large-sc341,16947,2.513829231262207
large-sc341,16960,2.539393663406372
large-sc341,16980,2.5283446311950684
large-sc341,16988,2.5244438648223877
large-sc341,16995,2.5643887519836426
large-sc341,17005,2.591798782348633
large-sc341,17007,2.565086603164673
large-sc341,17012,2.5446226596832275
large-sc341,17024,2.5742735862731934
large-sc341,17102,2.5230019092559814
large-sc341,17104,2.5689427852630615
large-sc341,17115,2.568552255630493
large-sc341,17118,2.5265026092529297
large-sc341,17126,2.5956971645355225
large-sc341,17164,2.5622811317443848
large-sc341,17207,2.505755662918091
large-sc341,17213,2.5806057453155518
large-sc341,17223,2.5577025413513184
large-sc341,17237,2.5239696502685547
large-sc341,17288,2.662076473236084
large-sc341,17298,2.596713066101074
large-sc341,17309,2.6034293174743652
large-sc341,17315,2.544487714767456
large-sc341,17325,2.510692596435547
large-sc341,17334,2.4804306030273438
large-sc341,17370,2.540590286254883
large-sc341,17373,2.567100763320923
large-sc341,17376,2.524287700653076
large-sc341,17406,2.4936482906341553
large-sc341,17427,2.5049922466278076
large-sc341,17445,2.526174306869507
large-sc341,17457,2.5457139015197754
large-sc341,17460,2.5118422508239746
large-sc341,17461,2.5178825855255127
large-sc341,17462,2.484988212585449
large-sc341,17464,2.5480501651763916
large-sc341,17508,2.524393081665039
large-sc341,17512,2.543952465057373
large-sc341,17515,2.5347700119018555
large-sc341,17518,2.487128734588623
large-sc341,17521,2.528114080429077
large-sc341,17528,2.493406295776367
large-sc341,17542,2.4693644046783447
large-sc341,17550,2.468146562576294
large-sc341,17552,2.4584271907806396
large-sc341,17569,2.484975814819336
large-sc341,17587,2.4722609519958496
large-sc341,17606,2.5046463012695312
large-sc341,17621,2.4910876750946045
large-sc341,17631,2.5369508266448975
large-sc341,17643,2.479806423187256
large-sc341,17650,2.4407644271850586
large-sc341,17652,2.489480495452881
large-sc341,17661,2.456752061843872
large-sc341,17680,2.501317024230957
large-sc341,17683,2.4600186347961426
large-sc341,17709,2.4795141220092773
large-sc341,17711,2.528432846069336
large-sc341,17741,2.5825395584106445
large-sc341,17767,2.544156074523926
large-sc341,17782,2.5194778442382812
large-sc341,17808,2.5424859523773193
large-sc341,17820,2.4962615966796875
large-sc341,17836,2.56965970993042
large-sc341,17859,2.4965314865112305
large-sc341,17865,2.507840394973755
large-sc341,17884,2.50201153755188
large-sc341,17886,2.52524995803833
large-sc341,17920,2.473846435546875
large-sc341,17929,2.4990670680999756
large-sc341,17966,2.4882137775421143
large-sc341,18027,2.492976427078247
large-sc341,18033,2.4941766262054443
large-sc341,18039,2.435698986053467
large-sc341,18092,2.4614574909210205
large-sc341,18099,2.4780683517456055
large-sc341,18104,2.470872402191162
large-sc341,18115,2.5059685707092285
large-sc341,18118,2.575770854949951
large-sc341,18124,2.482940196990967
large-sc341,18126,2.5368597507476807
large-sc341,18141,2.562404155731201
large-sc341,18148,2.5496790409088135
large-sc341,18152,2.607138156890869
large-sc341,18168,2.4245176315307617
large-sc341,18180,2.443310260772705
large-sc341,18194,2.503202438354492
large-sc341,18202,2.447929620742798
large-sc341,18214,2.490443706512451
large-sc341,18233,2.489457130432129
large-sc341,18236,2.480048656463623
large-sc341,18248,2.461702823638916
large-sc341,18274,2.4301233291625977
large-sc341,18292,2.487441062927246
large-sc341,18293,2.5001721382141113
large-sc341,18294,2.5373029708862305
large-sc341,18307,2.394146203994751
large-sc341,18333,2.3883705139160156
large-sc341,18346,2.561732292175293
large-sc341,18361,2.465644359588623
large-sc341,18365,2.4781925678253174
large-sc341,18394,2.4402191638946533
large-sc341,18433,2.459897518157959
large-sc341,18439,2.538132429122925
large-sc341,18486,2.439171552658081
large-sc341,18500,2.486821413040161
large-sc341,18515,2.431213617324829
large-sc341,18516,2.3828787803649902
large-sc341,18525,2.4178104400634766
large-sc341,18565,2.4768075942993164
large-sc341,18583,2.427865505218506
large-sc341,18644,2.4526755809783936
large-sc341,18654,2.438875198364258
large-sc341,18668,2.4660181999206543
large-sc341,18673,2.463372230529785
large-sc341,18675,2.4819326400756836
large-sc341,18680,2.4379663467407227
large-sc341,18687,2.4393484592437744
large-sc341,18784,2.390410900115967
large-sc341,18798,2.398037910461426
large-sc341,18804,2.37712025642395
large-sc341,18816,2.387598991394043
large-sc341,18844,2.347177505493164
large-sc341,18853,2.347032308578491
large-sc341,18870,2.4274110794067383
large-sc341,18906,2.4203383922576904
large-sc341,18929,2.45272159576416
large-sc341,18937,2.404038906097412
large-sc341,18947,2.4141478538513184
large-sc341,18952,2.3287346363067627
large-sc341,18963,2.4657092094421387
large-sc341,19012,2.399273633956909
large-sc341,19030,2.3670756816864014
large-sc341,19037,2.41988468170166
large-sc341,19048,2.3561506271362305
large-sc341,19055,2.3819503784179688
large-sc341,19063,2.347519874572754
large-sc341,19068,2.4144787788391113
large-sc341,19102,2.3696794509887695
large-sc341,19108,2.389993667602539
large-sc341,19117,2.3817174434661865
large-sc341,19120,2.429203510284424
large-sc341,19145,2.3696699142456055
large-sc341,19166,2.380709171295166
large-sc341,19167,2.35141658782959
large-sc341,19180,2.436612367630005
large-sc341,19182,2.348008155822754
large-sc341,19242,2.4215426445007324
large-sc341,19262,2.3635501861572266
large-sc341,19267,2.3380446434020996
large-sc341,19270,2.385676383972168
large-sc341,19287,2.3913068771362305
large-sc341,19291,2.3705646991729736
large-sc341,19298,2.4465198516845703
large-sc341,19304,2.3627686500549316
large-sc341,19317,2.3603663444519043
large-sc341,19354,2.406179189682007
large-sc341,19369,2.4459776878356934
large-sc341,19378,2.394723892211914
large-sc341,19386,2.40134596824646
large-sc341,19392,2.3788957595825195
large-sc341,19395,2.383659601211548
large-sc341,19402,2.4057071208953857
large-sc341,19409,2.4053242206573486
large-sc341,19410,2.4342188835144043
large-sc341,19420,2.3573811054229736
large-sc341,19449,2.3748791217803955
large-sc341,19453,2.4207170009613037
large-sc341,19476,2.4514458179473877
large-sc341,19479,2.3890881538391113
large-sc341,19502,2.36372709274292
large-sc341,19512,2.326509952545166
large-sc341,19514,2.4152352809906006
large-sc341,19532,2.3526620864868164
large-sc341,19535,2.3604283332824707
large-sc341,19576,2.35001277923584
large-sc341,19577,2.4202780723571777
large-sc341,19584,2.4144887924194336
large-sc341,19596,2.351069688796997
large-sc341,19597,2.4141387939453125
large-sc341,19604,2.3725697994232178
large-sc341,19620,2.3426458835601807
large-sc341,19621,2.359020709991455
large-sc341,19627,2.411203384399414
large-sc341,19628,2.3416738510131836
large-sc341,19629,2.4497122764587402
large-sc341,19633,2.3699820041656494
large-sc341,19655,2.3784074783325195
large-sc341,19685,2.366230010986328
large-sc341,19686,2.3088293075561523
large-sc341,19696,2.35506272315979
large-sc341,19700,2.390886068344116
large-sc341,19704,2.322951555252075
large-sc341,19715,2.289154529571533
large-sc341,19739,2.2973451614379883
large-sc341,19750,2.3317501544952393
large-sc341,19762,2.3640689849853516
large-sc341,19768,2.3214035034179688
large-sc341,19769,2.3580973148345947
large-sc341,19781,2.3150882720947266
large-sc341,19785,2.270928382873535
large-sc341,19786,2.342139482498169
large-sc341,19809,2.3331289291381836
large-sc341,19828,2.2761433124542236
large-sc341,19845,2.365992546081543
large-sc341,19860,2.337101459503174
large-sc341,19873,2.3448803424835205
large-sc341,19875,2.297473669052124
large-sc341,19888,2.390880584716797
large-sc341,19893,2.2887930870056152
large-sc341,19897,2.389500141143799
large-sc341,19913,2.328701972961426
large-sc341,19970,2.3689520359039307
large-sc341,19990,2.4088523387908936
large-sc341,19992,2.3990554809570312
large-sc341,20066,2.2777814865112305
large-sc341,20072,2.3027992248535156
large-sc341,20083,2.2867612838745117
large-sc341,20084,2.317012310028076
large-sc341,20085,2.318657159805298
large-sc341,20129,2.318039655685425
large-sc341,20203,2.306598663330078
large-sc341,20204,2.3891024589538574
large-sc341,20214,2.310939311981201
large-sc341,20216,2.3459925651550293
large-sc341,20231,2.3545162677764893
large-sc341,20277,2.3629918098449707
large-sc341,20278,2.3458313941955566
large-sc341,20308,2.29298734664917
large-sc341,20312,2.3897509574890137
large-sc341,20314,2.2872159481048584
large-sc341,20324,2.321443557739258
large-sc341,20343,2.3703665733337402
large-sc341,20348,2.3314709663391113
large-sc341,20353,2.31252384185791
large-sc341,20354,2.296135663986206
large-sc341,20360,2.3427181243896484
large-sc341,20377,2.2460498809814453
large-sc341,20385,2.3119330406188965
large-sc341,20388,2.2482705116271973
large-sc341,20402,2.2378220558166504
large-sc341,20406,2.3480191230773926
large-sc341,20419,2.3084335327148438
large-sc341,20422,2.373445510864258
large-sc341,20428,2.308497905731201
large-sc341,20450,2.3576877117156982
large-sc341,20511,2.301030158996582
large-sc341,20527,2.280040740966797
large-sc341,20529,2.3393073081970215
large-sc341,20530,2.334575653076172
large-sc341,20544,2.29917573928833
large-sc341,20582,2.287334442138672
large-sc341,20594,2.3307809829711914
large-sc341,20602,2.3157474994659424
large-sc341,20609,2.3173775672912598
large-sc341,20619,2.303004503250122
large-sc341,20625,2.3041231632232666
large-sc341,20654,2.2737176418304443
large-sc341,20685,2.275146007537842
large-sc341,20734,2.3496079444885254
large-sc341,20748,2.2246484756469727
large-sc341,20764,2.296969175338745
large-sc341,20768,2.207335948944092
large-sc341,20827,2.229224681854248
large-sc341,20874,2.3179032802581787
large-sc341,20895,2.3039562702178955
large-sc341,20901,2.233334541320801
large-sc341,20907,2.336625576019287
large-sc341,20927,2.282947063446045
large-sc341,20932,2.262281656265259
large-sc341,20946,2.289294958114624
large-sc341,20968,2.2947967052459717
large-sc341,20973,2.2041211128234863
large-sc341,20987,2.287724494934082
large-sc341,20995,2.225254535675049
large-sc341,21012,2.211026191711426
large-sc341,21014,2.2332770824432373
large-sc341,21057,2.258009433746338
large-sc341,21070,2.255751132965088
large-sc341,21083,2.2878780364990234
large-sc341,21097,2.1513381004333496
large-sc341,21103,2.3047337532043457
large-sc341,21122,2.318976640701294
large-sc341,21131,2.2563772201538086
large-sc341,21159,2.307628870010376
large-sc341,21164,2.271881580352783
large-sc341,21165,2.2325778007507324
large-sc341,21174,2.240628719329834
large-sc341,21194,2.2603659629821777
large-sc341,21201,2.3038058280944824
large-sc341,21209,2.2542574405670166
large-sc341,21224,2.2422351837158203
large-sc341,21239,2.2922110557556152
large-sc341,21253,2.248734712600708
large-sc341,21282,2.272799253463745
large-sc341,21299,2.2415924072265625
large-sc341,21336,2.2076077461242676
large-sc341,21343,2.2665579319000244
large-sc341,21355,2.2673587799072266
large-sc341,21389,2.2835607528686523
large-sc341,21419,2.34140682220459
large-sc341,21464,2.3169469833374023
large-sc341,21476,2.2021756172180176
large-sc341,21478,2.2550745010375977
large-sc341,21486,2.2014899253845215
large-sc341,21487,2.2767438888549805
large-sc341,21554,2.2322070598602295
large-sc341,21574,2.2703442573547363
large-sc341,21588,2.2780680656433105
large-sc341,21614,2.253662586212158
large-sc341,21647,2.214114189147949
large-sc341,21678,2.2837417125701904
large-sc341,21720,2.215160846710205
large-sc341,21727,2.278776168823242
large-sc341,21734,2.2308738231658936
large-sc341,21735,2.199714183807373
large-sc341,21744,2.241952896118164
large-sc341,21759,2.288888454437256
large-sc341,21767,2.244807720184326
large-sc341,21768,2.198342800140381
large-sc341,21770,2.2666666507720947
large-sc341,21776,2.2501726150512695
large-sc341,21810,2.240368604660034
large-sc341,21813,2.201934576034546
large-sc341,21832,2.287637948989868
large-sc341,21836,2.227322578430176
large-sc341,21845,2.183623790740967
large-sc341,21867,2.268784523010254
large-sc341,21875,2.2833988666534424
large-sc341,21913,2.237865924835205
large-sc341,21924,2.167858600616455
large-sc341,21966,2.1930642127990723
large-sc341,21977,2.247006416320801
large-sc341,21981,2.189000368118286
large-sc341,22003,2.2065272331237793
large-sc341,22013,2.230372190475464
large-sc341,22029,2.267585039138794
large-sc341,22035,2.2188611030578613
large-sc341,22052,2.2243707180023193
large-sc341,22061,2.227374792098999
large-sc341,22064,2.2161993980407715
large-sc341,22068,2.189380168914795
large-sc341,22101,2.2438442707061768
large-sc341,22151,2.2578468322753906
large-sc341,22157,2.202763557434082
large-sc341,22173,2.2196249961853027
large-sc341,22190,2.2909276485443115
large-sc341,22253,2.2487528324127197
large-sc341,22280,2.226588487625122
large-sc341,22298,2.2680232524871826
large-sc341,22305,2.171720027923584
large-sc341,22310,2.1756479740142822
large-sc341,22346,2.2409393787384033
large-sc341,22379,2.198692798614502
large-sc341,22400,2.2505149841308594
large-sc341,22411,2.205808162689209
large-sc341,22415,2.21291446685791
large-sc341,22436,2.240318775177002
large-sc341,22444,2.2916712760925293
large-sc341,22471,2.1976001262664795
large-sc341,22498,2.23561954498291
large-sc341,22523,2.1819045543670654
large-sc341,22539,2.2275643348693848
large-sc341,22554,2.1908583641052246
large-sc341,22557,2.2284460067749023
large-sc341,22578,2.1800570487976074
large-sc341,22591,2.192873001098633
large-sc341,22607,2.135085105895996
large-sc341,22618,2.210771322250366
large-sc341,22625,2.164534568786621
large-sc341,22655,2.209291458129883
large-sc341,22671,2.1915698051452637
large-sc341,22678,2.1551952362060547
large-sc341,22695,2.18422532081604
large-sc341,22709,2.163818836212158
large-sc341,22724,2.21444034576416
large-sc341,22731,2.248034954071045
large-sc341,22732,2.2253897190093994
large-sc341,22748,2.181817054748535
large-sc341,22775,2.2178795337677
large-sc341,22786,2.195209264755249
large-sc341,22795,2.2198524475097656
large-sc341,22802,2.1902244091033936
large-sc341,22836,2.1692750453948975
large-sc341,22861,2.184448719024658
large-sc341,22900,2.1909234523773193
large-sc341,22922,2.146178722381592
large-sc341,22927,2.192443370819092
large-sc341,22930,2.1457834243774414
large-sc341,22943,2.1248245239257812
large-sc341,22975,2.1408557891845703
large-sc341,22987,2.1552600860595703
large-sc341,23000,2.1626853942871094
large-sc341,23001,2.1960012912750244
large-sc341,23004,2.124509811401367
large-sc341,23038,2.114917755126953
large-sc341,23066,2.1502914428710938
large-sc341,23074,2.210944175720215
large-sc341,23101,2.164796829223633
large-sc341,23116,2.20859432220459
large-sc341,23120,2.191251277923584
large-sc341,23155,2.113121509552002
large-sc341,23163,2.118173599243164
large-sc341,23211,2.1425812244415283
large-sc341,23225,2.1192355155944824
large-sc341,23243,2.165457248687744
large-sc341,23249,2.124844789505005
large-sc341,23251,2.203416109085083
large-sc341,23262,2.2106916904449463
large-sc341,23279,2.231013298034668
large-sc341,23309,2.2104783058166504
large-sc341,23317,2.1409387588500977
large-sc341,23323,2.0868825912475586
large-sc341,23325,2.16226863861084
large-sc341,23335,2.2489113807678223
large-sc341,23341,2.226924419403076
large-sc341,23343,2.1799635887145996
large-sc341,23367,2.151183605194092
large-sc341,23370,2.2275850772857666
large-sc341,23376,2.1662368774414062
large-sc341,23381,2.183685779571533
large-sc341,23414,2.182964563369751
large-sc341,23427,2.067650556564331
large-sc341,23446,2.215052366256714
large-sc341,23471,2.17120361328125
large-sc341,23475,2.112654447555542
large-sc341,23476,2.1477389335632324
large-sc341,23512,2.1484622955322266
large-sc341,23525,2.1482787132263184
large-sc341,23534,2.1592912673950195
large-sc341,23540,2.2294256687164307
large-sc341,23541,2.1487746238708496
large-sc341,23543,2.1429405212402344
large-sc341,23596,2.152576446533203
large-sc341,23628,2.1827445030212402
large-sc341,23653,2.1069111824035645
large-sc341,23671,2.227257490158081
large-sc341,23757,2.1130571365356445
large-sc341,23764,2.181826114654541
large-sc341,23773,2.171264886856079
large-sc341,23785,2.141171455383301
large-sc341,23796,2.081134557723999
large-sc341,23801,2.0985143184661865
large-sc341,23815,2.128584384918213
large-sc341,23819,2.147965669631958
large-sc341,23835,2.143134593963623
large-sc341,23836,2.1193785667419434
large-sc341,23860,2.1155753135681152
large-sc341,23871,2.1836018562316895
large-sc341,23879,2.1453301906585693
large-sc341,23881,2.0514132976531982
large-sc341,23891,2.1528279781341553
large-sc341,23920,2.1852142810821533
large-sc341,23934,2.1624248027801514
large-sc341,23936,2.17020845413208
large-sc341,23943,2.1201748847961426
large-sc341,23949,2.1377949714660645
large-sc341,23966,2.112802743911743
large-sc341,23973,2.1583504676818848
large-sc341,24004,2.1846680641174316
large-sc341,24009,2.113400936126709
large-sc341,24015,2.098813056945801
large-sc341,24028,2.147383689880371
large-sc341,24056,2.107937812805176
large-sc341,24080,2.1826648712158203
large-sc341,24115,2.139101982116699
large-sc341,24124,2.1067538261413574
large-sc341,24173,2.164456844329834
large-sc341,24189,2.149644374847412
large-sc341,24209,2.1741011142730713
large-sc341,24212,2.144742012023926
large-sc341,24213,2.1074576377868652
large-sc341,24218,2.1360979080200195
large-sc341,24225,2.1641926765441895
large-sc341,24250,2.085319757461548
large-sc341,24257,2.151163101196289
large-sc341,24263,2.106501579284668
large-sc341,24302,2.1231613159179688
large-sc341,24305,2.1768240928649902
large-sc341,24332,2.0955886840820312
large-sc341,24369,2.1727640628814697
large-sc341,24389,2.0976758003234863
large-sc341,24409,2.1846230030059814
large-sc341,24420,2.147554636001587
large-sc341,24430,2.1353580951690674
large-sc341,24442,2.090080499649048
large-sc341,24484,2.1504673957824707
large-sc341,24512,2.092351198196411
large-sc341,24525,2.160003662109375
large-sc341,24534,2.1264007091522217
large-sc341,24543,2.1016507148742676
large-sc341,24569,2.2055342197418213
large-sc341,24583,2.1671814918518066
large-sc341,24597,2.1270816326141357
large-sc341,24598,2.1086273193359375
large-sc341,24625,2.116276979446411
large-sc341,24635,2.071409225463867
large-sc341,24654,2.1083598136901855
large-sc341,24661,2.0602214336395264
large-sc341,24668,2.0556678771972656
large-sc341,24711,2.0596861839294434
large-sc341,24721,2.120703935623169
large-sc341,24745,2.0371956825256348
large-sc341,24749,2.0786447525024414
large-sc341,24756,2.0567514896392822
large-sc341,24794,2.1619181632995605
large-sc341,24831,2.1322827339172363
large-sc341,24848,2.062891960144043
large-sc341,24881,2.144057035446167
large-sc341,24887,2.1071858406066895
large-sc341,24893,2.1579697132110596
large-sc341,24896,2.1729414463043213
large-sc341,24908,2.1250767707824707
large-sc341,24925,2.0757405757904053
large-sc341,24928,2.0688982009887695
large-sc341,24946,2.0720338821411133
large-sc341,24947,2.151616096496582
large-sc341,24955,2.126948595046997
large-sc341,24963,2.138094425201416
large-sc341,24966,2.0145211219787598
large-sc341,24969,2.104809045791626
large-sc341,25003,2.1240763664245605
large-sc341,25021,2.156277894973755
large-sc341,25040,2.082566261291504
large-sc341,25070,2.1461312770843506
large-sc341,25077,2.086577892303467
large-sc341,25094,2.069920539855957
large-sc341,25132,2.1633176803588867
large-sc341,25159,2.116133689880371
large-sc341,25162,2.1116623878479004
large-sc341,25178,2.0761032104492188
large-sc341,25226,2.0764923095703125
large-sc341,25234,2.1199355125427246
large-sc341,25250,2.131711006164551
large-sc341,25276,2.006206512451172
large-sc341,25288,2.15850830078125
large-sc341,25296,2.1460483074188232
large-sc341,25302,2.1176207065582275
large-sc341,25315,2.071902275085449
large-sc341,25328,2.1008801460266113
large-sc341,25353,2.079474925994873
large-sc341,25359,2.0806102752685547
large-sc341,25369,2.099165916442871
large-sc341,25375,2.0673561096191406
large-sc341,25386,2.0829577445983887
large-sc341,25393,2.1279006004333496
large-sc341,25401,2.113194227218628
large-sc341,25404,2.03462553024292
large-sc341,25405,2.0583558082580566
large-sc341,25415,2.07076358795166
large-sc341,25468,2.1036505699157715
large-sc341,25476,2.1078805923461914
large-sc341,25483,2.110358715057373
large-sc341,25508,2.085500955581665
large-sc341,25555,2.1202280521392822
large-sc341,25575,2.1282668113708496
large-sc341,25599,2.058945655822754
large-sc341,25605,2.117626905441284
large-sc341,25608,2.07161283493042
large-sc341,25611,2.132976770401001
large-sc341,25619,2.0690155029296875
large-sc341,25631,2.1039674282073975
large-sc341,25705,2.099329710006714
large-sc341,25713,2.057466506958008
large-sc341,25716,2.117504835128784
large-sc341,25736,2.022587537765503
large-sc341,25747,2.1168110370635986
large-sc341,25756,2.0759449005126953
large-sc341,25788,2.096599578857422
large-sc341,25791,2.1146419048309326
large-sc341,25792,2.0848538875579834
large-sc341,25793,2.1131324768066406
large-sc341,25824,2.073957920074463
large-sc341,25845,2.0966286659240723
large-sc341,25849,2.0551815032958984
large-sc341,25852,2.0242223739624023
large-sc341,25860,2.057770013809204
large-sc341,25895,2.0502164363861084
large-sc341,25941,2.066192388534546
large-sc341,25951,2.1454195976257324
large-sc341,25955,2.1319525241851807
large-sc341,25975,2.0892231464385986
large-sc341,26004,2.069272756576538
large-sc341,26008,2.0546092987060547
large-sc341,26036,1.9953362941741943
large-sc341,26066,2.0326180458068848
large-sc341,26073,2.04532527923584
large-sc341,26074,2.046515464782715
large-sc341,26084,2.1123037338256836
large-sc341,26090,2.143022298812866
large-sc341,26101,2.127946376800537
large-sc341,26121,2.0035314559936523
large-sc341,26131,2.1190638542175293
large-sc341,26152,2.0617594718933105
large-sc341,26181,2.0807173252105713
large-sc341,26182,1.9940943717956543
large-sc341,26185,2.1046104431152344
large-sc341,26189,2.103614091873169
large-sc341,26228,2.06073260307312
large-sc341,26279,2.081449031829834
large-sc341,26286,1.9861606359481812
large-sc341,26287,2.101065158843994
large-sc341,26304,2.045549154281616
large-sc341,26313,2.069669485092163
large-sc341,26322,2.0836148262023926
large-sc341,26394,2.06561279296875
large-sc341,26408,2.0169646739959717
large-sc341,26422,2.06864595413208
large-sc341,26433,2.1012091636657715
large-sc341,26444,2.0912184715270996
large-sc341,26447,2.1581802368164062
large-sc341,26453,2.101369857788086
large-sc341,26464,2.0108389854431152
large-sc341,26474,2.0334010124206543
large-sc341,26479,2.051051616668701
large-sc341,26483,2.0769073963165283
large-sc341,26487,2.103736400604248
large-sc341,26492,2.057478666305542
large-sc341,26502,2.0915822982788086
large-sc341,26524,2.0751917362213135
large-sc341,26538,2.0226433277130127
large-sc341,26566,2.0766758918762207
large-sc341,26591,2.051056385040283
large-sc341,26624,2.010798454284668
large-sc341,26625,2.053030014038086
large-sc341,26644,2.0605294704437256
large-sc341,26646,2.0678036212921143
large-sc341,26679,2.016669988632202
large-sc341,26708,2.1105942726135254
large-sc341,26728,2.0798816680908203
large-sc341,26735,2.0583863258361816
large-sc341,26743,2.076061487197876
large-sc341,26763,2.0669302940368652
large-sc341,26772,2.1255698204040527
large-sc341,26792,2.0625882148742676
large-sc341,26793,2.0899674892425537
large-sc341,26796,2.0932505130767822
large-sc341,26816,2.0775697231292725
large-sc341,26836,2.0822746753692627
large-sc341,26843,2.0603084564208984
large-sc341,26857,2.0560102462768555
large-sc341,26858,2.0581722259521484
large-sc341,26863,2.0803980827331543
large-sc341,26880,2.019421100616455
large-sc341,26897,2.0829319953918457
large-sc341,26979,2.019979238510132
large-sc341,27031,2.029419183731079
large-sc341,27055,2.069249391555786
large-sc341,27057,2.072490930557251
large-sc341,27063,2.1504812240600586
large-sc341,27068,1.974002718925476
large-sc341,27070,2.007824659347534
large-sc341,27072,2.088916301727295
large-sc341,27074,2.072981357574463
large-sc341,27076,2.055628776550293
large-sc341,27103,2.030580520629883
large-sc341,27119,2.0762906074523926
large-sc341,27129,2.060020923614502
large-sc341,27134,2.028409481048584
large-sc341,27138,2.098958969116211
large-sc341,27140,2.0409274101257324
large-sc341,27148,2.042632579803467
large-sc341,27152,2.01102876663208
large-sc341,27157,2.074913263320923
large-sc341,27158,2.0637736320495605
large-sc341,27159,2.0966086387634277
large-sc341,27166,2.069143056869507
large-sc341,27177,2.041149854660034
large-sc341,27182,2.0187063217163086
large-sc341,27186,2.0299172401428223
large-sc341,27192,2.089676856994629
large-sc341,27202,2.050452947616577
large-sc341,27207,2.0247139930725098
large-sc341,27258,2.088176727294922
large-sc341,27260,2.0409364700317383
large-sc341,27270,2.037628173828125
large-sc341,27285,1.976515769958496
large-sc341,27322,2.0532541275024414
large-sc341,27343,2.034074306488037
large-sc341,27357,2.0711493492126465
large-sc341,27358,2.10577130317688
large-sc341,27364,2.0514116287231445
large-sc341,27369,2.052098035812378
large-sc341,27440,2.040595531463623
large-sc341,27463,2.024869441986084
large-sc341,27465,2.068284749984741
large-sc341,27489,2.003051996231079
large-sc341,27510,2.0255441665649414
large-sc341,27523,2.0683345794677734
large-sc341,27530,1.9828765392303467
large-sc341,27568,2.0342679023742676
large-sc341,27587,2.015035629272461
large-sc341,27589,2.0408263206481934
large-sc341,27598,2.0346856117248535
large-sc341,27610,2.054600954055786
large-sc341,27626,2.0414071083068848
large-sc341,27630,2.0128860473632812
large-sc341,27633,1.9642655849456787
large-sc341,27656,2.048917770385742
large-sc341,27666,2.0928521156311035
large-sc341,27696,2.083223342895508
large-sc341,27697,2.053718090057373
large-sc341,27706,2.0777900218963623
large-sc341,27721,2.0921144485473633
large-sc341,27730,2.0481653213500977
large-sc341,27743,2.0604662895202637
large-sc341,27749,1.9946637153625488
large-sc341,27769,2.0611348152160645
large-sc341,27817,2.099968671798706
large-sc341,27820,2.0376334190368652
large-sc341,27828,2.057525634765625
large-sc341,27888,2.0907914638519287
large-sc341,27947,2.00778865814209
large-sc341,27968,2.0235166549682617
large-sc341,27971,2.0605268478393555
large-sc341,27990,2.014519691467285
large-sc341,28002,2.030752182006836
large-sc341,28039,2.0696239471435547
large-sc341,28051,2.034247636795044
large-sc341,28053,2.031526565551758
large-sc341,28054,2.0526676177978516
large-sc341,28055,2.0411391258239746
large-sc341,28064,2.0369625091552734
large-sc341,28073,2.049283266067505
large-sc341,28084,2.0450921058654785
large-sc341,28102,2.0588204860687256
large-sc341,28105,2.0311381816864014
large-sc341,28107,2.0260281562805176
large-sc341,28118,2.0475144386291504
large-sc341,28121,2.0258374214172363
large-sc341,28124,2.0007972717285156
large-sc341,28138,2.073298931121826
large-sc341,28149,1.9835771322250366
large-sc341,28155,1.9724441766738892
large-sc341,28168,2.054083824157715
large-sc341,28170,2.0161585807800293
large-sc341,28171,1.9941349029541016
large-sc341,28209,2.0006325244903564
large-sc341,28213,2.063141107559204
large-sc341,28219,2.0120534896850586
large-sc341,28223,2.084526538848877
large-sc341,28233,2.0603270530700684
large-sc341,28234,2.0185725688934326
large-sc341,28245,2.0405807495117188
large-sc341,28256,2.1070749759674072
large-sc341,28270,2.021254301071167
large-sc341,28312,2.058366537094116
large-sc341,28346,1.9786226749420166
large-sc341,28349,2.0562899112701416
large-sc341,28353,2.028913974761963
large-sc341,28354,2.031714677810669
large-sc341,28389,2.0597949028015137
large-sc341,28399,2.0529913902282715
large-sc341,28403,2.063753128051758
large-sc341,28410,2.063324213027954
large-sc341,28416,2.036953926086426
large-sc341,28420,1.998037576675415
large-sc341,28421,2.0895352363586426
large-sc341,28424,2.0446724891662598
large-sc341,28442,1.9956934452056885
large-sc341,28476,2.0628204345703125
large-sc341,28483,2.0279765129089355
large-sc341,28489,2.078289270401001
large-sc341,28491,2.0139288902282715
large-sc341,28493,2.0186479091644287
large-sc341,28506,2.0437581539154053
large-sc341,28529,2.022810459136963
large-sc341,28534,1.9885501861572266
large-sc341,28558,2.029942512512207
large-sc341,28564,2.039820671081543
large-sc341,28580,1.9620178937911987
large-sc341,28635,2.0552244186401367
large-sc341,28641,1.987210750579834
large-sc341,28646,2.0219857692718506
large-sc341,28672,1.96675443649292
large-sc341,28676,2.0440173149108887
large-sc341,28687,2.030052423477173
large-sc341,28709,2.048084259033203
large-sc341,28716,1.9990973472595215
large-sc341,28741,2.052793264389038
large-sc341,28749,2.005218982696533
large-sc341,28750,2.030311346054077
large-sc341,28812,1.960965633392334
large-sc341,28818,2.0478692054748535
large-sc341,28824,2.0649423599243164
large-sc341,28826,1.9571940898895264
large-sc341,28836,2.107543468475342
large-sc341,28853,2.0040268898010254
large-sc341,28944,2.037111759185791
large-sc341,28952,1.9993982315063477
large-sc341,28958,2.0432465076446533
large-sc341,28975,2.0205211639404297
large-sc341,28988,2.079646110534668
large-sc341,29023,2.033029556274414
large-sc341,29045,2.065890312194824
large-sc341,29058,2.0324490070343018
large-sc341,29066,2.043980360031128
large-sc341,29070,1.957310676574707
large-sc341,29081,2.023391008377075
large-sc341,29089,1.9497110843658447
large-sc341,29104,2.0351498126983643
large-sc341,29132,2.030644416809082
large-sc341,29146,2.0300114154815674
large-sc341,29162,1.9984524250030518
large-sc341,29178,2.0647592544555664
large-sc341,29188,2.008411407470703
large-sc341,29226,1.9964741468429565
large-sc341,29248,2.0717732906341553
large-sc341,29263,2.011176109313965
large-sc341,29276,2.0227878093719482
large-sc341,29281,1.9711058139801025
large-sc341,29299,1.9909800291061401
large-sc341,29301,2.0613749027252197
large-sc341,29317,1.9944922924041748
large-sc341,29346,2.008868932723999
large-sc341,29347,2.0329649448394775
large-sc341,29368,2.009174108505249
large-sc341,29385,2.0806217193603516
large-sc341,29413,1.977783441543579
large-sc341,29439,2.0904061794281006
large-sc341,29444,2.0469260215759277
large-sc341,29447,2.0373828411102295
large-sc341,29455,1.9890060424804688
large-sc341,29459,2.043652057647705
large-sc341,29460,2.0326974391937256
large-sc341,29461,1.9942923784255981
large-sc341,29463,2.0735602378845215
large-sc341,29473,2.046208620071411
large-sc341,29480,2.0265915393829346
large-sc341,29485,1.9949368238449097
large-sc341,29506,2.046499490737915
large-sc341,29509,2.005579948425293
large-sc341,29542,2.043093204498291
large-sc341,29567,2.0104713439941406
large-sc341,29569,2.022674083709717
large-sc341,29575,2.057583808898926
large-sc341,29586,2.0500011444091797
large-sc341,29597,2.0098965167999268
large-sc341,29598,2.040651798248291
large-sc341,29599,2.035905599594116
large-sc341,29601,2.04258394241333
large-sc341,29607,2.0555248260498047
large-sc341,29640,2.0297303199768066
large-sc341,29650,2.043694019317627
large-sc341,29690,2.0419130325317383
large-sc341,29692,2.028686285018921
large-sc341,29704,2.0104031562805176
large-sc341,29707,2.0308709144592285
large-sc341,29711,2.016596555709839
large-sc341,29719,2.0294978618621826
large-sc341,29725,1.9987057447433472
large-sc341,29737,1.9791293144226074
large-sc341,29745,2.047647714614868
large-sc341,29778,2.076695442199707
large-sc341,29828,2.0316884517669678
large-sc341,29831,1.922536849975586
large-sc341,29898,2.0379650592803955
large-sc341,29922,2.052372932434082
large-sc341,29931,2.0606911182403564
large-sc341,29968,1.9707746505737305
large-sc341,29980,2.0495810508728027
large-sc341,29982,1.9740349054336548
large-sc341,30015,2.0173068046569824
large-sc341,30039,2.0230064392089844
large-sc341,30046,2.0363857746124268
large-sc341,30062,2.035705327987671
large-sc341,30074,2.0167627334594727
large-sc341,30112,1.9721128940582275
large-sc341,30119,2.0107014179229736
large-sc341,30120,1.9854612350463867
large-sc341,30123,2.015322685241699
large-sc341,30181,2.0499560832977295
large-sc341,30185,2.024354934692383
large-sc341,30215,2.0046446323394775
large-sc341,30216,2.0139622688293457
large-sc341,30222,2.068596601486206
large-sc341,30224,2.017543315887451
large-sc341,30226,2.015360116958618
large-sc341,30254,2.0260448455810547
large-sc341,30270,1.9968814849853516
large-sc341,30284,1.9850479364395142
large-sc341,30290,2.0929505825042725
large-sc341,30294,2.036571741104126
large-sc341,30299,2.0162582397460938
large-sc341,30310,1.9860093593597412
large-sc341,30315,2.0112318992614746
large-sc341,30325,2.026068925857544
large-sc341,30398,2.051267623901367
large-sc341,30406,1.9984898567199707
large-sc341,30420,2.0473673343658447
large-sc341,30422,2.0246119499206543
large-sc341,30443,1.9947282075881958
large-sc341,30456,2.0309371948242188
large-sc341,30458,2.0417661666870117
large-sc341,30460,2.046786069869995
large-sc341,30481,2.0626680850982666
large-sc341,30495,1.998646855354309
large-sc341,30516,2.022031307220459
large-sc341,30519,2.0104639530181885
large-sc341,30537,2.044825792312622
large-sc341,30584,2.076921224594116
large-sc341,30598,1.9882739782333374
large-sc341,30627,1.9983251094818115
large-sc341,30633,2.0377650260925293
large-sc341,30659,2.050123691558838
large-sc341,30675,2.0036888122558594
large-sc341,30683,1.9926707744598389
large-sc341,30747,2.0279619693756104
large-sc341,30765,2.0073702335357666
large-sc341,30769,1.9776551723480225
large-sc341,30808,1.9765576124191284
large-sc341,30816,2.0934648513793945
large-sc341,30820,2.004906177520752
large-sc341,30827,1.9899814128875732
large-sc341,30830,2.027549982070923
large-sc341,30844,1.9732306003570557
large-sc341,30846,2.0027246475219727
large-sc341,30848,2.070580244064331
large-sc341,30864,2.0344512462615967
large-sc341,30868,2.072174072265625
large-sc341,30890,2.020693302154541
large-sc341,30924,2.0577051639556885
large-sc341,30941,1.980677843093872
large-sc341,30943,2.0365028381347656
large-sc341,30974,2.014017105102539
large-sc341,30982,2.1495251655578613
large-sc341,30988,1.9981783628463745
large-sc341,30996,2.026956558227539
large-sc341,31001,1.9995143413543701
large-sc341,31010,1.990128517150879
large-sc341,31011,2.0380876064300537
large-sc341,31050,2.02828311920166
large-sc341,31056,2.0418272018432617
large-sc341,31060,2.0183236598968506
large-sc341,31063,2.02799129486084
large-sc341,31076,1.9942715167999268
large-sc341,31083,2.0721683502197266
large-sc341,31097,2.047668933868408
large-sc341,31113,2.0173468589782715
large-sc341,31140,1.978405237197876
large-sc341,31149,2.0297131538391113
large-sc341,31156,2.008889675140381
large-sc341,31173,2.026984691619873
large-sc341,31178,1.968749761581421
large-sc341,31182,2.0244266986846924
large-sc341,31184,2.0540311336517334
large-sc341,31193,2.022528648376465
large-sc341,31194,1.99515962600708
large-sc341,31223,2.022261142730713
large-sc341,31226,1.968680739402771
large-sc341,31242,2.029618263244629
large-sc341,31254,1.9888889789581299
large-sc341,31257,1.9707436561584473
large-sc341,31265,2.02115797996521
large-sc341,31266,1.9781789779663086
large-sc341,31274,2.0159692764282227
large-sc341,31291,1.9852306842803955
large-sc1941,7,111.47532653808594
large-sc1941,14,111.63489532470703
large-sc1941,33,109.02001190185547
large-sc1941,42,105.7415542602539
large-sc1941,87,89.1561279296875
large-sc1941,90,87.15354919433594
large-sc1941,93,86.38894653320312
large-sc1941,96,85.83997344970703
large-sc1941,101,84.45085144042969
large-sc1941,136,79.97794342041016
large-sc1941,143,78.28892517089844
large-sc1941,150,78.39392852783203
large-sc1941,152,77.32392120361328
large-sc1941,192,70.72988891601562
large-sc1941,195,71.7674331665039
large-sc1941,197,71.20690155029297
large-sc1941,213,68.41915893554688
large-sc1941,238,64.43635559082031
large-sc1941,269,59.26646423339844
large-sc1941,275,58.63432693481445
large-sc1941,276,58.933414459228516
large-sc1941,319,51.911521911621094
large-sc1941,323,50.44313049316406
large-sc1941,372,42.14900207519531
large-sc1941,378,41.554115295410156
large-sc1941,382,40.65800476074219
large-sc1941,405,36.937782287597656
large-sc1941,425,33.51792907714844
large-sc1941,441,31.408309936523438
large-sc1941,444,31.320667266845703
large-sc1941,458,29.072647094726562
large-sc1941,502,24.075077056884766
large-sc1941,506,23.48468589782715
large-sc1941,511,22.47681427001953
large-sc1941,512,22.4075870513916
large-sc1941,519,22.346511840820312
large-sc1941,527,21.184959411621094
large-sc1941,531,20.5826416015625
large-sc1941,535,20.036693572998047
large-sc1941,545,19.326284408569336
large-sc1941,574,17.74649429321289
large-sc1941,584,16.750654220581055
large-sc1941,610,14.633581161499023
large-sc1941,617,13.900031089782715
large-sc1941,622,13.670146942138672
large-sc1941,629,13.614463806152344
large-sc1941,652,12.559128761291504
large-sc1941,672,11.557265281677246
large-sc1941,678,11.15567398071289
large-sc1941,682,10.97967529296875
large-sc1941,686,10.797582626342773
large-sc1941,690,11.3790922164917
large-sc1941,696,10.608565330505371
large-sc1941,698,10.633199691772461
large-sc1941,720,10.094409942626953
large-sc1941,731,9.489864349365234
large-sc1941,735,9.55184268951416
large-sc1941,745,9.647461891174316
large-sc1941,753,8.981391906738281
large-sc1941,764,9.041595458984375
large-sc1941,775,8.608922958374023
large-sc1941,812,7.906233310699463
large-sc1941,841,7.219290733337402
large-sc1941,862,7.379073619842529
large-sc1941,872,6.811659812927246
large-sc1941,897,6.534235000610352
large-sc1941,908,6.510932922363281
large-sc1941,918,6.584902286529541
large-sc1941,929,6.255863189697266
large-sc1941,946,6.235909938812256
large-sc1941,949,6.203232765197754
large-sc1941,981,5.894197463989258
large-sc1941,991,5.868521690368652
large-sc1941,993,5.9490861892700195
large-sc1941,1012,5.589127540588379
large-sc1941,1014,5.346637725830078
large-sc1941,1021,5.756503105163574
large-sc1941,1022,5.580622673034668
large-sc1941,1027,5.3359832763671875
large-sc1941,1041,5.219704627990723
large-sc1941,1064,5.41467809677124
large-sc1941,1094,5.273560047149658
large-sc1941,1128,4.924668788909912
large-sc1941,1132,5.48837947845459
large-sc1941,1134,5.270201206207275
large-sc1941,1158,5.010571479797363
large-sc1941,1161,5.220596790313721
large-sc1941,1176,4.856917858123779
large-sc1941,1215,4.6820783615112305
large-sc1941,1232,4.7559380531311035
large-sc1941,1266,4.691222190856934
large-sc1941,1289,4.556557655334473
large-sc1941,1300,4.363687515258789
large-sc1941,1302,4.428290367126465
large-sc1941,1308,4.600368976593018
large-sc1941,1320,4.492236137390137
large-sc1941,1336,4.1763105392456055
large-sc1941,1344,4.279369354248047
large-sc1941,1356,4.341490268707275
large-sc1941,1364,4.272346019744873
large-sc1941,1370,4.306718826293945
large-sc1941,1371,4.343867778778076
large-sc1941,1374,4.266846656799316
large-sc1941,1401,4.161869049072266
large-sc1941,1420,4.248956680297852
large-sc1941,1433,4.308667182922363
large-sc1941,1439,4.168046951293945
large-sc1941,1448,4.156785011291504
large-sc1941,1462,4.258049488067627
large-sc1941,1468,4.099371433258057
large-sc1941,1472,4.005816459655762
large-sc1941,1483,3.9104251861572266
large-sc1941,1512,3.8894002437591553
large-sc1941,1522,3.8548221588134766
large-sc1941,1524,3.8603546619415283
large-sc1941,1539,4.102883338928223
large-sc1941,1551,3.9000911712646484
large-sc1941,1561,4.029714584350586
large-sc1941,1562,3.789240598678589
large-sc1941,1566,3.928298234939575
large-sc1941,1567,4.036094665527344
large-sc1941,1623,3.8823325634002686
large-sc1941,1628,3.8286142349243164
large-sc1941,1634,3.8876099586486816
large-sc1941,1660,3.803128242492676
large-sc1941,1686,3.8409900665283203
large-sc1941,1725,3.9706499576568604
large-sc1941,1729,3.8567516803741455
large-sc1941,1739,3.8006465435028076
large-sc1941,1762,3.621286392211914
large-sc1941,1765,3.642967939376831
large-sc1941,1774,3.7677807807922363
large-sc1941,1805,3.723086357116699
large-sc1941,1826,3.5928292274475098
large-sc1941,1860,3.582453489303589
large-sc1941,1889,3.4803519248962402
large-sc1941,1938,3.5481271743774414
large-sc1941,1939,3.5365166664123535
large-sc1941,1947,3.4412972927093506
large-sc1941,1956,3.207613229751587
large-sc1941,1965,3.4654579162597656
large-sc1941,1972,3.3436460494995117
large-sc1941,1976,3.346874237060547
large-sc1941,1978,3.528043270111084
large-sc1941,2009,3.4075241088867188
large-sc1941,2036,3.4487075805664062
large-sc1941,2060,3.3659167289733887
large-sc1941,2078,3.1729559898376465
large-sc1941,2090,3.3365941047668457
large-sc1941,2174,3.35882568359375
large-sc1941,2193,3.2717275619506836
large-sc1941,2205,3.147690534591675
large-sc1941,2206,3.243464946746826
large-sc1941,2229,3.324418306350708
large-sc1941,2288,3.1630773544311523
large-sc1941,2293,2.9935882091522217
large-sc1941,2311,3.0942893028259277
large-sc1941,2378,3.181004047393799
large-sc1941,2389,2.981326103210449
large-sc1941,2397,3.1161909103393555
large-sc1941,2430,2.9256246089935303
large-sc1941,2441,3.0477230548858643
large-sc1941,2447,2.980189561843872
large-sc1941,2448,3.0871593952178955
large-sc1941,2464,3.04378604888916
large-sc1941,2508,3.1455869674682617
large-sc1941,2516,2.9061813354492188
large-sc1941,2541,2.9174869060516357
large-sc1941,2548,2.8931427001953125
large-sc1941,2585,2.8945722579956055
large-sc1941,2590,2.822106122970581
large-sc1941,2600,2.867650032043457
large-sc1941,2606,2.754512310028076
large-sc1941,2610,3.0099146366119385
large-sc1941,2615,2.9035143852233887
large-sc1941,2630,2.9962220191955566
large-sc1941,2650,2.956974506378174
large-sc1941,2660,2.9052486419677734
large-sc1941,2662,2.8899762630462646
large-sc1941,2666,2.998668670654297
large-sc1941,2733,2.8793787956237793
large-sc1941,2735,2.8383607864379883
large-sc1941,2738,2.7348999977111816
large-sc1941,2740,2.787203311920166
large-sc1941,2746,2.8539671897888184
large-sc1941,2756,2.830267906188965
large-sc1941,2775,2.8512983322143555
large-sc1941,2781,2.857759952545166
large-sc1941,2796,2.8158655166625977
large-sc1941,2801,2.8471078872680664
large-sc1941,2839,2.7811038494110107
large-sc1941,2872,2.7614409923553467
large-sc1941,2884,2.695230007171631
large-sc1941,2887,2.7063517570495605
large-sc1941,2897,2.7179718017578125
large-sc1941,2900,2.637910842895508
large-sc1941,2903,2.7802023887634277
large-sc1941,2910,2.917569398880005
large-sc1941,2925,2.8349313735961914
large-sc1941,2963,2.713261604309082
large-sc1941,2969,2.715772867202759
large-sc1941,2977,2.7167563438415527
large-sc1941,2991,2.6918482780456543
large-sc1941,2992,2.654297351837158
large-sc1941,2993,2.7146363258361816
large-sc1941,3025,2.7452425956726074
large-sc1941,3026,2.77651309967041
large-sc1941,3049,2.744830846786499
large-sc1941,3051,2.7970633506774902
large-sc1941,3061,2.783541202545166
large-sc1941,3103,2.6961636543273926
large-sc1941,3112,2.6057217121124268
large-sc1941,3135,2.712444305419922
large-sc1941,3159,2.878865957260132
large-sc1941,3171,2.669837474822998
large-sc1941,3183,2.572713851928711
large-sc1941,3190,2.7230136394500732
large-sc1941,3248,2.628368616104126
large-sc1941,3277,2.540980815887451
large-sc1941,3289,2.630117893218994
large-sc1941,3312,2.5613632202148438
large-sc1941,3316,2.6425867080688477
large-sc1941,3358,2.6243057250976562
large-sc1941,3376,2.5204484462738037
large-sc1941,3380,2.6931748390197754
large-sc1941,3401,2.6733009815216064
large-sc1941,3402,2.6798641681671143
large-sc1941,3406,2.720127582550049
large-sc1941,3408,2.5875632762908936
large-sc1941,3415,2.6302998065948486
large-sc1941,3416,2.639190196990967
large-sc1941,3433,2.5309271812438965
large-sc1941,3434,2.525567054748535
large-sc1941,3435,2.5989208221435547
large-sc1941,3452,2.5213804244995117
large-sc1941,3456,2.5877480506896973
large-sc1941,3495,2.6102194786071777
large-sc1941,3503,2.505009412765503
large-sc1941,3527,2.676485776901245
large-sc1941,3539,2.579833984375
large-sc1941,3548,2.50522518157959
large-sc1941,3553,2.535383701324463
large-sc1941,3555,2.520601749420166
large-sc1941,3563,2.451963424682617
large-sc1941,3578,2.51597261428833
large-sc1941,3579,2.3916285037994385
large-sc1941,3587,2.5563628673553467
large-sc1941,3643,2.543781280517578
large-sc1941,3646,2.4929497241973877
large-sc1941,3661,2.48559832572937
large-sc1941,3677,2.5518674850463867
large-sc1941,3684,2.495699882507324
large-sc1941,3707,2.5485446453094482
large-sc1941,3708,2.5397934913635254
large-sc1941,3717,2.545646905899048
large-sc1941,3724,2.489839553833008
large-sc1941,3737,2.500317096710205
large-sc1941,3779,2.4455671310424805
large-sc1941,3792,2.472158432006836
large-sc1941,3794,2.4283642768859863
large-sc1941,3800,2.542595386505127
large-sc1941,3811,2.459054470062256
large-sc1941,3812,2.485300064086914
large-sc1941,3817,2.5240235328674316
large-sc1941,3854,2.4624342918395996
large-sc1941,3878,2.3507113456726074
large-sc1941,3882,2.5582528114318848
large-sc1941,3894,2.5943641662597656
large-sc1941,3897,2.425184965133667
large-sc1941,3905,2.364473819732666
large-sc1941,3928,2.5350546836853027
large-sc1941,3930,2.351060390472412
large-sc1941,3954,2.437717914581299
large-sc1941,4012,2.5248091220855713
large-sc1941,4014,2.5030007362365723
large-sc1941,4016,2.370417833328247
large-sc1941,4024,2.3481907844543457
large-sc1941,4049,2.44203519821167
large-sc1941,4079,2.477881908416748
large-sc1941,4092,2.4578657150268555
large-sc1941,4098,2.5105786323547363
large-sc1941,4111,2.407349109649658
large-sc1941,4118,2.4587371349334717
large-sc1941,4125,2.4898197650909424
large-sc1941,4149,2.401268482208252
large-sc1941,4169,2.380629539489746
large-sc1941,4180,2.3673720359802246
large-sc1941,4205,2.377467632293701
large-sc1941,4210,2.420778274536133
large-sc1941,4240,2.243119239807129
large-sc1941,4260,2.3840556144714355
large-sc1941,4273,2.406930923461914
large-sc1941,4278,2.4554243087768555
large-sc1941,4280,2.458038330078125
large-sc1941,4284,2.313831329345703
large-sc1941,4306,2.311796188354492
large-sc1941,4330,2.404763698577881
large-sc1941,4352,2.405484676361084
large-sc1941,4368,2.2346091270446777
large-sc1941,4386,2.365058422088623
large-sc1941,4394,2.3100385665893555
large-sc1941,4454,2.3105502128601074
large-sc1941,4493,2.3873205184936523
large-sc1941,4499,2.3421878814697266
large-sc1941,4543,2.401362657546997
large-sc1941,4580,2.2909910678863525
large-sc1941,4593,2.3598108291625977
large-sc1941,4601,2.3683736324310303
large-sc1941,4605,2.3245391845703125
large-sc1941,4631,2.348687171936035
large-sc1941,4634,2.2379672527313232
large-sc1941,4640,2.4317126274108887
large-sc1941,4645,2.316619396209717
large-sc1941,4650,2.267575263977051
large-sc1941,4654,2.3344178199768066
large-sc1941,4678,2.2978808879852295
large-sc1941,4683,2.3842825889587402
large-sc1941,4703,2.195845365524292
large-sc1941,4741,2.2966787815093994
large-sc1941,4747,2.266051769256592
large-sc1941,4759,2.311656951904297
large-sc1941,4763,2.268986701965332
large-sc1941,4771,2.251814365386963
large-sc1941,4797,2.3003182411193848
large-sc1941,4821,2.24562406539917
large-sc1941,4822,2.29217267036438
large-sc1941,4850,2.32527494430542
large-sc1941,4864,2.272942543029785
large-sc1941,4891,2.203249931335449
large-sc1941,4941,2.2155637741088867
large-sc1941,4971,2.2624595165252686
large-sc1941,5015,2.30558443069458
large-sc1941,5032,2.2982559204101562
large-sc1941,5040,2.2656121253967285
large-sc1941,5065,2.283604860305786
large-sc1941,5073,2.3012499809265137
large-sc1941,5107,2.2215070724487305
large-sc1941,5148,2.200960397720337
large-sc1941,5172,2.2570788860321045
large-sc1941,5176,2.2476067543029785
large-sc1941,5185,2.2665603160858154
large-sc1941,5216,2.2200117111206055
large-sc1941,5233,2.1657090187072754
large-sc1941,5238,2.2242181301116943
large-sc1941,5271,2.125284433364868
large-sc1941,5275,2.168520927429199
large-sc1941,5279,2.1881015300750732
large-sc1941,5287,2.185655117034912
large-sc1941,5302,2.2892966270446777
large-sc1941,5304,2.2645487785339355
large-sc1941,5326,2.389940023422241
large-sc1941,5344,2.1649575233459473
large-sc1941,5348,2.163693904876709
large-sc1941,5355,2.1662607192993164
large-sc1941,5357,2.190396547317505
large-sc1941,5369,2.2170817852020264
large-sc1941,5443,2.123389482498169
large-sc1941,5450,2.191826105117798
large-sc1941,5454,2.153646945953369
large-sc1941,5463,2.254991054534912
large-sc1941,5475,2.184856414794922
large-sc1941,5482,2.1069557666778564
large-sc1941,5485,2.2616286277770996
large-sc1941,5494,2.1823017597198486
large-sc1941,5528,2.129287004470825
large-sc1941,5534,2.253790855407715
large-sc1941,5543,2.237157106399536
large-sc1941,5546,2.1546883583068848
large-sc1941,5549,2.252486228942871
large-sc1941,5558,2.1808602809906006
large-sc1941,5565,2.100240468978882
large-sc1941,5566,2.157785654067993
large-sc1941,5569,2.213932514190674
large-sc1941,5572,2.1520228385925293
large-sc1941,5621,2.2437198162078857
large-sc1941,5641,2.2251930236816406
large-sc1941,5652,2.1596338748931885
large-sc1941,5656,2.2630083560943604
large-sc1941,5669,2.148740291595459
large-sc1941,5671,2.1818299293518066
large-sc1941,5682,2.159709930419922
large-sc1941,5689,2.161207675933838
large-sc1941,5729,2.100537061691284
large-sc1941,5749,2.1726574897766113
large-sc1941,5794,2.06023907661438
large-sc1941,5803,2.102754831314087
large-sc1941,5811,2.1367125511169434
large-sc1941,5829,2.196781635284424
large-sc1941,5865,2.1489450931549072
large-sc1941,5909,2.0900869369506836
large-sc1941,5923,2.1282434463500977
large-sc1941,5986,2.073270320892334
large-sc1941,5997,2.1837706565856934
large-sc1941,6005,2.2754764556884766
large-sc1941,6026,2.174745798110962
large-sc1941,6032,2.0960893630981445
large-sc1941,6059,2.1708779335021973
large-sc1941,6071,2.116271495819092
large-sc1941,6081,2.113175392150879
large-sc1941,6127,2.038001775741577
large-sc1941,6128,2.0134117603302
large-sc1941,6136,2.098264217376709
large-sc1941,6150,2.0080771446228027
large-sc1941,6154,2.0915355682373047
large-sc1941,6162,2.1563901901245117
large-sc1941,6183,2.183976173400879
large-sc1941,6185,2.1096441745758057
large-sc1941,6186,2.1368775367736816
large-sc1941,6192,2.1016159057617188
large-sc1941,6211,2.192268133163452
large-sc1941,6213,2.1364734172821045
large-sc1941,6215,2.12697696685791
large-sc1941,6225,2.081972599029541
large-sc1941,6236,2.069136142730713
large-sc1941,6240,1.9549076557159424
large-sc1941,6260,2.1214661598205566
large-sc1941,6299,2.0646111965179443
large-sc1941,6331,2.049532175064087
large-sc1941,6359,2.067255973815918
large-sc1941,6409,2.187192678451538
large-sc1941,6414,2.051919937133789
large-sc1941,6458,2.0147645473480225
large-sc1941,6475,1.9864472150802612
large-sc1941,6479,2.066589117050171
large-sc1941,6486,1.994032621383667
large-sc1941,6487,1.9783544540405273
large-sc1941,6516,1.9993120431900024
large-sc1941,6522,2.043177604675293
large-sc1941,6537,2.080477237701416
large-sc1941,6544,2.0249671936035156
large-sc1941,6547,1.991284966468811
large-sc1941,6553,2.0660760402679443
large-sc1941,6562,2.126621723175049
large-sc1941,6567,2.101189613342285
large-sc1941,6604,2.136457681655884
large-sc1941,6614,2.002412796020508
large-sc1941,6626,2.0961410999298096
large-sc1941,6636,2.0081520080566406
large-sc1941,6642,2.0384528636932373
large-sc1941,6654,2.1596717834472656
large-sc1941,6666,2.0399653911590576
large-sc1941,6686,2.070631980895996
large-sc1941,6688,2.0480566024780273
large-sc1941,6697,2.0435681343078613
large-sc1941,6703,1.9860953092575073
large-sc1941,6741,1.9500720500946045
large-sc1941,6752,2.015857458114624
large-sc1941,6767,2.00844407081604
large-sc1941,6772,2.027902603149414
large-sc1941,6790,2.0340380668640137
large-sc1941,6807,2.086212635040283
large-sc1941,6817,2.1276538372039795
large-sc1941,6844,2.001800060272217
large-sc1941,6878,2.0468027591705322
large-sc1941,6952,1.9816440343856812
large-sc1941,6965,2.1066761016845703
large-sc1941,6970,1.998881220817566
large-sc1941,7101,1.9636917114257812
large-sc1941,7154,1.921628475189209
large-sc1941,7188,1.9931225776672363
large-sc1941,7205,1.9852542877197266
large-sc1941,7219,1.9630217552185059
large-sc1941,7242,1.9012539386749268
large-sc1941,7276,2.0899550914764404
large-sc1941,7288,2.026768684387207
large-sc1941,7289,1.9682116508483887
large-sc1941,7309,1.91597580909729
large-sc1941,7310,2.0008890628814697
large-sc1941,7321,1.996645450592041
large-sc1941,7339,1.9703847169876099
large-sc1941,7366,1.9778896570205688
large-sc1941,7405,1.9882985353469849
large-sc1941,7408,1.933773398399353
large-sc1941,7416,2.0034782886505127
large-sc1941,7461,2.0230562686920166
large-sc1941,7473,2.0226855278015137
large-sc1941,7482,1.9065275192260742
large-sc1941,7500,2.003650665283203
large-sc1941,7519,1.9853415489196777
large-sc1941,7535,1.9649173021316528
large-sc1941,7561,2.049839973449707
large-sc1941,7574,1.9574964046478271
large-sc1941,7602,1.9629409313201904
large-sc1941,7604,1.9335637092590332
large-sc1941,7606,1.9290075302124023
large-sc1941,7617,1.9267768859863281
large-sc1941,7620,1.9363071918487549
large-sc1941,7635,1.8552380800247192
large-sc1941,7637,1.835684895515442
large-sc1941,7639,1.976596474647522
large-sc1941,7654,1.9270185232162476
large-sc1941,7687,1.9967384338378906
large-sc1941,7698,1.9124692678451538
large-sc1941,7715,1.8935625553131104
large-sc1941,7737,1.8924510478973389
large-sc1941,7778,1.9723246097564697
large-sc1941,7781,1.9731355905532837
large-sc1941,7793,1.894028663635254
large-sc1941,7795,1.9083166122436523
large-sc1941,7806,1.9436229467391968
large-sc1941,7821,1.9383368492126465
large-sc1941,7870,1.9993908405303955
large-sc1941,7886,1.9027019739151
large-sc1941,7899,1.9135665893554688
large-sc1941,7903,1.9190512895584106
large-sc1941,7914,1.8590525388717651
large-sc1941,7933,1.91559636592865
large-sc1941,7943,1.924428105354309
large-sc1941,7948,1.9297420978546143
large-sc1941,7956,1.8816949129104614
large-sc1941,7973,1.8903701305389404
large-sc1941,8019,1.8946893215179443
large-sc1941,8045,1.9176645278930664
large-sc1941,8073,1.9569592475891113
large-sc1941,8075,1.9237215518951416
large-sc1941,8093,1.893341302871704
large-sc1941,8094,1.899842619895935
large-sc1941,8095,1.9019110202789307
large-sc1941,8117,1.9712553024291992
large-sc1941,8130,1.9317976236343384
large-sc1941,8131,1.8174803256988525
large-sc1941,8133,1.8511292934417725
large-sc1941,8176,1.8980512619018555
large-sc1941,8186,1.9260129928588867
large-sc1941,8204,1.9371299743652344
large-sc1941,8224,1.9389002323150635
large-sc1941,8238,1.9130399227142334
large-sc1941,8239,1.9707629680633545
large-sc1941,8259,1.8552939891815186
large-sc1941,8275,1.9051947593688965
large-sc1941,8352,1.9004805088043213
large-sc1941,8371,1.8915330171585083
large-sc1941,8377,1.9346891641616821
large-sc1941,8381,1.8644109964370728
large-sc1941,8449,1.9010708332061768
large-sc1941,8465,1.8718502521514893
large-sc1941,8481,1.9213868379592896
large-sc1941,8482,1.902422547340393
large-sc1941,8488,1.9748425483703613
large-sc1941,8492,1.8699084520339966
large-sc1941,8508,1.8469666242599487
large-sc1941,8516,1.7947864532470703
large-sc1941,8529,1.8662006855010986
large-sc1941,8533,1.8857457637786865
large-sc1941,8540,1.823899269104004
large-sc1941,8567,1.8654587268829346
large-sc1941,8573,1.8589316606521606
large-sc1941,8584,1.9388704299926758
large-sc1941,8599,1.864312767982483
large-sc1941,8613,1.9485855102539062
large-sc1941,8644,1.8903052806854248
large-sc1941,8645,1.839577317237854
large-sc1941,8661,1.8829047679901123
large-sc1941,8662,1.8870859146118164
large-sc1941,8687,1.9275771379470825
large-sc1941,8744,1.8144259452819824
large-sc1941,8753,1.861985206604004
large-sc1941,8755,1.8710402250289917
large-sc1941,8776,1.8451170921325684
large-sc1941,8779,1.8598843812942505
large-sc1941,8783,1.8463237285614014
large-sc1941,8794,1.8207945823669434
large-sc1941,8800,1.8161802291870117
large-sc1941,8823,1.836152195930481
large-sc1941,8841,1.7938435077667236
large-sc1941,8863,1.8067907094955444
large-sc1941,8871,1.8427622318267822
large-sc1941,8874,1.8422478437423706
large-sc1941,8876,1.9042470455169678
large-sc1941,8911,1.8353468179702759
large-sc1941,8920,1.8221521377563477
large-sc1941,8925,1.862473726272583
large-sc1941,8945,1.852152943611145
large-sc1941,8947,1.8060357570648193
large-sc1941,8957,1.812876582145691
large-sc1941,8991,1.9053900241851807
large-sc1941,8992,1.8676395416259766
large-sc1941,9007,1.8538050651550293
large-sc1941,9022,1.9474093914031982
large-sc1941,9032,1.8651140928268433
large-sc1941,9047,1.8375904560089111
large-sc1941,9067,1.8214350938796997
large-sc1941,9071,1.771993637084961
large-sc1941,9092,1.8277300596237183
large-sc1941,9120,1.7572978734970093
large-sc1941,9132,1.8571727275848389
large-sc1941,9133,1.8038028478622437
large-sc1941,9144,1.7979998588562012
large-sc1941,9146,1.8722960948944092
large-sc1941,9157,1.8316726684570312
large-sc1941,9159,1.7651110887527466
large-sc1941,9166,1.8352618217468262
large-sc1941,9174,1.8635878562927246
large-sc1941,9184,1.7679657936096191
large-sc1941,9200,1.8211798667907715
large-sc1941,9208,1.8400418758392334
large-sc1941,9268,1.7800405025482178
large-sc1941,9284,1.8030222654342651
large-sc1941,9336,1.8501429557800293
large-sc1941,9344,1.8429985046386719
large-sc1941,9358,1.8033714294433594
large-sc1941,9360,1.8578298091888428
large-sc1941,9375,1.9159680604934692
large-sc1941,9429,1.8315434455871582
large-sc1941,9434,1.7408082485198975
large-sc1941,9445,1.8140037059783936
large-sc1941,9449,1.838490605354309
large-sc1941,9450,1.7821366786956787
large-sc1941,9468,1.885213851928711
large-sc1941,9472,1.891761064529419
large-sc1941,9487,1.849420428276062
large-sc1941,9491,1.8887989521026611
large-sc1941,9504,1.8709688186645508
large-sc1941,9574,1.8131721019744873
large-sc1941,9584,1.8720412254333496
large-sc1941,9617,1.7562257051467896
large-sc1941,9629,1.8935667276382446
large-sc1941,9639,1.7980432510375977
large-sc1941,9640,1.8089382648468018
large-sc1941,9648,1.8702235221862793
large-sc1941,9659,1.81671941280365
large-sc1941,9672,1.810640573501587
large-sc1941,9753,1.787649154663086
large-sc1941,9761,1.7758382558822632
large-sc1941,9763,1.8090143203735352
large-sc1941,9776,1.8079191446304321
large-sc1941,9854,1.7658545970916748
large-sc1941,9889,1.8530120849609375
large-sc1941,9908,1.8203734159469604
large-sc1941,9911,1.7817554473876953
large-sc1941,9914,1.7992908954620361
large-sc1941,9917,1.7825968265533447
large-sc1941,9920,1.77321195602417
large-sc1941,9931,1.7406105995178223
large-sc1941,9939,1.7552374601364136
large-sc1941,9959,1.7855377197265625
large-sc1941,9974,1.7764463424682617
large-sc1941,9986,1.7714097499847412
large-sc1941,10028,1.717177391052246
large-sc1941,10041,1.7138209342956543
large-sc1941,10060,1.7608158588409424
large-sc1941,10068,1.8374576568603516
large-sc1941,10090,1.714383602142334
large-sc1941,10100,1.7568273544311523
large-sc1941,10118,1.7644888162612915
large-sc1941,10149,1.7428685426712036
large-sc1941,10158,1.8028672933578491
large-sc1941,10164,1.7447452545166016
large-sc1941,10166,1.760877013206482
large-sc1941,10176,1.8199461698532104
large-sc1941,10177,1.8159348964691162
large-sc1941,10182,1.8544187545776367
large-sc1941,10190,1.693428635597229
large-sc1941,10222,1.7421369552612305
large-sc1941,10297,1.7518279552459717
large-sc1941,10301,1.82429838180542
large-sc1941,10303,1.7142605781555176
large-sc1941,10334,1.7804923057556152
large-sc1941,10345,1.7571492195129395
large-sc1941,10410,1.7082666158676147
large-sc1941,10435,1.7708741426467896
large-sc1941,10448,1.828963041305542
large-sc1941,10453,1.7614905834197998
large-sc1941,10497,1.7584261894226074
large-sc1941,10524,1.7136147022247314
large-sc1941,10534,1.815882682800293
large-sc1941,10540,1.7294270992279053
large-sc1941,10549,1.752397060394287
large-sc1941,10569,1.726747989654541
large-sc1941,10585,1.728942632675171
large-sc1941,10616,1.7737152576446533
large-sc1941,10630,1.7589236497879028
large-sc1941,10657,1.7925795316696167
large-sc1941,10699,1.7555792331695557
large-sc1941,10738,1.7785179615020752
large-sc1941,10746,1.6857891082763672
large-sc1941,10756,1.7567005157470703
large-sc1941,10770,1.6933856010437012
large-sc1941,10780,1.7419710159301758
large-sc1941,10797,1.7459361553192139
large-sc1941,10800,1.7410472631454468
large-sc1941,10801,1.805466890335083
large-sc1941,10830,1.804901361465454
large-sc1941,10918,1.7889530658721924
large-sc1941,10921,1.7570089101791382
large-sc1941,10928,1.716753602027893
large-sc1941,10942,1.8054065704345703
large-sc1941,10965,1.8091057538986206
large-sc1941,10972,1.7078909873962402
large-sc1941,10999,1.7558245658874512
large-sc1941,11011,1.732736349105835
large-sc1941,11022,1.768437385559082
large-sc1941,11032,1.7772057056427002
large-sc1941,11036,1.8188754320144653
large-sc1941,11039,1.7498977184295654
large-sc1941,11041,1.7099097967147827
large-sc1941,11042,1.700894832611084
large-sc1941,11047,1.8278920650482178
large-sc1941,11048,1.8077216148376465
large-sc1941,11053,1.8368113040924072
large-sc1941,11128,1.7285404205322266
large-sc1941,11132,1.7506935596466064
large-sc1941,11136,1.7532808780670166
large-sc1941,11144,1.7249577045440674
large-sc1941,11159,1.6780555248260498
large-sc1941,11192,1.7035300731658936
large-sc1941,11194,1.7255980968475342
large-sc1941,11200,1.764298439025879
large-sc1941,11204,1.7050825357437134
large-sc1941,11205,1.775226354598999
large-sc1941,11211,1.711848258972168
large-sc1941,11214,1.7530535459518433
large-sc1941,11224,1.7491153478622437
large-sc1941,11244,1.7800047397613525
large-sc1941,11253,1.7625657320022583
large-sc1941,11262,1.7288806438446045
large-sc1941,11312,1.6680355072021484
large-sc1941,11353,1.6884031295776367
large-sc1941,11356,1.71683931350708
large-sc1941,11358,1.695496916770935
large-sc1941,11410,1.700490951538086
large-sc1941,11426,1.6905336380004883
large-sc1941,11428,1.6939947605133057
large-sc1941,11501,1.6733503341674805
large-sc1941,11524,1.7181980609893799
large-sc1941,11526,1.7345415353775024
large-sc1941,11539,1.7939465045928955
large-sc1941,11550,1.6451854705810547
large-sc1941,11566,1.6726553440093994
large-sc1941,11582,1.697723627090454
large-sc1941,11671,1.8717379570007324
large-sc1941,11675,1.7754342555999756
large-sc1941,11676,1.7386884689331055
large-sc1941,11691,1.8015098571777344
large-sc1941,11694,1.7119486331939697
large-sc1941,11741,1.6865732669830322
large-sc1941,11794,1.7170168161392212
large-sc1941,11796,1.6405434608459473
large-sc1941,11818,1.7735748291015625
large-sc1941,11838,1.6965367794036865
large-sc1941,11845,1.6554853916168213
large-sc1941,11856,1.658081293106079
large-sc1941,11862,1.6926801204681396
large-sc1941,11868,1.6970338821411133
large-sc1941,11884,1.701464295387268
large-sc1941,11897,1.6630643606185913
large-sc1941,11928,1.6769319772720337
large-sc1941,11960,1.639630675315857
large-sc1941,11962,1.662825107574463
large-sc1941,11997,1.6691597700119019
large-sc1941,12039,1.7060801982879639
large-sc1941,12055,1.6702311038970947
large-sc1941,12076,1.7124443054199219
large-sc1941,12080,1.7027308940887451
large-sc1941,12087,1.6322805881500244
large-sc1941,12111,1.6581575870513916
large-sc1941,12136,1.6498613357543945
large-sc1941,12166,1.7288061380386353
large-sc1941,12184,1.6371592283248901
large-sc1941,12210,1.6541520357131958
large-sc1941,12221,1.6510264873504639
large-sc1941,12224,1.6838860511779785
large-sc1941,12230,1.7138307094573975
large-sc1941,12248,1.7200230360031128
large-sc1941,12273,1.688058853149414
large-sc1941,12286,1.6608295440673828
large-sc1941,12300,1.6544839143753052
large-sc1941,12328,1.6667373180389404
large-sc1941,12340,1.6723637580871582
large-sc1941,12348,1.7602226734161377
large-sc1941,12428,1.7026951313018799
large-sc1941,12454,1.5970832109451294
large-sc1941,12463,1.73776376247406
large-sc1941,12492,1.7180218696594238
large-sc1941,12494,1.681472659111023
large-sc1941,12507,1.6597211360931396
large-sc1941,12508,1.7077093124389648
large-sc1941,12543,1.6227118968963623
large-sc1941,12569,1.6703802347183228
large-sc1941,12574,1.6944741010665894
large-sc1941,12586,1.7059526443481445
large-sc1941,12591,1.7008200883865356
large-sc1941,12646,1.607419490814209
large-sc1941,12659,1.6248201131820679
large-sc1941,12661,1.6649136543273926
large-sc1941,12673,1.6651716232299805
large-sc1941,12674,1.7043026685714722
large-sc1941,12689,1.7154765129089355
large-sc1941,12733,1.6734442710876465
large-sc1941,12784,1.7355372905731201
large-sc1941,12789,1.6425509452819824
large-sc1941,12792,1.6977055072784424
large-sc1941,12802,1.6580084562301636
large-sc1941,12827,1.6834728717803955
large-sc1941,12831,1.6597344875335693
large-sc1941,12835,1.6482118368148804
large-sc1941,12836,1.6537036895751953
large-sc1941,12840,1.6043379306793213
large-sc1941,12855,1.6471529006958008
large-sc1941,12898,1.624840497970581
large-sc1941,12905,1.6606509685516357
large-sc1941,12907,1.6631124019622803
large-sc1941,12929,1.6241719722747803
large-sc1941,12931,1.6841520071029663
large-sc1941,12945,1.63206946849823
large-sc1941,12951,1.6787059307098389
large-sc1941,12969,1.6314159631729126
large-sc1941,12973,1.644920825958252
large-sc1941,12979,1.6136234998703003
large-sc1941,12987,1.6520278453826904
large-sc1941,12992,1.5813525915145874
large-sc1941,13013,1.6683728694915771
large-sc1941,13019,1.653646469116211
large-sc1941,13020,1.6805524826049805
large-sc1941,13036,1.6665234565734863
large-sc1941,13049,1.6605384349822998
large-sc1941,13050,1.7667512893676758
large-sc1941,13064,1.5976543426513672
large-sc1941,13103,1.6412162780761719
large-sc1941,13131,1.6331406831741333
large-sc1941,13135,1.7026333808898926
large-sc1941,13149,1.6519322395324707
large-sc1941,13217,1.6646870374679565
large-sc1941,13235,1.6947678327560425
large-sc1941,13262,1.6746492385864258
large-sc1941,13288,1.6879212856292725
large-sc1941,13296,1.6969943046569824
large-sc1941,13312,1.621659278869629
large-sc1941,13322,1.644402265548706
large-sc1941,13342,1.6244776248931885
large-sc1941,13352,1.6262691020965576
large-sc1941,13361,1.6885688304901123
large-sc1941,13362,1.6344904899597168
large-sc1941,13450,1.6273902654647827
large-sc1941,13465,1.601776361465454
large-sc1941,13472,1.631881833076477
large-sc1941,13473,1.6943542957305908
large-sc1941,13501,1.7081873416900635
large-sc1941,13520,1.6115185022354126
large-sc1941,13538,1.665776014328003
large-sc1941,13557,1.6498223543167114
large-sc1941,13581,1.641575813293457
large-sc1941,13582,1.6213023662567139
large-sc1941,13587,1.6771764755249023
large-sc1941,13599,1.6366393566131592
large-sc1941,13611,1.6433228254318237
large-sc1941,13612,1.5965642929077148
large-sc1941,13622,1.6073732376098633
large-sc1941,13648,1.6493992805480957
large-sc1941,13664,1.6306918859481812
large-sc1941,13674,1.6544822454452515
large-sc1941,13696,1.6271371841430664
large-sc1941,13705,1.6309586763381958
large-sc1941,13725,1.639817476272583
large-sc1941,13727,1.6575449705123901
large-sc1941,13746,1.6057380437850952
large-sc1941,13780,1.6715776920318604
large-sc1941,13802,1.6182365417480469
large-sc1941,13815,1.5679157972335815
large-sc1941,13823,1.580460786819458
large-sc1941,13838,1.5825443267822266
large-sc1941,13841,1.6386232376098633
large-sc1941,13851,1.6242868900299072
large-sc1941,13871,1.6039295196533203
large-sc1941,13895,1.6458680629730225
large-sc1941,13902,1.5943896770477295
large-sc1941,13912,1.6819109916687012
large-sc1941,13920,1.6670151948928833
large-sc1941,13921,1.5895171165466309
large-sc1941,13978,1.5934760570526123
large-sc1941,13999,1.651066541671753
large-sc1941,14025,1.660509705543518
large-sc1941,14087,1.624223232269287
large-sc1941,14088,1.63490891456604
large-sc1941,14096,1.6071038246154785
large-sc1941,14100,1.648496389389038
large-sc1941,14122,1.6504149436950684
large-sc1941,14130,1.6714355945587158
large-sc1941,14145,1.6171751022338867
large-sc1941,14149,1.633059024810791
large-sc1941,14179,1.6635785102844238
large-sc1941,14197,1.5627609491348267
large-sc1941,14215,1.652174711227417
large-sc1941,14220,1.657564640045166
large-sc1941,14227,1.6073689460754395
large-sc1941,14282,1.6148070096969604
large-sc1941,14293,1.618483304977417
large-sc1941,14296,1.619804859161377
large-sc1941,14299,1.6313223838806152
large-sc1941,14329,1.615710735321045
large-sc1941,14398,1.5437901020050049
large-sc1941,14407,1.6751865148544312
large-sc1941,14408,1.6394463777542114
large-sc1941,14417,1.6337964534759521
large-sc1941,14429,1.611279845237732
large-sc1941,14443,1.621537446975708
large-sc1941,14446,1.6038057804107666
large-sc1941,14449,1.6208064556121826
large-sc1941,14457,1.6259182691574097
large-sc1941,14460,1.6249346733093262
large-sc1941,14468,1.6804404258728027
large-sc1941,14480,1.6139599084854126
large-sc1941,14496,1.6077378988265991
large-sc1941,14515,1.6660957336425781
large-sc1941,14555,1.6197305917739868
large-sc1941,14575,1.6748480796813965
large-sc1941,14582,1.6255178451538086
large-sc1941,14598,1.650728702545166
large-sc1941,14608,1.6366117000579834
large-sc1941,14609,1.6651479005813599
large-sc1941,14618,1.606284260749817
large-sc1941,14621,1.617930293083191
large-sc1941,14631,1.6180938482284546
large-sc1941,14642,1.6105937957763672
large-sc1941,14658,1.6168296337127686
large-sc1941,14666,1.6587774753570557
large-sc1941,14687,1.642531394958496
large-sc1941,14724,1.541242241859436
large-sc1941,14748,1.6104156970977783
large-sc1941,14761,1.6428401470184326
large-sc1941,14882,1.6437309980392456
large-sc1941,14889,1.577466368675232
large-sc1941,14891,1.5766005516052246
large-sc1941,14902,1.6107465028762817
large-sc1941,14905,1.6286094188690186
large-sc1941,14922,1.6712994575500488
large-sc1941,14963,1.614932656288147
large-sc1941,14998,1.6288105249404907
large-sc1941,15037,1.6034427881240845
large-sc1941,15048,1.59874427318573
large-sc1941,15051,1.5796794891357422
large-sc1941,15053,1.6308844089508057
large-sc1941,15063,1.5864126682281494
large-sc1941,15076,1.5731544494628906
large-sc1941,15165,1.5597970485687256
large-sc1941,15190,1.5805822610855103
large-sc1941,15217,1.6302512884140015
large-sc1941,15232,1.6210225820541382
large-sc1941,15251,1.5334264039993286
large-sc1941,15255,1.6350772380828857
large-sc1941,15285,1.5710961818695068
large-sc1941,15292,1.5946561098098755
large-sc1941,15300,1.573122262954712
large-sc1941,15302,1.6104559898376465
large-sc1941,15303,1.4805071353912354
large-sc1941,15313,1.570624589920044
large-sc1941,15315,1.6093404293060303
large-sc1941,15318,1.5805068016052246
large-sc1941,15323,1.635486364364624
large-sc1941,15328,1.5752739906311035
large-sc1941,15351,1.5565869808197021
large-sc1941,15365,1.6416969299316406
large-sc1941,15375,1.6532810926437378
large-sc1941,15408,1.6194322109222412
large-sc1941,15430,1.6224262714385986
large-sc1941,15467,1.6115249395370483
large-sc1941,15511,1.597716212272644
large-sc1941,15519,1.6070176362991333
large-sc1941,15547,1.6118093729019165
large-sc1941,15549,1.6514097452163696
large-sc1941,15608,1.5896921157836914
large-sc1941,15612,1.6248371601104736
large-sc1941,15613,1.6000044345855713
large-sc1941,15614,1.6427334547042847
large-sc1941,15616,1.553270936012268
large-sc1941,15644,1.5907714366912842
large-sc1941,15662,1.6430844068527222
large-sc1941,15683,1.5637856721878052
large-sc1941,15722,1.5998380184173584
large-sc1941,15743,1.5929172039031982
large-sc1941,15772,1.630218267440796
large-sc1941,15788,1.6095049381256104
large-sc1941,15821,1.5702658891677856
large-sc1941,15828,1.575907826423645
large-sc1941,15836,1.563183069229126
large-sc1941,15878,1.6261208057403564
large-sc1941,15887,1.5609256029129028
large-sc1941,15924,1.6046779155731201
large-sc1941,15928,1.629517674446106
large-sc1941,15941,1.6011805534362793
large-sc1941,15956,1.5653364658355713
large-sc1941,15961,1.5855605602264404
large-sc1941,15978,1.6086266040802002
large-sc1941,15982,1.5727852582931519
large-sc1941,15986,1.6054112911224365
large-sc1941,16008,1.5941778421401978
large-sc1941,16013,1.5932295322418213
large-sc1941,16015,1.547595500946045
large-sc1941,16025,1.635275959968567
large-sc1941,16036,1.6278988122940063
large-sc1941,16044,1.6295268535614014
large-sc1941,16051,1.4954674243927002
large-sc1941,16056,1.588845133781433
large-sc1941,16061,1.5499634742736816
large-sc1941,16067,1.5739266872406006
large-sc1941,16088,1.5597853660583496
large-sc1941,16101,1.5772368907928467
large-sc1941,16105,1.5615429878234863
large-sc1941,16126,1.577190637588501
large-sc1941,16161,1.5685465335845947
large-sc1941,16202,1.602545976638794
large-sc1941,16207,1.6391693353652954
large-sc1941,16209,1.6209590435028076
large-sc1941,16212,1.6042497158050537
large-sc1941,16250,1.5955045223236084
large-sc1941,16304,1.5799188613891602
large-sc1941,16309,1.5470560789108276
large-sc1941,16310,1.6291102170944214
large-sc1941,16314,1.5146429538726807
large-sc1941,16320,1.6158696413040161
large-sc1941,16330,1.635591745376587
large-sc1941,16339,1.61542809009552
large-sc1941,16342,1.556842565536499
large-sc1941,16368,1.600976824760437
large-sc1941,16369,1.5845775604248047
large-sc1941,16371,1.5684772729873657
large-sc1941,16424,1.5762585401535034
large-sc1941,16445,1.596790075302124
large-sc1941,16449,1.5687708854675293
large-sc1941,16497,1.5802587270736694
large-sc1941,16526,1.5563507080078125
large-sc1941,16537,1.5735520124435425
large-sc1941,16559,1.5723305940628052
large-sc1941,16569,1.5587711334228516
large-sc1941,16573,1.6093705892562866
large-sc1941,16612,1.5982544422149658
large-sc1941,16620,1.5851690769195557
large-sc1941,16711,1.587528109550476
large-sc1941,16722,1.5766193866729736
large-sc1941,16759,1.4989296197891235
large-sc1941,16760,1.5978132486343384
large-sc1941,16778,1.6263548135757446
large-sc1941,16781,1.5488123893737793
large-sc1941,16831,1.598790168762207
large-sc1941,16843,1.5643932819366455
large-sc1941,16854,1.5590806007385254
large-sc1941,16872,1.5872435569763184
large-sc1941,16882,1.508690357208252
large-sc1941,16890,1.5690433979034424
large-sc1941,16915,1.5860867500305176
large-sc1941,16925,1.535498857498169
large-sc1941,16940,1.6189786195755005
large-sc1941,16945,1.5581839084625244
large-sc1941,16947,1.549075961112976
large-sc1941,16960,1.5582160949707031
large-sc1941,16980,1.5783618688583374
large-sc1941,16988,1.5473525524139404
large-sc1941,16995,1.6022603511810303
large-sc1941,17005,1.6077821254730225
large-sc1941,17007,1.5959140062332153
large-sc1941,17012,1.563380479812622
large-sc1941,17024,1.5827150344848633
large-sc1941,17102,1.5528583526611328
large-sc1941,17104,1.5747812986373901
large-sc1941,17115,1.5769410133361816
large-sc1941,17118,1.540939211845398
large-sc1941,17126,1.6103343963623047
large-sc1941,17164,1.5698071718215942
large-sc1941,17207,1.5541067123413086
large-sc1941,17213,1.6200141906738281
large-sc1941,17223,1.5906213521957397
large-sc1941,17237,1.556921124458313
large-sc1941,17288,1.6316487789154053
large-sc1941,17298,1.6021639108657837
large-sc1941,17309,1.5913244485855103
large-sc1941,17315,1.5739283561706543
large-sc1941,17325,1.5479090213775635
large-sc1941,17334,1.5127089023590088
large-sc1941,17370,1.5787757635116577
large-sc1941,17373,1.5901644229888916
large-sc1941,17376,1.549713373184204
large-sc1941,17406,1.5183932781219482
large-sc1941,17427,1.5486266613006592
large-sc1941,17445,1.555734634399414
large-sc1941,17457,1.5699656009674072
large-sc1941,17460,1.5515978336334229
large-sc1941,17461,1.5493210554122925
large-sc1941,17462,1.5322096347808838
large-sc1941,17464,1.5643689632415771
large-sc1941,17508,1.5513598918914795
large-sc1941,17512,1.5495258569717407
large-sc1941,17515,1.5759620666503906
large-sc1941,17518,1.5390859842300415
large-sc1941,17521,1.5371980667114258
large-sc1941,17528,1.5573794841766357
large-sc1941,17542,1.5363303422927856
large-sc1941,17550,1.552058458328247
large-sc1941,17552,1.5490801334381104
large-sc1941,17569,1.5474064350128174
large-sc1941,17587,1.564662218093872
large-sc1941,17606,1.574552297592163
large-sc1941,17621,1.5679283142089844
large-sc1941,17631,1.6142085790634155
large-sc1941,17643,1.5637975931167603
large-sc1941,17650,1.5239551067352295
large-sc1941,17652,1.5416326522827148
large-sc1941,17661,1.534036636352539
large-sc1941,17680,1.5626754760742188
large-sc1941,17683,1.5338947772979736
large-sc1941,17709,1.5532770156860352
large-sc1941,17711,1.5974913835525513
large-sc1941,17741,1.6284470558166504
large-sc1941,17767,1.60378098487854
large-sc1941,17782,1.5925798416137695
large-sc1941,17808,1.5947738885879517
large-sc1941,17820,1.5596745014190674
large-sc1941,17836,1.603054165840149
large-sc1941,17859,1.5628260374069214
large-sc1941,17865,1.5777679681777954
large-sc1941,17884,1.5815131664276123
large-sc1941,17886,1.5897146463394165
large-sc1941,17920,1.5406168699264526
large-sc1941,17929,1.5474188327789307
large-sc1941,17966,1.544029951095581
large-sc1941,18027,1.5552942752838135
large-sc1941,18033,1.5752259492874146
large-sc1941,18039,1.5568699836730957
large-sc1941,18092,1.513067364692688
large-sc1941,18099,1.5380845069885254
large-sc1941,18104,1.5235843658447266
large-sc1941,18115,1.542468547821045
large-sc1941,18118,1.566264271736145
large-sc1941,18124,1.520651936531067
large-sc1941,18126,1.5670387744903564
large-sc1941,18141,1.6052720546722412
large-sc1941,18148,1.6031506061553955
large-sc1941,18152,1.6264339685440063
large-sc1941,18168,1.5179531574249268
large-sc1941,18180,1.534813404083252
large-sc1941,18194,1.5827336311340332
large-sc1941,18202,1.5447700023651123
large-sc1941,18214,1.575782060623169
large-sc1941,18233,1.5980987548828125
large-sc1941,18236,1.6011199951171875
large-sc1941,18248,1.558856725692749
large-sc1941,18274,1.523530125617981
large-sc1941,18292,1.5856629610061646
large-sc1941,18293,1.5740371942520142
large-sc1941,18294,1.6134920120239258
large-sc1941,18307,1.5084205865859985
large-sc1941,18333,1.4870812892913818
large-sc1941,18346,1.6318432092666626
large-sc1941,18361,1.5345107316970825
large-sc1941,18365,1.5440409183502197
large-sc1941,18394,1.5532238483428955
large-sc1941,18433,1.557016372680664
large-sc1941,18439,1.61250901222229
large-sc1941,18486,1.5622141361236572
large-sc1941,18500,1.583915114402771
large-sc1941,18515,1.5470184087753296
large-sc1941,18516,1.5284130573272705
large-sc1941,18525,1.537137746810913
large-sc1941,18565,1.5853798389434814
large-sc1941,18583,1.5328996181488037
large-sc1941,18644,1.548270583152771
large-sc1941,18654,1.5341248512268066
large-sc1941,18668,1.5621585845947266
large-sc1941,18673,1.5630607604980469
large-sc1941,18675,1.5887439250946045
large-sc1941,18680,1.5571224689483643
large-sc1941,18687,1.5428231954574585
large-sc1941,18784,1.5256009101867676
large-sc1941,18798,1.5517606735229492
large-sc1941,18804,1.526306390762329
large-sc1941,18816,1.5185097455978394
large-sc1941,18844,1.514678716659546
large-sc1941,18853,1.491021752357483
large-sc1941,18870,1.5588771104812622
large-sc1941,18906,1.5434441566467285
large-sc1941,18929,1.5637145042419434
large-sc1941,18937,1.5264791250228882
large-sc1941,18947,1.5417776107788086
large-sc1941,18952,1.4813554286956787
large-sc1941,18963,1.5648562908172607
large-sc1941,19012,1.5371850728988647
large-sc1941,19030,1.5084607601165771
large-sc1941,19037,1.5450022220611572
large-sc1941,19048,1.5147475004196167
large-sc1941,19055,1.5275795459747314
large-sc1941,19063,1.4872167110443115
large-sc1941,19068,1.5577104091644287
large-sc1941,19102,1.5207700729370117
large-sc1941,19108,1.5437312126159668
large-sc1941,19117,1.535132884979248
large-sc1941,19120,1.5586336851119995
large-sc1941,19145,1.5297675132751465
large-sc1941,19166,1.5216783285140991
large-sc1941,19167,1.4996886253356934
large-sc1941,19180,1.5880863666534424
large-sc1941,19182,1.5069092512130737
large-sc1941,19242,1.5598268508911133
large-sc1941,19262,1.519318699836731
large-sc1941,19267,1.496021032333374
large-sc1941,19270,1.5343834161758423
large-sc1941,19287,1.5424368381500244
large-sc1941,19291,1.518871784210205
large-sc1941,19298,1.5865427255630493
large-sc1941,19304,1.5127363204956055
large-sc1941,19317,1.501509189605713
large-sc1941,19354,1.5451244115829468
large-sc1941,19369,1.584299921989441
large-sc1941,19378,1.543954849243164
large-sc1941,19386,1.5565739870071411
large-sc1941,19392,1.5358161926269531
large-sc1941,19395,1.5289031267166138
large-sc1941,19402,1.5360382795333862
large-sc1941,19409,1.5681324005126953
large-sc1941,19410,1.590132713317871
large-sc1941,19420,1.5307691097259521
large-sc1941,19449,1.5289112329483032
large-sc1941,19453,1.5768003463745117
large-sc1941,19476,1.5983891487121582
large-sc1941,19479,1.545546531677246
large-sc1941,19502,1.5158189535140991
large-sc1941,19512,1.4842336177825928
large-sc1941,19514,1.5443658828735352
large-sc1941,19532,1.5231701135635376
large-sc1941,19535,1.5184153318405151
large-sc1941,19576,1.5037614107131958
large-sc1941,19577,1.5650421380996704
large-sc1941,19584,1.5488823652267456
large-sc1941,19596,1.4996235370635986
large-sc1941,19597,1.549172043800354
large-sc1941,19604,1.5160179138183594
large-sc1941,19620,1.4906933307647705
large-sc1941,19621,1.5101515054702759
large-sc1941,19627,1.562972068786621
large-sc1941,19628,1.50806725025177
large-sc1941,19629,1.5865143537521362
large-sc1941,19633,1.528525471687317
large-sc1941,19655,1.5506231784820557
large-sc1941,19685,1.527474284172058
large-sc1941,19686,1.4821274280548096
large-sc1941,19696,1.5203263759613037
large-sc1941,19700,1.546726942062378
large-sc1941,19704,1.5015034675598145
large-sc1941,19715,1.463334321975708
large-sc1941,19739,1.5095369815826416
large-sc1941,19750,1.530564546585083
large-sc1941,19762,1.544646978378296
large-sc1941,19768,1.5148426294326782
large-sc1941,19769,1.541488528251648
large-sc1941,19781,1.4894170761108398
large-sc1941,19785,1.4770967960357666
large-sc1941,19786,1.525580644607544
large-sc1941,19809,1.5219935178756714
large-sc1941,19828,1.4546129703521729
large-sc1941,19845,1.5512051582336426
large-sc1941,19860,1.5459102392196655
large-sc1941,19873,1.520188808441162
large-sc1941,19875,1.493668556213379
large-sc1941,19888,1.570101022720337
large-sc1941,19893,1.5062922239303589
large-sc1941,19897,1.5572890043258667
large-sc1941,19913,1.50284743309021
large-sc1941,19970,1.5354284048080444
large-sc1941,19990,1.5500746965408325
large-sc1941,19992,1.5543787479400635
large-sc1941,20066,1.4955331087112427
large-sc1941,20072,1.50803804397583
large-sc1941,20083,1.4852913618087769
large-sc1941,20084,1.521860122680664
large-sc1941,20085,1.5076864957809448
large-sc1941,20129,1.5270469188690186
large-sc1941,20203,1.5145996809005737
large-sc1941,20204,1.5736985206604004
large-sc1941,20214,1.5264841318130493
large-sc1941,20216,1.5521870851516724
large-sc1941,20231,1.5435268878936768
large-sc1941,20277,1.5417876243591309
large-sc1941,20278,1.518394112586975
large-sc1941,20308,1.4945805072784424
large-sc1941,20312,1.5602545738220215
large-sc1941,20314,1.4918792247772217
large-sc1941,20324,1.5229331254959106
large-sc1941,20343,1.5680060386657715
large-sc1941,20348,1.5433216094970703
large-sc1941,20353,1.527750849723816
large-sc1941,20354,1.523041009902954
large-sc1941,20360,1.558303952217102
large-sc1941,20377,1.475783348083496
large-sc1941,20385,1.51824152469635
large-sc1941,20388,1.4920639991760254
large-sc1941,20402,1.4846174716949463
large-sc1941,20406,1.5655137300491333
large-sc1941,20419,1.529576063156128
large-sc1941,20422,1.5875216722488403
large-sc1941,20428,1.5229073762893677
large-sc1941,20450,1.5564132928848267
large-sc1941,20511,1.5237752199172974
large-sc1941,20527,1.5078237056732178
large-sc1941,20529,1.5603175163269043
large-sc1941,20530,1.5349164009094238
large-sc1941,20544,1.5164352655410767
large-sc1941,20582,1.514575719833374
large-sc1941,20594,1.5526692867279053
large-sc1941,20602,1.5274858474731445
large-sc1941,20609,1.5295195579528809
large-sc1941,20619,1.5146772861480713
large-sc1941,20625,1.5059369802474976
large-sc1941,20654,1.503760814666748
large-sc1941,20685,1.5100297927856445
large-sc1941,20734,1.5625331401824951
large-sc1941,20748,1.4633615016937256
large-sc1941,20764,1.5254490375518799
large-sc1941,20768,1.4589555263519287
large-sc1941,20827,1.4743952751159668
large-sc1941,20874,1.53086519241333
large-sc1941,20895,1.529625654220581
large-sc1941,20901,1.4812443256378174
large-sc1941,20907,1.5560492277145386
large-sc1941,20927,1.5180467367172241
large-sc1941,20932,1.4982688426971436
large-sc1941,20946,1.522350549697876
large-sc1941,20968,1.5260047912597656
large-sc1941,20973,1.4721722602844238
large-sc1941,20987,1.5402195453643799
large-sc1941,20995,1.4821995496749878
large-sc1941,21012,1.4771404266357422
large-sc1941,21014,1.4693390130996704
large-sc1941,21057,1.5055619478225708
large-sc1941,21070,1.5037744045257568
large-sc1941,21083,1.5317590236663818
large-sc1941,21097,1.419155478477478
large-sc1941,21103,1.5504461526870728
large-sc1941,21122,1.5629997253417969
large-sc1941,21131,1.5112431049346924
large-sc1941,21159,1.5543866157531738
large-sc1941,21164,1.5140817165374756
large-sc1941,21165,1.478886365890503
large-sc1941,21174,1.4846463203430176
large-sc1941,21194,1.4967982769012451
large-sc1941,21201,1.5363268852233887
large-sc1941,21209,1.4948818683624268
large-sc1941,21224,1.4855825901031494
large-sc1941,21239,1.520153522491455
large-sc1941,21253,1.4868299961090088
large-sc1941,21282,1.5023796558380127
large-sc1941,21299,1.508686900138855
large-sc1941,21336,1.4870730638504028
large-sc1941,21343,1.5267181396484375
large-sc1941,21355,1.5232692956924438
large-sc1941,21389,1.5188593864440918
large-sc1941,21419,1.578627109527588
large-sc1941,21464,1.5643595457077026
large-sc1941,21476,1.4690498113632202
large-sc1941,21478,1.497201681137085
large-sc1941,21486,1.4664156436920166
large-sc1941,21487,1.5234853029251099
large-sc1941,21554,1.4954173564910889
large-sc1941,21574,1.5160272121429443
large-sc1941,21588,1.52921462059021
large-sc1941,21614,1.5240423679351807
large-sc1941,21647,1.4918071031570435
large-sc1941,21678,1.5397419929504395
large-sc1941,21720,1.479541301727295
large-sc1941,21727,1.5270934104919434
large-sc1941,21734,1.5003347396850586
large-sc1941,21735,1.4804363250732422
large-sc1941,21744,1.5211670398712158
large-sc1941,21759,1.561605453491211
large-sc1941,21767,1.5328967571258545
large-sc1941,21768,1.4702188968658447
large-sc1941,21770,1.5323094129562378
large-sc1941,21776,1.5309486389160156
large-sc1941,21810,1.525688886642456
large-sc1941,21813,1.4855417013168335
large-sc1941,21832,1.554256558418274
large-sc1941,21836,1.5100250244140625
large-sc1941,21845,1.4649829864501953
large-sc1941,21867,1.5235319137573242
large-sc1941,21875,1.555532693862915
large-sc1941,21913,1.5223082304000854
large-sc1941,21924,1.464025616645813
large-sc1941,21966,1.4943987131118774
large-sc1941,21977,1.5275485515594482
large-sc1941,21981,1.4804482460021973
large-sc1941,22003,1.4952483177185059
large-sc1941,22013,1.513540267944336
large-sc1941,22029,1.5583314895629883
large-sc1941,22035,1.5053653717041016
large-sc1941,22052,1.5081305503845215
large-sc1941,22061,1.5026911497116089
large-sc1941,22064,1.4955052137374878
large-sc1941,22068,1.4669709205627441
large-sc1941,22101,1.5231602191925049
large-sc1941,22151,1.5306007862091064
large-sc1941,22157,1.4912620782852173
large-sc1941,22173,1.5006113052368164
large-sc1941,22190,1.5511531829833984
large-sc1941,22253,1.5484514236450195
large-sc1941,22280,1.5182132720947266
large-sc1941,22298,1.5482127666473389
large-sc1941,22305,1.4834004640579224
large-sc1941,22310,1.48567533493042
large-sc1941,22346,1.544487476348877
large-sc1941,22379,1.5069265365600586
large-sc1941,22400,1.5363355875015259
large-sc1941,22411,1.4977020025253296
large-sc1941,22415,1.5139546394348145
large-sc1941,22436,1.527458667755127
large-sc1941,22444,1.5675640106201172
large-sc1941,22471,1.4993340969085693
large-sc1941,22498,1.5233080387115479
large-sc1941,22523,1.4806172847747803
large-sc1941,22539,1.524533748626709
large-sc1941,22554,1.5040767192840576
large-sc1941,22557,1.5418918132781982
large-sc1941,22578,1.5028014183044434
large-sc1941,22591,1.5052800178527832
large-sc1941,22607,1.4541233777999878
large-sc1941,22618,1.5195181369781494
large-sc1941,22625,1.481691837310791
large-sc1941,22655,1.5140273571014404
large-sc1941,22671,1.504554033279419
large-sc1941,22678,1.4747016429901123
large-sc1941,22695,1.5076316595077515
large-sc1941,22709,1.48814857006073
large-sc1941,22724,1.521596908569336
large-sc1941,22731,1.5434410572052002
large-sc1941,22732,1.5261561870574951
large-sc1941,22748,1.490803599357605
large-sc1941,22775,1.520872950553894
large-sc1941,22786,1.5037004947662354
large-sc1941,22795,1.5309768915176392
large-sc1941,22802,1.4953309297561646
large-sc1941,22836,1.4686307907104492
large-sc1941,22861,1.5072343349456787
large-sc1941,22900,1.5060453414916992
large-sc1941,22922,1.4812992811203003
large-sc1941,22927,1.511001467704773
large-sc1941,22930,1.4659762382507324
large-sc1941,22943,1.4529306888580322
large-sc1941,22975,1.4674690961837769
large-sc1941,22987,1.4549592733383179
large-sc1941,23000,1.488895297050476
large-sc1941,23001,1.5154225826263428
large-sc1941,23004,1.4466429948806763
large-sc1941,23038,1.4313135147094727
large-sc1941,23066,1.4562890529632568
large-sc1941,23074,1.5199438333511353
large-sc1941,23101,1.4827849864959717
large-sc1941,23116,1.5121122598648071
large-sc1941,23120,1.5053620338439941
large-sc1941,23155,1.4313385486602783
large-sc1941,23163,1.4693127870559692
large-sc1941,23211,1.4743444919586182
large-sc1941,23225,1.47413170337677
large-sc1941,23243,1.4900925159454346
large-sc1941,23249,1.473010540008545
large-sc1941,23251,1.5382661819458008
large-sc1941,23262,1.516851544380188
large-sc1941,23279,1.5535295009613037
large-sc1941,23309,1.5356351137161255
large-sc1941,23317,1.4662202596664429
large-sc1941,23323,1.434525489807129
large-sc1941,23325,1.4907615184783936
large-sc1941,23335,1.5704152584075928
large-sc1941,23341,1.5417990684509277
large-sc1941,23343,1.5095703601837158
large-sc1941,23367,1.480889081954956
large-sc1941,23370,1.5487321615219116
large-sc1941,23376,1.5001665353775024
large-sc1941,23381,1.5103836059570312
large-sc1941,23414,1.4956276416778564
large-sc1941,23427,1.4126161336898804
large-sc1941,23446,1.542885422706604
large-sc1941,23471,1.4945471286773682
large-sc1941,23475,1.4617338180541992
large-sc1941,23476,1.4963624477386475
large-sc1941,23512,1.4847774505615234
large-sc1941,23525,1.4849207401275635
large-sc1941,23534,1.4918500185012817
large-sc1941,23540,1.5581235885620117
large-sc1941,23541,1.498091459274292
large-sc1941,23543,1.495197057723999
large-sc1941,23596,1.4948338270187378
large-sc1941,23628,1.5185438394546509
large-sc1941,23653,1.4524508714675903
large-sc1941,23671,1.5365784168243408
large-sc1941,23757,1.4636108875274658
large-sc1941,23764,1.5103144645690918
large-sc1941,23773,1.505345344543457
large-sc1941,23785,1.4795540571212769
large-sc1941,23796,1.4459166526794434
large-sc1941,23801,1.4560859203338623
large-sc1941,23815,1.477433443069458
large-sc1941,23819,1.5011433362960815
large-sc1941,23835,1.484178066253662
large-sc1941,23836,1.478217601776123
large-sc1941,23860,1.4635257720947266
large-sc1941,23871,1.545040488243103
large-sc1941,23879,1.4968647956848145
large-sc1941,23881,1.413519024848938
large-sc1941,23891,1.4996384382247925
large-sc1941,23920,1.5235493183135986
large-sc1941,23934,1.5015813112258911
large-sc1941,23936,1.5169185400009155
large-sc1941,23943,1.474843978881836
large-sc1941,23949,1.4980404376983643
large-sc1941,23966,1.4707669019699097
large-sc1941,23973,1.508209466934204
large-sc1941,24004,1.5249910354614258
large-sc1941,24009,1.4631743431091309
large-sc1941,24015,1.4438867568969727
large-sc1941,24028,1.4929604530334473
large-sc1941,24056,1.4581785202026367
large-sc1941,24080,1.5340259075164795
large-sc1941,24115,1.5004541873931885
large-sc1941,24124,1.4813908338546753
large-sc1941,24173,1.5145032405853271
large-sc1941,24189,1.5164679288864136
large-sc1941,24209,1.5294277667999268
large-sc1941,24212,1.5092573165893555
large-sc1941,24213,1.4808993339538574
large-sc1941,24218,1.49193274974823
large-sc1941,24225,1.509390115737915
large-sc1941,24250,1.4536540508270264
large-sc1941,24257,1.4936342239379883
large-sc1941,24263,1.457266092300415
large-sc1941,24302,1.476786494255066
large-sc1941,24305,1.5314000844955444
large-sc1941,24332,1.4622682332992554
large-sc1941,24369,1.5279170274734497
large-sc1941,24389,1.449587345123291
large-sc1941,24409,1.5380038022994995
large-sc1941,24420,1.517695665359497
large-sc1941,24430,1.511366844177246
large-sc1941,24442,1.4670971632003784
large-sc1941,24484,1.5174496173858643
large-sc1941,24512,1.4639582633972168
large-sc1941,24525,1.5242668390274048
large-sc1941,24534,1.4919990301132202
large-sc1941,24543,1.4783546924591064
large-sc1941,24569,1.576102375984192
large-sc1941,24583,1.5351547002792358
large-sc1941,24597,1.4925198554992676
large-sc1941,24598,1.4771146774291992
large-sc1941,24625,1.4885485172271729
large-sc1941,24635,1.4398634433746338
large-sc1941,24654,1.4714725017547607
large-sc1941,24661,1.4380090236663818
large-sc1941,24668,1.424308180809021
large-sc1941,24711,1.437740445137024
large-sc1941,24721,1.4908480644226074
large-sc1941,24745,1.4279961585998535
large-sc1941,24749,1.4606616497039795
large-sc1941,24756,1.4413197040557861
large-sc1941,24794,1.528793454170227
large-sc1941,24831,1.4964191913604736
large-sc1941,24848,1.4469738006591797
large-sc1941,24881,1.5113855600357056
large-sc1941,24887,1.4837855100631714
large-sc1941,24893,1.5244066715240479
large-sc1941,24896,1.5393404960632324
large-sc1941,24908,1.4990262985229492
large-sc1941,24925,1.4422731399536133
large-sc1941,24928,1.4564523696899414
large-sc1941,24946,1.4459025859832764
large-sc1941,24947,1.5177478790283203
large-sc1941,24955,1.4984302520751953
large-sc1941,24963,1.5084604024887085
large-sc1941,24966,1.4053962230682373
large-sc1941,24969,1.485965609550476
large-sc1941,25003,1.48927903175354
large-sc1941,25021,1.5229741334915161
large-sc1941,25040,1.4827431440353394
large-sc1941,25070,1.5328963994979858
large-sc1941,25077,1.4667444229125977
large-sc1941,25094,1.462629795074463
large-sc1941,25132,1.550581932067871
large-sc1941,25159,1.4915614128112793
large-sc1941,25162,1.5017300844192505
large-sc1941,25178,1.4637861251831055
large-sc1941,25226,1.4684911966323853
large-sc1941,25234,1.5005271434783936
large-sc1941,25250,1.512352705001831
large-sc1941,25276,1.4073692560195923
large-sc1941,25288,1.5384641885757446
large-sc1941,25296,1.5178903341293335
large-sc1941,25302,1.5015449523925781
large-sc1941,25315,1.4578803777694702
large-sc1941,25328,1.477064609527588
large-sc1941,25353,1.4680864810943604
large-sc1941,25359,1.4839798212051392
large-sc1941,25369,1.4914946556091309
large-sc1941,25375,1.463465690612793
large-sc1941,25386,1.4830443859100342
large-sc1941,25393,1.5141572952270508
large-sc1941,25401,1.5040905475616455
large-sc1941,25404,1.441253900527954
large-sc1941,25405,1.4587018489837646
large-sc1941,25415,1.4692193269729614
large-sc1941,25468,1.484070062637329
large-sc1941,25476,1.4894983768463135
large-sc1941,25483,1.4974288940429688
large-sc1941,25508,1.4794867038726807
large-sc1941,25555,1.5132126808166504
large-sc1941,25575,1.505942702293396
large-sc1941,25599,1.4459965229034424
large-sc1941,25605,1.4998815059661865
large-sc1941,25608,1.444036841392517
large-sc1941,25611,1.5186982154846191
large-sc1941,25619,1.4590508937835693
large-sc1941,25631,1.4927301406860352
large-sc1941,25705,1.5223238468170166
large-sc1941,25713,1.460874319076538
large-sc1941,25716,1.5169124603271484
large-sc1941,25736,1.432816982269287
large-sc1941,25747,1.520796537399292
large-sc1941,25756,1.4952962398529053
large-sc1941,25788,1.5041990280151367
large-sc1941,25791,1.516143560409546
large-sc1941,25792,1.479763388633728
large-sc1941,25793,1.5126945972442627
large-sc1941,25824,1.4930541515350342
large-sc1941,25845,1.4953100681304932
large-sc1941,25849,1.455675721168518
large-sc1941,25852,1.429538369178772
large-sc1941,25860,1.4590868949890137
large-sc1941,25895,1.4623196125030518
large-sc1941,25941,1.4684112071990967
large-sc1941,25951,1.5360782146453857
large-sc1941,25955,1.5178532600402832
large-sc1941,25975,1.4893004894256592
large-sc1941,26004,1.4882253408432007
large-sc1941,26008,1.4801487922668457
large-sc1941,26036,1.4194544553756714
large-sc1941,26066,1.446326732635498
large-sc1941,26073,1.469484567642212
large-sc1941,26074,1.4569063186645508
large-sc1941,26084,1.524080514907837
large-sc1941,26090,1.5505962371826172
large-sc1941,26101,1.5168622732162476
large-sc1941,26121,1.4169846773147583
large-sc1941,26131,1.5238944292068481
large-sc1941,26152,1.4734463691711426
large-sc1941,26181,1.4863910675048828
large-sc1941,26182,1.4169094562530518
large-sc1941,26185,1.499760627746582
large-sc1941,26189,1.504451036453247
large-sc1941,26228,1.4762556552886963
large-sc1941,26279,1.4787228107452393
large-sc1941,26286,1.4071887731552124
large-sc1941,26287,1.5012444257736206
large-sc1941,26304,1.4722744226455688
large-sc1941,26313,1.4783573150634766
large-sc1941,26322,1.4924256801605225
large-sc1941,26394,1.491180658340454
large-sc1941,26408,1.4482793807983398
large-sc1941,26422,1.488192081451416
large-sc1941,26433,1.5067987442016602
large-sc1941,26444,1.4988901615142822
large-sc1941,26447,1.5531831979751587
large-sc1941,26453,1.5209596157073975
large-sc1941,26464,1.4359071254730225
large-sc1941,26474,1.458606481552124
large-sc1941,26479,1.463812232017517
large-sc1941,26483,1.4944865703582764
large-sc1941,26487,1.5160198211669922
large-sc1941,26492,1.4673457145690918
large-sc1941,26502,1.5042009353637695
large-sc1941,26524,1.4936389923095703
large-sc1941,26538,1.4527841806411743
large-sc1941,26566,1.4950803518295288
large-sc1941,26591,1.465260624885559
large-sc1941,26624,1.4582109451293945
large-sc1941,26625,1.4812586307525635
large-sc1941,26644,1.5048799514770508
large-sc1941,26646,1.5079748630523682
large-sc1941,26679,1.4520370960235596
large-sc1941,26708,1.5253498554229736
large-sc1941,26728,1.511420726776123
large-sc1941,26735,1.4822635650634766
large-sc1941,26743,1.5082091093063354
large-sc1941,26763,1.4885480403900146
large-sc1941,26772,1.5410120487213135
large-sc1941,26792,1.4953356981277466
large-sc1941,26793,1.5136170387268066
large-sc1941,26796,1.5127638578414917
large-sc1941,26816,1.4967843294143677
large-sc1941,26836,1.5092391967773438
large-sc1941,26843,1.4784272909164429
large-sc1941,26857,1.4778867959976196
large-sc1941,26858,1.48564875125885
large-sc1941,26863,1.496603012084961
large-sc1941,26880,1.4479355812072754
large-sc1941,26897,1.5116959810256958
large-sc1941,26979,1.4579236507415771
large-sc1941,27031,1.467002511024475
large-sc1941,27055,1.5023787021636963
large-sc1941,27057,1.5073119401931763
large-sc1941,27063,1.5688042640686035
large-sc1941,27068,1.4164226055145264
large-sc1941,27070,1.4460816383361816
large-sc1941,27072,1.5132333040237427
large-sc1941,27074,1.492316484451294
large-sc1941,27076,1.4894465208053589
large-sc1941,27103,1.4636332988739014
large-sc1941,27119,1.5161455869674683
large-sc1941,27129,1.4787378311157227
large-sc1941,27134,1.4679841995239258
large-sc1941,27138,1.5273858308792114
large-sc1941,27140,1.4649884700775146
large-sc1941,27148,1.4667872190475464
large-sc1941,27152,1.4483009576797485
large-sc1941,27157,1.4943888187408447
large-sc1941,27158,1.495304822921753
large-sc1941,27159,1.5138322114944458
large-sc1941,27166,1.506279706954956
large-sc1941,27177,1.4789611101150513
large-sc1941,27182,1.463057041168213
large-sc1941,27186,1.4742573499679565
large-sc1941,27192,1.503570556640625
large-sc1941,27202,1.4726004600524902
large-sc1941,27207,1.467819333076477
large-sc1941,27258,1.5243875980377197
large-sc1941,27260,1.47730553150177
large-sc1941,27270,1.4817392826080322
large-sc1941,27285,1.4152109622955322
large-sc1941,27322,1.4990808963775635
large-sc1941,27343,1.4725487232208252
large-sc1941,27357,1.5012978315353394
large-sc1941,27358,1.5315731763839722
large-sc1941,27364,1.488747000694275
large-sc1941,27369,1.4942035675048828
large-sc1941,27440,1.478799819946289
large-sc1941,27463,1.4640308618545532
large-sc1941,27465,1.4992419481277466
large-sc1941,27489,1.440220594406128
large-sc1941,27510,1.468095302581787
large-sc1941,27523,1.498319149017334
large-sc1941,27530,1.4325886964797974
large-sc1941,27568,1.4750347137451172
large-sc1941,27587,1.444919466972351
large-sc1941,27589,1.4772017002105713
large-sc1941,27598,1.4717694520950317
large-sc1941,27610,1.4951748847961426
large-sc1941,27626,1.4783642292022705
large-sc1941,27630,1.4624277353286743
large-sc1941,27633,1.415234088897705
large-sc1941,27656,1.4808443784713745
large-sc1941,27666,1.5203733444213867
large-sc1941,27696,1.517214059829712
large-sc1941,27697,1.4907848834991455
large-sc1941,27706,1.5130764245986938
large-sc1941,27721,1.526750087738037
large-sc1941,27730,1.492875337600708
large-sc1941,27743,1.503738284111023
large-sc1941,27749,1.4300947189331055
large-sc1941,27769,1.499197006225586
large-sc1941,27817,1.5250823497772217
large-sc1941,27820,1.476318359375
large-sc1941,27828,1.4912546873092651
large-sc1941,27888,1.5329195261001587
large-sc1941,27947,1.4523077011108398
large-sc1941,27968,1.4662978649139404
large-sc1941,27971,1.505368947982788
large-sc1941,27990,1.4636554718017578
large-sc1941,28002,1.470184564590454
large-sc1941,28039,1.5132673978805542
large-sc1941,28051,1.4835624694824219
large-sc1941,28053,1.4734547138214111
large-sc1941,28054,1.4865384101867676
large-sc1941,28055,1.4840795993804932
large-sc1941,28064,1.479578971862793
large-sc1941,28073,1.4942729473114014
large-sc1941,28084,1.4859240055084229
large-sc1941,28102,1.5024508237838745
large-sc1941,28105,1.4659030437469482
large-sc1941,28107,1.470159888267517
large-sc1941,28118,1.4835326671600342
large-sc1941,28121,1.4609062671661377
large-sc1941,28124,1.447833776473999
large-sc1941,28138,1.4943225383758545
large-sc1941,28149,1.4352707862854004
large-sc1941,28155,1.4132616519927979
large-sc1941,28168,1.4982810020446777
large-sc1941,28170,1.4650590419769287
large-sc1941,28171,1.4526721239089966
large-sc1941,28209,1.4470674991607666
large-sc1941,28213,1.502945065498352
large-sc1941,28219,1.4553301334381104
large-sc1941,28223,1.5218812227249146
large-sc1941,28233,1.4959626197814941
large-sc1941,28234,1.452065348625183
large-sc1941,28245,1.478855848312378
large-sc1941,28256,1.5490927696228027
large-sc1941,28270,1.467600703239441
large-sc1941,28312,1.4988856315612793
large-sc1941,28346,1.430053472518921
large-sc1941,28349,1.4937525987625122
large-sc1941,28353,1.4716181755065918
large-sc1941,28354,1.4756181240081787
large-sc1941,28389,1.5004429817199707
large-sc1941,28399,1.4987517595291138
large-sc1941,28403,1.5081778764724731
large-sc1941,28410,1.502864122390747
large-sc1941,28416,1.4784963130950928
large-sc1941,28420,1.4362728595733643
large-sc1941,28421,1.5212119817733765
large-sc1941,28424,1.4862704277038574
large-sc1941,28442,1.445961356163025
large-sc1941,28476,1.5028295516967773
large-sc1941,28483,1.4832171201705933
large-sc1941,28489,1.5198402404785156
large-sc1941,28491,1.4651671648025513
large-sc1941,28493,1.4695041179656982
large-sc1941,28506,1.4884450435638428
large-sc1941,28529,1.4770234823226929
large-sc1941,28534,1.435788869857788
large-sc1941,28558,1.4705810546875
large-sc1941,28564,1.4808082580566406
large-sc1941,28580,1.4186863899230957
large-sc1941,28635,1.5046428442001343
large-sc1941,28641,1.4450714588165283
large-sc1941,28646,1.4669674634933472
large-sc1941,28672,1.4342942237854004
large-sc1941,28676,1.494328260421753
large-sc1941,28687,1.4751312732696533
large-sc1941,28709,1.4839494228363037
large-sc1941,28716,1.4474194049835205
large-sc1941,28741,1.5038726329803467
large-sc1941,28749,1.4457247257232666
large-sc1941,28750,1.4733648300170898
large-sc1941,28812,1.4281015396118164
large-sc1941,28818,1.499712347984314
large-sc1941,28824,1.5194507837295532
large-sc1941,28826,1.4207594394683838
large-sc1941,28836,1.5569239854812622
large-sc1941,28853,1.4501441717147827
large-sc1941,28944,1.4853863716125488
large-sc1941,28952,1.450195074081421
large-sc1941,28958,1.4902873039245605
large-sc1941,28975,1.4639227390289307
large-sc1941,28988,1.5185797214508057
large-sc1941,29023,1.4777140617370605
large-sc1941,29045,1.5117292404174805
large-sc1941,29058,1.4782181978225708
large-sc1941,29066,1.4887737035751343
large-sc1941,29070,1.4136821031570435
large-sc1941,29081,1.46061110496521
large-sc1941,29089,1.40940260887146
large-sc1941,29104,1.4828205108642578
large-sc1941,29132,1.488081455230713
large-sc1941,29146,1.4855375289916992
large-sc1941,29162,1.4607391357421875
large-sc1941,29178,1.5077180862426758
large-sc1941,29188,1.4614760875701904
large-sc1941,29226,1.4625051021575928
large-sc1941,29248,1.5229337215423584
large-sc1941,29263,1.469351053237915
large-sc1941,29276,1.4695663452148438
large-sc1941,29281,1.4237457513809204
large-sc1941,29299,1.4429737329483032
large-sc1941,29301,1.5094789266586304
large-sc1941,29317,1.4492738246917725
large-sc1941,29346,1.4632270336151123
large-sc1941,29347,1.4873067140579224
large-sc1941,29368,1.46064031124115
large-sc1941,29385,1.5156915187835693
large-sc1941,29413,1.4237110614776611
large-sc1941,29439,1.5485279560089111
large-sc1941,29444,1.5002830028533936
large-sc1941,29447,1.4879586696624756
large-sc1941,29455,1.447596549987793
large-sc1941,29459,1.5010709762573242
large-sc1941,29460,1.490783452987671
large-sc1941,29461,1.4506325721740723
large-sc1941,29463,1.5212640762329102
large-sc1941,29473,1.4987165927886963
large-sc1941,29480,1.4793413877487183
large-sc1941,29485,1.4593884944915771
large-sc1941,29506,1.4910937547683716
large-sc1941,29509,1.4739325046539307
large-sc1941,29542,1.4968336820602417
large-sc1941,29567,1.4684323072433472
large-sc1941,29569,1.476457118988037
large-sc1941,29575,1.5065078735351562
large-sc1941,29586,1.501640796661377
large-sc1941,29597,1.464033842086792
large-sc1941,29598,1.503177523612976
large-sc1941,29599,1.4898791313171387
large-sc1941,29601,1.5081794261932373
large-sc1941,29607,1.507370948791504
large-sc1941,29640,1.4815363883972168
large-sc1941,29650,1.5093004703521729
large-sc1941,29690,1.488115906715393
large-sc1941,29692,1.4742298126220703
large-sc1941,29704,1.4659277200698853
large-sc1941,29707,1.4838597774505615
large-sc1941,29711,1.4723713397979736
large-sc1941,29719,1.4892792701721191
large-sc1941,29725,1.4579284191131592
large-sc1941,29737,1.4407360553741455
large-sc1941,29745,1.5125064849853516
large-sc1941,29778,1.5262913703918457
large-sc1941,29828,1.4922775030136108
large-sc1941,29831,1.3952494859695435
large-sc1941,29898,1.5002599954605103
large-sc1941,29922,1.5126572847366333
large-sc1941,29931,1.507563829421997
large-sc1941,29968,1.4368846416473389
large-sc1941,29980,1.5066251754760742
large-sc1941,29982,1.4263451099395752
large-sc1941,30015,1.4811913967132568
large-sc1941,30039,1.479522466659546
large-sc1941,30046,1.491478681564331
large-sc1941,30062,1.4972763061523438
large-sc1941,30074,1.4876295328140259
large-sc1941,30112,1.446326494216919
large-sc1941,30119,1.4801949262619019
large-sc1941,30120,1.4452853202819824
large-sc1941,30123,1.4668097496032715
large-sc1941,30181,1.5118355751037598
large-sc1941,30185,1.4777517318725586
large-sc1941,30215,1.4650405645370483
large-sc1941,30216,1.4773533344268799
large-sc1941,30222,1.5274536609649658
large-sc1941,30224,1.4780234098434448
large-sc1941,30226,1.4799619913101196
large-sc1941,30254,1.4829792976379395
large-sc1941,30270,1.4517834186553955
large-sc1941,30284,1.4599087238311768
large-sc1941,30290,1.5590506792068481
large-sc1941,30294,1.4930920600891113
large-sc1941,30299,1.4680233001708984
large-sc1941,30310,1.4486329555511475
large-sc1941,30315,1.4750914573669434
large-sc1941,30325,1.4898796081542969
large-sc1941,30398,1.5158355236053467
large-sc1941,30406,1.4712027311325073
large-sc1941,30420,1.5088121891021729
large-sc1941,30422,1.485715627670288
large-sc1941,30443,1.4623875617980957
large-sc1941,30456,1.4988502264022827
large-sc1941,30458,1.4947813749313354
large-sc1941,30460,1.5121147632598877
large-sc1941,30481,1.5282659530639648
large-sc1941,30495,1.4632220268249512
large-sc1941,30516,1.481588363647461
large-sc1941,30519,1.4790374040603638
large-sc1941,30537,1.5043683052062988
large-sc1941,30584,1.5202279090881348
large-sc1941,30598,1.4584746360778809
large-sc1941,30627,1.4741469621658325
large-sc1941,30633,1.5040944814682007
large-sc1941,30659,1.519972562789917
large-sc1941,30675,1.474839448928833
large-sc1941,30683,1.475389003753662
large-sc1941,30747,1.4832276105880737
large-sc1941,30765,1.4715025424957275
large-sc1941,30769,1.452298879623413
large-sc1941,30808,1.4387174844741821
large-sc1941,30816,1.5516088008880615
large-sc1941,30820,1.4699680805206299
large-sc1941,30827,1.4641778469085693
large-sc1941,30830,1.4884816408157349
large-sc1941,30844,1.4419515132904053
large-sc1941,30846,1.4704010486602783
large-sc1941,30848,1.5267143249511719
large-sc1941,30864,1.4948605298995972
large-sc1941,30868,1.5255742073059082
large-sc1941,30890,1.486586093902588
large-sc1941,30924,1.5152263641357422
large-sc1941,30941,1.4491968154907227
large-sc1941,30943,1.5041488409042358
large-sc1941,30974,1.4850282669067383
large-sc1941,30982,1.6004018783569336
large-sc1941,30988,1.4659531116485596
large-sc1941,30996,1.4936652183532715
large-sc1941,31001,1.4705256223678589
large-sc1941,31010,1.461618185043335
large-sc1941,31011,1.5079987049102783
large-sc1941,31050,1.484069585800171
large-sc1941,31056,1.5125380754470825
large-sc1941,31060,1.4829604625701904
large-sc1941,31063,1.4866957664489746
large-sc1941,31076,1.4661586284637451
large-sc1941,31083,1.5403779745101929
large-sc1941,31097,1.5169880390167236
large-sc1941,31113,1.4818425178527832
large-sc1941,31140,1.4526076316833496
large-sc1941,31149,1.496219515800476
large-sc1941,31156,1.4768422842025757
large-sc1941,31173,1.4962596893310547
large-sc1941,31178,1.4371943473815918
large-sc1941,31182,1.4895505905151367
large-sc1941,31184,1.5164384841918945
large-sc1941,31193,1.4905924797058105
large-sc1941,31194,1.4739642143249512
large-sc1941,31223,1.489314317703247
large-sc1941,31226,1.4498785734176636
large-sc1941,31242,1.4969592094421387
large-sc1941,31254,1.459130048751831
large-sc1941,31257,1.443556547164917
large-sc1941,31265,1.4871989488601685
large-sc1941,31266,1.4469823837280273
large-sc1941,31274,1.483224868774414
large-sc1941,31291,1.4516524076461792
large-sc917,7,111.42695617675781
large-sc917,14,111.66740417480469
large-sc917,33,109.67688751220703
large-sc917,42,106.59799194335938
large-sc917,87,90.48550415039062
large-sc917,90,88.4179458618164
large-sc917,93,87.55986022949219
large-sc917,96,86.92794036865234
large-sc917,101,85.38523864746094
large-sc917,136,80.43280792236328
large-sc917,143,78.67127227783203
large-sc917,150,78.75621795654297
large-sc917,152,77.65052795410156
large-sc917,192,70.8681869506836
large-sc917,195,71.87757873535156
large-sc917,197,71.33355712890625
large-sc917,213,68.48612976074219
large-sc917,238,64.35633850097656
large-sc917,269,59.42491149902344
large-sc917,275,58.8631591796875
large-sc917,276,59.19087219238281
large-sc917,319,52.359092712402344
large-sc917,323,50.920631408691406
large-sc917,372,42.88063049316406
large-sc917,378,42.27247619628906
large-sc917,382,41.491764068603516
large-sc917,405,37.99214553833008
large-sc917,425,35.16382598876953
large-sc917,441,33.20454406738281
large-sc917,444,33.00290298461914
large-sc917,458,31.458267211914062
large-sc917,502,26.97418975830078
large-sc917,506,26.369518280029297
large-sc917,511,25.707714080810547
large-sc917,512,25.771175384521484
large-sc917,519,25.67076873779297
large-sc917,527,24.799924850463867
large-sc917,531,24.297992706298828
large-sc917,535,23.547075271606445
large-sc917,545,23.40159034729004
large-sc917,574,21.56979751586914
large-sc917,584,20.87283706665039
large-sc917,610,18.788726806640625
large-sc917,617,18.048202514648438
large-sc917,622,17.724082946777344
large-sc917,629,17.455896377563477
large-sc917,652,16.462844848632812
large-sc917,672,15.606904029846191
large-sc917,678,15.409086227416992
large-sc917,682,14.644367218017578
large-sc917,686,14.486522674560547
large-sc917,690,14.629827499389648
large-sc917,696,14.6446533203125
large-sc917,698,14.196501731872559
large-sc917,720,13.814130783081055
large-sc917,731,12.776247024536133
large-sc917,735,12.947090148925781
large-sc917,745,12.76616096496582
large-sc917,753,12.889453887939453
large-sc917,764,12.832115173339844
large-sc917,775,12.228946685791016
large-sc917,812,12.18317985534668
large-sc917,841,11.602420806884766
large-sc917,862,10.905879974365234
large-sc917,872,10.663103103637695
large-sc917,897,10.65378189086914
large-sc917,908,10.42579460144043
large-sc917,918,9.989416122436523
large-sc917,929,10.292287826538086
large-sc917,946,9.466877937316895
large-sc917,949,10.193473815917969
large-sc917,981,9.40392780303955
large-sc917,991,9.433804512023926
large-sc917,993,9.195301055908203
large-sc917,1012,8.895319938659668
large-sc917,1014,8.585467338562012
large-sc917,1021,8.970076560974121
large-sc917,1022,8.56338119506836
large-sc917,1027,8.415475845336914
large-sc917,1041,8.511313438415527
large-sc917,1064,8.53763198852539
large-sc917,1094,8.417404174804688
large-sc917,1128,7.678149700164795
large-sc917,1132,7.8537917137146
large-sc917,1134,7.664740562438965
large-sc917,1158,7.9165754318237305
large-sc917,1161,7.937716484069824
large-sc917,1176,7.711601257324219
large-sc917,1215,7.592569351196289
large-sc917,1232,7.666651248931885
large-sc917,1266,7.490036487579346
large-sc917,1289,7.322797775268555
large-sc917,1300,7.141934394836426
large-sc917,1302,7.190286636352539
large-sc917,1308,7.334012031555176
large-sc917,1320,7.211785793304443
large-sc917,1336,7.130646705627441
large-sc917,1344,6.866925239562988
large-sc917,1356,6.984560966491699
large-sc917,1364,7.122337818145752
large-sc917,1370,6.831660747528076
large-sc917,1371,7.063576698303223
large-sc917,1374,6.701521873474121
large-sc917,1401,6.719076156616211
large-sc917,1420,6.586594581604004
large-sc917,1433,7.124349594116211
large-sc917,1439,6.8304595947265625
large-sc917,1448,6.813667297363281
large-sc917,1462,6.872270584106445
large-sc917,1468,6.928545951843262
large-sc917,1472,6.643062591552734
large-sc917,1483,6.586568832397461
large-sc917,1512,6.278835773468018
large-sc917,1522,6.686397075653076
large-sc917,1524,6.429843902587891
large-sc917,1539,6.533743381500244
large-sc917,1551,6.387726783752441
large-sc917,1561,6.497110366821289
large-sc917,1562,6.0620012283325195
large-sc917,1566,6.359402656555176
large-sc917,1567,6.34213924407959
large-sc917,1623,6.236763954162598
large-sc917,1628,6.149077415466309
large-sc917,1634,6.257622241973877
large-sc917,1660,6.08420467376709
large-sc917,1686,6.037386894226074
large-sc917,1725,6.199902534484863
large-sc917,1729,6.1368303298950195
large-sc917,1739,6.120461463928223
large-sc917,1762,5.776447296142578
large-sc917,1765,5.9132080078125
large-sc917,1774,6.116357803344727
large-sc917,1805,6.025761604309082
large-sc917,1826,5.654183387756348
large-sc917,1860,5.864711761474609
large-sc917,1889,5.685324668884277
large-sc917,1938,5.7807393074035645
large-sc917,1939,5.631229400634766
large-sc917,1947,5.662795543670654
large-sc917,1956,5.382296562194824
large-sc917,1965,5.737034320831299
large-sc917,1972,5.4529829025268555
large-sc917,1976,5.607171058654785
large-sc917,1978,5.6153106689453125
large-sc917,2009,5.989323616027832
large-sc917,2036,5.701842308044434
large-sc917,2060,5.761293888092041
large-sc917,2078,5.370260715484619
large-sc917,2090,5.506668567657471
large-sc917,2174,5.631731033325195
large-sc917,2193,5.347646713256836
large-sc917,2205,5.17609977722168
large-sc917,2206,5.2598466873168945
large-sc917,2229,5.727007865905762
large-sc917,2288,5.421692848205566
large-sc917,2293,5.156843662261963
large-sc917,2311,5.31118106842041
large-sc917,2378,5.32027006149292
large-sc917,2389,5.040114402770996
large-sc917,2397,5.0699310302734375
large-sc917,2430,5.266446113586426
large-sc917,2441,5.056853771209717
large-sc917,2447,5.074631690979004
large-sc917,2448,5.344805717468262
large-sc917,2464,5.182107925415039
large-sc917,2508,5.009300708770752
large-sc917,2516,4.995265483856201
large-sc917,2541,4.874486446380615
large-sc917,2548,4.904717445373535
large-sc917,2585,4.910700798034668
large-sc917,2590,4.930459976196289
large-sc917,2600,4.927972316741943
large-sc917,2606,4.737278461456299
large-sc917,2610,4.988968372344971
large-sc917,2615,4.910979747772217
large-sc917,2630,5.0365118980407715
large-sc917,2650,4.988771915435791
large-sc917,2660,5.082677841186523
large-sc917,2662,4.9486165046691895
large-sc917,2666,4.894248008728027
large-sc917,2733,4.862613201141357
large-sc917,2735,4.8289570808410645
large-sc917,2738,4.789097785949707
large-sc917,2740,4.794295310974121
large-sc917,2746,4.887599945068359
large-sc917,2756,4.793754577636719
large-sc917,2775,4.764577865600586
large-sc917,2781,4.871455192565918
large-sc917,2796,4.55754280090332
large-sc917,2801,4.781010627746582
large-sc917,2839,4.742183685302734
large-sc917,2872,4.5995683670043945
large-sc917,2884,4.6528496742248535
large-sc917,2887,4.58807373046875
large-sc917,2897,4.713613510131836
large-sc917,2900,4.431471824645996
large-sc917,2903,4.697447776794434
large-sc917,2910,4.709871292114258
large-sc917,2925,4.705232620239258
large-sc917,2963,4.655317783355713
large-sc917,2969,4.690265655517578
large-sc917,2977,4.605051517486572
large-sc917,2991,4.5918402671813965
large-sc917,2992,4.499429225921631
large-sc917,2993,4.577308654785156
large-sc917,3025,4.604851245880127
large-sc917,3026,4.564090251922607
large-sc917,3049,4.493827819824219
large-sc917,3051,4.658583164215088
large-sc917,3061,4.636613845825195
large-sc917,3103,4.508094310760498
large-sc917,3112,4.438330173492432
large-sc917,3135,4.507443428039551
large-sc917,3159,4.641193389892578
large-sc917,3171,4.595287322998047
large-sc917,3183,4.334348678588867
large-sc917,3190,4.5645246505737305
large-sc917,3248,4.550834655761719
large-sc917,3277,4.3564934730529785
large-sc917,3289,4.3244171142578125
large-sc917,3312,4.408261775970459
large-sc917,3316,4.369894981384277
large-sc917,3358,4.364027976989746
large-sc917,3376,4.297579765319824
large-sc917,3380,4.347079277038574
large-sc917,3401,4.428870677947998
large-sc917,3402,4.322592735290527
large-sc917,3406,4.490018367767334
large-sc917,3408,4.335103511810303
large-sc917,3415,4.381997585296631
large-sc917,3416,4.350831031799316
large-sc917,3433,4.252298355102539
large-sc917,3434,4.331573963165283
large-sc917,3435,4.499778747558594
large-sc917,3452,4.1965765953063965
large-sc917,3456,4.258856773376465
large-sc917,3495,4.342040538787842
large-sc917,3503,4.249988555908203
large-sc917,3527,4.290240287780762
large-sc917,3539,4.295046329498291
large-sc917,3548,4.182584762573242
large-sc917,3553,4.247978687286377
large-sc917,3555,4.204022407531738
large-sc917,3563,4.1073760986328125
large-sc917,3578,4.219303607940674
large-sc917,3579,4.085618019104004
large-sc917,3587,4.307065963745117
large-sc917,3643,4.328825950622559
large-sc917,3646,4.209901809692383
large-sc917,3661,4.154318332672119
large-sc917,3677,4.279315948486328
large-sc917,3684,4.190760612487793
large-sc917,3707,4.2350311279296875
large-sc917,3708,4.209662437438965
large-sc917,3717,4.188772201538086
large-sc917,3724,4.122165679931641
large-sc917,3737,4.024907112121582
large-sc917,3779,4.0794806480407715
large-sc917,3792,4.138144493103027
large-sc917,3794,4.069275856018066
large-sc917,3800,4.1488118171691895
large-sc917,3811,4.094440460205078
large-sc917,3812,4.174295902252197
large-sc917,3817,4.146419048309326
large-sc917,3854,4.083680152893066
large-sc917,3878,3.9063057899475098
large-sc917,3882,4.204660415649414
large-sc917,3894,4.287517547607422
large-sc917,3897,4.064397811889648
large-sc917,3905,3.9926302433013916
large-sc917,3928,4.15013313293457
large-sc917,3930,3.9852371215820312
large-sc917,3954,4.064713478088379
large-sc917,4012,4.099399566650391
large-sc917,4014,4.176325798034668
large-sc917,4016,3.971766471862793
large-sc917,4024,3.9667882919311523
large-sc917,4049,4.076358795166016
large-sc917,4079,4.023270606994629
large-sc917,4092,4.023632049560547
large-sc917,4098,4.053676128387451
large-sc917,4111,3.9489381313323975
large-sc917,4118,4.0698747634887695
large-sc917,4125,4.027224063873291
large-sc917,4149,3.9483156204223633
large-sc917,4169,3.879873037338257
large-sc917,4180,3.867189407348633
large-sc917,4205,3.9658572673797607
large-sc917,4210,3.9752120971679688
large-sc917,4240,3.718235969543457
large-sc917,4260,3.9571802616119385
large-sc917,4273,3.9387030601501465
large-sc917,4278,3.962442398071289
large-sc917,4280,3.9996044635772705
large-sc917,4284,3.748000383377075
large-sc917,4306,3.8060405254364014
large-sc917,4330,3.931309938430786
large-sc917,4352,4.021806716918945
large-sc917,4368,3.7234857082366943
large-sc917,4386,3.8479607105255127
large-sc917,4394,3.852558135986328
large-sc917,4454,3.8524045944213867
large-sc917,4493,3.93446946144104
large-sc917,4499,3.977174758911133
large-sc917,4543,3.9287352561950684
large-sc917,4580,3.734182596206665
large-sc917,4593,3.8183412551879883
large-sc917,4601,3.98759126663208
large-sc917,4605,3.8482728004455566
large-sc917,4631,3.90012264251709
large-sc917,4634,3.721540927886963
large-sc917,4640,3.950645923614502
large-sc917,4645,3.864499568939209
large-sc917,4650,3.768697500228882
large-sc917,4654,3.9083352088928223
large-sc917,4678,3.8196892738342285
large-sc917,4683,3.9370346069335938
large-sc917,4703,3.6544876098632812
large-sc917,4741,3.849851608276367
large-sc917,4747,3.7144548892974854
large-sc917,4759,3.8132541179656982
large-sc917,4763,3.7550292015075684
large-sc917,4771,3.7284693717956543
large-sc917,4797,3.768786907196045
large-sc917,4821,3.7075376510620117
large-sc917,4822,3.75119686126709
large-sc917,4850,3.7646851539611816
large-sc917,4864,3.760704517364502
large-sc917,4891,3.666529655456543
large-sc917,4941,3.6584033966064453
large-sc917,4971,3.737215995788574
large-sc917,5015,3.775984287261963
large-sc917,5032,3.7490005493164062
large-sc917,5040,3.6735479831695557
large-sc917,5065,3.6596145629882812
large-sc917,5073,3.7111711502075195
large-sc917,5107,3.713000774383545
large-sc917,5148,3.6675541400909424
large-sc917,5172,3.6952316761016846
large-sc917,5176,3.750786542892456
large-sc917,5185,3.6985199451446533
large-sc917,5216,3.6483206748962402
large-sc917,5233,3.5964884757995605
large-sc917,5238,3.685237407684326
large-sc917,5271,3.4860849380493164
large-sc917,5275,3.5832438468933105
large-sc917,5279,3.624218702316284
large-sc917,5287,3.60398530960083
large-sc917,5302,3.7993483543395996
large-sc917,5304,3.7492897510528564
large-sc917,5326,3.8362178802490234
large-sc917,5344,3.6027603149414062
large-sc917,5348,3.556373357772827
large-sc917,5355,3.492368698120117
large-sc917,5357,3.5160224437713623
large-sc917,5369,3.641876220703125
large-sc917,5443,3.5517935752868652
large-sc917,5450,3.6190109252929688
large-sc917,5454,3.5544004440307617
large-sc917,5463,3.650843858718872
large-sc917,5475,3.556466579437256
large-sc917,5482,3.4707846641540527
large-sc917,5485,3.692878007888794
large-sc917,5494,3.58648943901062
large-sc917,5528,3.546809196472168
large-sc917,5534,3.632880210876465
large-sc917,5543,3.546576976776123
large-sc917,5546,3.4403858184814453
large-sc917,5549,3.5921316146850586
large-sc917,5558,3.5799684524536133
large-sc917,5565,3.4317612648010254
large-sc917,5566,3.513026714324951
large-sc917,5569,3.658383369445801
large-sc917,5572,3.5477442741394043
large-sc917,5621,3.6908435821533203
large-sc917,5641,3.4685258865356445
large-sc917,5652,3.482137441635132
large-sc917,5656,3.638298988342285
large-sc917,5669,3.502269744873047
large-sc917,5671,3.424863576889038
large-sc917,5682,3.5460798740386963
large-sc917,5689,3.5813803672790527
large-sc917,5729,3.420243263244629
large-sc917,5749,3.5303454399108887
large-sc917,5794,3.3692455291748047
large-sc917,5803,3.4417667388916016
large-sc917,5811,3.5263233184814453
large-sc917,5829,3.6083173751831055
large-sc917,5865,3.5507068634033203
large-sc917,5909,3.4759788513183594
large-sc917,5923,3.4526567459106445
large-sc917,5986,3.3638672828674316
large-sc917,5997,3.482678174972534
large-sc917,6005,3.6018145084381104
large-sc917,6026,3.5345797538757324
large-sc917,6032,3.4505136013031006
large-sc917,6059,3.462130069732666
large-sc917,6071,3.422456741333008
large-sc917,6081,3.467804193496704
large-sc917,6127,3.3702139854431152
large-sc917,6128,3.3414154052734375
large-sc917,6136,3.501601457595825
large-sc917,6150,3.3600616455078125
large-sc917,6154,3.433013916015625
large-sc917,6162,3.432063579559326
large-sc917,6183,3.450004816055298
large-sc917,6185,3.4126980304718018
large-sc917,6186,3.4398927688598633
large-sc917,6192,3.3555259704589844
large-sc917,6211,3.5283920764923096
large-sc917,6213,3.5179104804992676
large-sc917,6215,3.4619650840759277
large-sc917,6225,3.4853150844573975
large-sc917,6236,3.391218423843384
large-sc917,6240,3.3010141849517822
large-sc917,6260,3.4235761165618896
large-sc917,6299,3.351078510284424
large-sc917,6331,3.3765015602111816
large-sc917,6359,3.5321357250213623
large-sc917,6409,3.4396591186523438
large-sc917,6414,3.264747381210327
large-sc917,6458,3.308300495147705
large-sc917,6475,3.247986078262329
large-sc917,6479,3.3485779762268066
large-sc917,6486,3.269571542739868
large-sc917,6487,3.1983842849731445
large-sc917,6516,3.303966522216797
large-sc917,6522,3.4366588592529297
large-sc917,6537,3.399099826812744
large-sc917,6544,3.3719429969787598
large-sc917,6547,3.3169984817504883
large-sc917,6553,3.3574271202087402
large-sc917,6562,3.3923964500427246
large-sc917,6567,3.322266101837158
large-sc917,6604,3.3927383422851562
large-sc917,6614,3.270158290863037
large-sc917,6626,3.394223213195801
large-sc917,6636,3.241976499557495
large-sc917,6642,3.294609546661377
large-sc917,6654,3.4747002124786377
large-sc917,6666,3.2240657806396484
large-sc917,6686,3.313556671142578
large-sc917,6688,3.258124589920044
large-sc917,6697,3.2454850673675537
large-sc917,6703,3.2306604385375977
large-sc917,6741,3.2022876739501953
large-sc917,6752,3.296598434448242
large-sc917,6767,3.26267671585083
large-sc917,6772,3.2527835369110107
large-sc917,6790,3.265209913253784
large-sc917,6807,3.3280270099639893
large-sc917,6817,3.2752585411071777
large-sc917,6844,3.232142448425293
large-sc917,6878,3.3517203330993652
large-sc917,6952,3.1981706619262695
large-sc917,6965,3.419766426086426
large-sc917,6970,3.2536494731903076
large-sc917,7101,3.2303078174591064
large-sc917,7154,3.169921398162842
large-sc917,7188,3.2246875762939453
large-sc917,7205,3.159175395965576
large-sc917,7219,3.1403234004974365
large-sc917,7242,3.108245849609375
large-sc917,7276,3.2818105220794678
large-sc917,7288,3.1745657920837402
large-sc917,7289,3.144575357437134
large-sc917,7309,3.1415600776672363
large-sc917,7310,3.238617420196533
large-sc917,7321,3.1388118267059326
large-sc917,7339,3.1695079803466797
large-sc917,7366,3.1751463413238525
large-sc917,7405,3.2120206356048584
large-sc917,7408,3.1298210620880127
large-sc917,7416,3.2251718044281006
large-sc917,7461,3.28939151763916
large-sc917,7473,3.2379472255706787
large-sc917,7482,3.100841999053955
large-sc917,7500,3.2111496925354004
large-sc917,7519,3.172105550765991
large-sc917,7535,3.107783555984497
large-sc917,7561,3.1392130851745605
large-sc917,7574,3.1109917163848877
large-sc917,7602,3.1454873085021973
large-sc917,7604,3.132258415222168
large-sc917,7606,3.11338472366333
large-sc917,7617,3.0716264247894287
large-sc917,7620,3.149169445037842
large-sc917,7635,3.0293612480163574
large-sc917,7637,2.9993510246276855
large-sc917,7639,3.1493124961853027
large-sc917,7654,3.0882644653320312
large-sc917,7687,3.2069168090820312
large-sc917,7698,3.1045775413513184
large-sc917,7715,3.148348331451416
large-sc917,7737,3.0840210914611816
large-sc917,7778,3.230983257293701
large-sc917,7781,3.1918349266052246
large-sc917,7793,3.068484306335449
large-sc917,7795,3.1027183532714844
large-sc917,7806,3.0964035987854004
large-sc917,7821,3.1050007343292236
large-sc917,7870,3.181809663772583
large-sc917,7886,3.0584590435028076
large-sc917,7899,3.0698840618133545
large-sc917,7903,3.079514265060425
large-sc917,7914,3.0444982051849365
large-sc917,7933,3.042280673980713
large-sc917,7943,3.0822653770446777
large-sc917,7948,3.0617167949676514
large-sc917,7956,3.0248169898986816
large-sc917,7973,3.0741331577301025
large-sc917,8019,3.0137033462524414
large-sc917,8045,3.068711280822754
large-sc917,8073,3.111140012741089
large-sc917,8075,3.073500156402588
large-sc917,8093,3.0583248138427734
large-sc917,8094,3.078939437866211
large-sc917,8095,3.0601043701171875
large-sc917,8117,3.1198506355285645
large-sc917,8130,3.0700278282165527
large-sc917,8131,2.908275842666626
large-sc917,8133,2.948768377304077
large-sc917,8176,3.006803512573242
large-sc917,8186,3.0585246086120605
large-sc917,8204,3.055328845977783
large-sc917,8224,3.124903678894043
large-sc917,8238,3.041425943374634
large-sc917,8239,3.102644920349121
large-sc917,8259,3.006563425064087
large-sc917,8275,3.0114264488220215
large-sc917,8352,3.0450313091278076
large-sc917,8371,3.021026372909546
large-sc917,8377,3.0528564453125
large-sc917,8381,2.9788801670074463
large-sc917,8449,3.059999942779541
large-sc917,8465,3.006303310394287
large-sc917,8481,3.0328691005706787
large-sc917,8482,3.0415971279144287
large-sc917,8488,3.091590404510498
large-sc917,8492,3.005096435546875
large-sc917,8508,2.976686477661133
large-sc917,8516,2.933528423309326
large-sc917,8529,3.065857410430908
large-sc917,8533,3.0100767612457275
large-sc917,8540,2.954376697540283
large-sc917,8567,2.9191737174987793
large-sc917,8573,2.937682628631592
large-sc917,8584,3.0678248405456543
large-sc917,8599,2.9503681659698486
large-sc917,8613,2.962198495864868
large-sc917,8644,3.0634849071502686
large-sc917,8645,2.9832098484039307
large-sc917,8661,3.0581257343292236
large-sc917,8662,3.0070977210998535
large-sc917,8687,3.0413529872894287
large-sc917,8744,2.8955912590026855
large-sc917,8753,2.989311456680298
large-sc917,8755,2.984926700592041
large-sc917,8776,2.8927226066589355
large-sc917,8779,2.930624485015869
large-sc917,8783,2.9405102729797363
large-sc917,8794,2.8748385906219482
large-sc917,8800,2.882693290710449
large-sc917,8823,2.96760630607605
large-sc917,8841,2.8857264518737793
large-sc917,8863,2.915067434310913
large-sc917,8871,2.9266161918640137
large-sc917,8874,2.943333387374878
large-sc917,8876,2.9945807456970215
large-sc917,8911,2.945267915725708
large-sc917,8920,2.902045726776123
large-sc917,8925,2.975752353668213
large-sc917,8945,2.9535109996795654
large-sc917,8947,2.9212493896484375
large-sc917,8957,2.888409376144409
large-sc917,8991,3.0045852661132812
large-sc917,8992,2.9444003105163574
large-sc917,9007,2.849501132965088
large-sc917,9022,3.03438663482666
large-sc917,9032,2.93705153465271
large-sc917,9047,2.920442581176758
large-sc917,9067,2.9207046031951904
large-sc917,9071,2.857510566711426
large-sc917,9092,2.9060099124908447
large-sc917,9120,2.8216335773468018
large-sc917,9132,2.9266881942749023
large-sc917,9133,2.8362858295440674
large-sc917,9144,2.887225866317749
large-sc917,9146,2.951730966567993
large-sc917,9157,2.8839638233184814
large-sc917,9159,2.90260648727417
large-sc917,9166,2.994171142578125
large-sc917,9174,2.9648027420043945
large-sc917,9184,2.818552017211914
large-sc917,9200,2.881664514541626
large-sc917,9208,2.914787769317627
large-sc917,9268,2.8182778358459473
large-sc917,9284,2.82651686668396
large-sc917,9336,2.94789719581604
large-sc917,9344,2.943284511566162
large-sc917,9358,2.8472070693969727
large-sc917,9360,2.914398193359375
large-sc917,9375,2.9746334552764893
large-sc917,9429,2.8843674659729004
large-sc917,9434,2.7756800651550293
large-sc917,9445,2.885063648223877
large-sc917,9449,2.8616623878479004
large-sc917,9450,2.8256654739379883
large-sc917,9468,2.980513572692871
large-sc917,9472,2.980869770050049
large-sc917,9487,2.88621187210083
large-sc917,9491,2.929873466491699
large-sc917,9504,2.9531588554382324
large-sc917,9574,2.853364944458008
large-sc917,9584,2.9394311904907227
large-sc917,9617,2.793607711791992
large-sc917,9629,2.902869701385498
large-sc917,9639,2.8185858726501465
large-sc917,9640,2.7978429794311523
large-sc917,9648,2.9137606620788574
large-sc917,9659,2.842477321624756
large-sc917,9672,2.8361001014709473
large-sc917,9753,2.7885124683380127
large-sc917,9761,2.836146354675293
large-sc917,9763,2.8409314155578613
large-sc917,9776,2.871089458465576
large-sc917,9854,2.7888712882995605
large-sc917,9889,2.8890748023986816
large-sc917,9908,2.8568508625030518
large-sc917,9911,2.8097023963928223
large-sc917,9914,2.8622682094573975
large-sc917,9917,2.8309333324432373
large-sc917,9920,2.801971912384033
large-sc917,9931,2.7341065406799316
large-sc917,9939,2.809566020965576
large-sc917,9959,2.8751604557037354
large-sc917,9974,2.8139145374298096
large-sc917,9986,2.799370765686035
large-sc917,10028,2.7780110836029053
large-sc917,10041,2.7487125396728516
large-sc917,10060,2.793133497238159
large-sc917,10068,2.8481297492980957
large-sc917,10090,2.7186529636383057
large-sc917,10100,2.776323080062866
large-sc917,10118,2.8137412071228027
large-sc917,10149,2.787419319152832
large-sc917,10158,2.817960500717163
large-sc917,10164,2.7595534324645996
large-sc917,10166,2.7635748386383057
large-sc917,10176,2.818018913269043
large-sc917,10177,2.7830073833465576
large-sc917,10182,2.8576035499572754
large-sc917,10190,2.6692934036254883
large-sc917,10222,2.7187089920043945
large-sc917,10297,2.7841227054595947
large-sc917,10301,2.838808536529541
large-sc917,10303,2.718520164489746
large-sc917,10334,2.7801544666290283
large-sc917,10345,2.7418432235717773
large-sc917,10410,2.700695753097534
large-sc917,10435,2.7645626068115234
large-sc917,10448,2.835721015930176
large-sc917,10453,2.744255304336548
large-sc917,10497,2.773153781890869
large-sc917,10524,2.6774611473083496
large-sc917,10534,2.8292722702026367
large-sc917,10540,2.7185873985290527
large-sc917,10549,2.7652273178100586
large-sc917,10569,2.7533085346221924
large-sc917,10585,2.737992763519287
large-sc917,10616,2.7777252197265625
large-sc917,10630,2.771153450012207
large-sc917,10657,2.771542549133301
large-sc917,10699,2.7310431003570557
large-sc917,10738,2.715951442718506
large-sc917,10746,2.606611490249634
large-sc917,10756,2.6969242095947266
large-sc917,10770,2.612194299697876
large-sc917,10780,2.6631019115448
large-sc917,10797,2.6843066215515137
large-sc917,10800,2.710750102996826
large-sc917,10801,2.773056983947754
large-sc917,10830,2.775679111480713
large-sc917,10918,2.820765972137451
large-sc917,10921,2.754328727722168
large-sc917,10928,2.6972765922546387
large-sc917,10942,2.77254581451416
large-sc917,10965,2.7836551666259766
large-sc917,10972,2.6429483890533447
large-sc917,10999,2.7086596488952637
large-sc917,11011,2.6739726066589355
large-sc917,11022,2.712531328201294
large-sc917,11032,2.7018015384674072
large-sc917,11036,2.762817621231079
large-sc917,11039,2.6999340057373047
large-sc917,11041,2.6539785861968994
large-sc917,11042,2.632113456726074
large-sc917,11047,2.772524356842041
large-sc917,11048,2.7775769233703613
large-sc917,11053,2.8140387535095215
large-sc917,11128,2.6775665283203125
large-sc917,11132,2.722093105316162
large-sc917,11136,2.737156867980957
large-sc917,11144,2.6952261924743652
large-sc917,11159,2.61639142036438
large-sc917,11192,2.6602461338043213
large-sc917,11194,2.6875951290130615
large-sc917,11200,2.733222723007202
large-sc917,11204,2.6169769763946533
large-sc917,11205,2.757338285446167
large-sc917,11211,2.6719155311584473
large-sc917,11214,2.7061243057250977
large-sc917,11224,2.6858913898468018
large-sc917,11244,2.7210211753845215
large-sc917,11253,2.7074384689331055
large-sc917,11262,2.6145355701446533
large-sc917,11312,2.593752861022949
large-sc917,11353,2.641165018081665
large-sc917,11356,2.6575334072113037
large-sc917,11358,2.65126895904541
large-sc917,11410,2.640430212020874
large-sc917,11426,2.666675567626953
large-sc917,11428,2.668949604034424
large-sc917,11501,2.5911455154418945
large-sc917,11524,2.636904239654541
large-sc917,11526,2.6356866359710693
large-sc917,11539,2.726491689682007
large-sc917,11550,2.560157299041748
large-sc917,11566,2.619002342224121
large-sc917,11582,2.604551315307617
large-sc917,11671,2.676309823989868
large-sc917,11675,2.617424726486206
large-sc917,11676,2.5711402893066406
large-sc917,11691,2.6886773109436035
large-sc917,11694,2.5739259719848633
large-sc917,11741,2.600489377975464
large-sc917,11794,2.675778388977051
large-sc917,11796,2.581726312637329
large-sc917,11818,2.724794864654541
large-sc917,11838,2.6170973777770996
large-sc917,11845,2.58280873298645
large-sc917,11856,2.5825111865997314
large-sc917,11862,2.6050891876220703
large-sc917,11868,2.624238967895508
large-sc917,11884,2.6595282554626465
large-sc917,11897,2.601545810699463
large-sc917,11928,2.591717481613159
large-sc917,11960,2.5177602767944336
large-sc917,11962,2.550940990447998
large-sc917,11997,2.5698258876800537
large-sc917,12039,2.617953300476074
large-sc917,12055,2.5748486518859863
large-sc917,12076,2.6345314979553223
large-sc917,12080,2.6289658546447754
large-sc917,12087,2.5620651245117188
large-sc917,12111,2.574575185775757
large-sc917,12136,2.551027774810791
large-sc917,12166,2.6318836212158203
large-sc917,12184,2.5326223373413086
large-sc917,12210,2.532773017883301
large-sc917,12221,2.507087230682373
large-sc917,12224,2.5566601753234863
large-sc917,12230,2.5975537300109863
large-sc917,12248,2.586073160171509
large-sc917,12273,2.5475144386291504
large-sc917,12286,2.5456745624542236
large-sc917,12300,2.5085411071777344
large-sc917,12328,2.5404562950134277
large-sc917,12340,2.5623979568481445
large-sc917,12348,2.6379470825195312
large-sc917,12428,2.5969491004943848
large-sc917,12454,2.4933481216430664
large-sc917,12463,2.651319742202759
large-sc917,12492,2.598672389984131
large-sc917,12494,2.5649712085723877
large-sc917,12507,2.54656982421875
large-sc917,12508,2.619589328765869
large-sc917,12543,2.455334186553955
large-sc917,12569,2.5310213565826416
large-sc917,12574,2.5210671424865723
large-sc917,12586,2.578890800476074
large-sc917,12591,2.578880786895752
large-sc917,12646,2.4429094791412354
large-sc917,12659,2.4605045318603516
large-sc917,12661,2.539065361022949
large-sc917,12673,2.5308175086975098
large-sc917,12674,2.5586066246032715
large-sc917,12689,2.549776792526245
large-sc917,12733,2.5202980041503906
large-sc917,12784,2.6005513668060303
large-sc917,12789,2.4861879348754883
large-sc917,12792,2.5433847904205322
large-sc917,12802,2.5181758403778076
large-sc917,12827,2.527458667755127
large-sc917,12831,2.5239005088806152
large-sc917,12835,2.484325408935547
large-sc917,12836,2.4854047298431396
large-sc917,12840,2.4197263717651367
large-sc917,12855,2.4716787338256836
large-sc917,12898,2.479127883911133
large-sc917,12905,2.5223090648651123
large-sc917,12907,2.505159616470337
large-sc917,12929,2.4839885234832764
large-sc917,12931,2.5414164066314697
large-sc917,12945,2.469637393951416
large-sc917,12951,2.5485241413116455
large-sc917,12969,2.490326166152954
large-sc917,12973,2.512127161026001
large-sc917,12979,2.4477431774139404
large-sc917,12987,2.52036714553833
large-sc917,12992,2.414464235305786
large-sc917,13013,2.527097702026367
large-sc917,13019,2.4793171882629395
large-sc917,13020,2.5287930965423584
large-sc917,13036,2.524364709854126
large-sc917,13049,2.4716999530792236
large-sc917,13050,2.5933375358581543
large-sc917,13064,2.3997087478637695
large-sc917,13103,2.5168027877807617
large-sc917,13131,2.5163211822509766
large-sc917,13135,2.5530242919921875
large-sc917,13149,2.505869150161743
large-sc917,13217,2.478036880493164
large-sc917,13235,2.507758140563965
large-sc917,13262,2.5279641151428223
large-sc917,13288,2.5386602878570557
large-sc917,13296,2.561544895172119
large-sc917,13312,2.4536776542663574
large-sc917,13322,2.478659152984619
large-sc917,13342,2.4694886207580566
large-sc917,13352,2.460498332977295
large-sc917,13361,2.5107691287994385
large-sc917,13362,2.4631049633026123
large-sc917,13450,2.4885873794555664
large-sc917,13465,2.4306204319000244
large-sc917,13472,2.4531307220458984
large-sc917,13473,2.5310075283050537
large-sc917,13501,2.537226915359497
large-sc917,13520,2.423131227493286
large-sc917,13538,2.510483503341675
large-sc917,13557,2.4910876750946045
large-sc917,13581,2.4567923545837402
large-sc917,13582,2.4321579933166504
large-sc917,13587,2.509544849395752
large-sc917,13599,2.4502687454223633
large-sc917,13611,2.4775779247283936
large-sc917,13612,2.4173367023468018
large-sc917,13622,2.4091782569885254
large-sc917,13648,2.4609460830688477
large-sc917,13664,2.458010196685791
large-sc917,13674,2.4831113815307617
large-sc917,13696,2.442317485809326
large-sc917,13705,2.458692789077759
large-sc917,13725,2.4615325927734375
large-sc917,13727,2.4891929626464844
large-sc917,13746,2.471820592880249
large-sc917,13780,2.500875949859619
large-sc917,13802,2.412231683731079
large-sc917,13815,2.3750555515289307
large-sc917,13823,2.3763482570648193
large-sc917,13838,2.371720314025879
large-sc917,13841,2.438812494277954
large-sc917,13851,2.4313316345214844
large-sc917,13871,2.412541151046753
large-sc917,13895,2.4393436908721924
large-sc917,13902,2.3205368518829346
large-sc917,13912,2.4851722717285156
large-sc917,13920,2.4583799839019775
large-sc917,13921,2.378821849822998
large-sc917,13978,2.3922436237335205
large-sc917,13999,2.4328296184539795
large-sc917,14025,2.4606246948242188
large-sc917,14087,2.4065780639648438
large-sc917,14088,2.4185519218444824
large-sc917,14096,2.378863573074341
large-sc917,14100,2.4395878314971924
large-sc917,14122,2.427093744277954
large-sc917,14130,2.455265998840332
large-sc917,14145,2.402005195617676
large-sc917,14149,2.400811195373535
large-sc917,14179,2.4229354858398438
large-sc917,14197,2.300528049468994
large-sc917,14215,2.4196054935455322
large-sc917,14220,2.4332125186920166
large-sc917,14227,2.3882579803466797
large-sc917,14282,2.4050912857055664
large-sc917,14293,2.3948440551757812
large-sc917,14296,2.3888304233551025
large-sc917,14299,2.416275978088379
large-sc917,14329,2.423968553543091
large-sc917,14398,2.330322742462158
large-sc917,14407,2.4486329555511475
large-sc917,14408,2.432452440261841
large-sc917,14417,2.4381332397460938
large-sc917,14429,2.384459972381592
large-sc917,14443,2.4280829429626465
large-sc917,14446,2.364558219909668
large-sc917,14449,2.4011054039001465
large-sc917,14457,2.4139294624328613
large-sc917,14460,2.414414882659912
large-sc917,14468,2.481487274169922
large-sc917,14480,2.408828020095825
large-sc917,14496,2.396064281463623
large-sc917,14515,2.47249436378479
large-sc917,14555,2.4181673526763916
large-sc917,14575,2.47802734375
large-sc917,14582,2.4139318466186523
large-sc917,14598,2.4316132068634033
large-sc917,14608,2.4297685623168945
large-sc917,14609,2.4329915046691895
large-sc917,14618,2.36784029006958
large-sc917,14621,2.4128761291503906
large-sc917,14631,2.4140050411224365
large-sc917,14642,2.380173444747925
large-sc917,14658,2.387455701828003
large-sc917,14666,2.4133028984069824
large-sc917,14687,2.4277396202087402
large-sc917,14724,2.289066791534424
large-sc917,14748,2.371654510498047
large-sc917,14761,2.4093387126922607
large-sc917,14882,2.4014551639556885
large-sc917,14889,2.332185745239258
large-sc917,14891,2.314483165740967
large-sc917,14902,2.361044406890869
large-sc917,14905,2.3917288780212402
large-sc917,14922,2.421163558959961
large-sc917,14963,2.377673625946045
large-sc917,14998,2.4146056175231934
large-sc917,15037,2.362489700317383
large-sc917,15048,2.377739429473877
large-sc917,15051,2.3415589332580566
large-sc917,15053,2.4008922576904297
large-sc917,15063,2.3429808616638184
large-sc917,15076,2.323843479156494
large-sc917,15165,2.3079934120178223
large-sc917,15190,2.327430486679077
large-sc917,15217,2.398782730102539
large-sc917,15232,2.396754503250122
large-sc917,15251,2.300178289413452
large-sc917,15255,2.4254209995269775
large-sc917,15285,2.332245349884033
large-sc917,15292,2.3534414768218994
large-sc917,15300,2.357407808303833
large-sc917,15302,2.3926029205322266
large-sc917,15303,2.23748779296875
large-sc917,15313,2.3391826152801514
large-sc917,15315,2.383540391921997
large-sc917,15318,2.353577136993408
large-sc917,15323,2.407162666320801
large-sc917,15328,2.337528944015503
large-sc917,15351,2.3101141452789307
large-sc917,15365,2.3959035873413086
large-sc917,15375,2.403719902038574
large-sc917,15408,2.3775486946105957
large-sc917,15430,2.362412929534912
large-sc917,15467,2.3442907333374023
large-sc917,15511,2.3459036350250244
large-sc917,15519,2.3639817237854004
large-sc917,15547,2.3669934272766113
large-sc917,15549,2.4167466163635254
large-sc917,15608,2.328165054321289
large-sc917,15612,2.3771796226501465
large-sc917,15613,2.3230836391448975
large-sc917,15614,2.382553815841675
large-sc917,15616,2.2920477390289307
large-sc917,15644,2.326903820037842
large-sc917,15662,2.3720028400421143
large-sc917,15683,2.28949236869812
large-sc917,15722,2.338386058807373
large-sc917,15743,2.3469724655151367
large-sc917,15772,2.3735616207122803
large-sc917,15788,2.3405041694641113
large-sc917,15821,2.3113632202148438
large-sc917,15828,2.3274054527282715
large-sc917,15836,2.3048510551452637
large-sc917,15878,2.3558807373046875
large-sc917,15887,2.3084821701049805
large-sc917,15924,2.360421895980835
large-sc917,15928,2.3788745403289795
large-sc917,15941,2.326359748840332
large-sc917,15956,2.2879276275634766
large-sc917,15961,2.3137357234954834
large-sc917,15978,2.3314738273620605
large-sc917,15982,2.300384044647217
large-sc917,15986,2.3381738662719727
large-sc917,16008,2.3146774768829346
large-sc917,16013,2.325080156326294
large-sc917,16015,2.2748589515686035
large-sc917,16025,2.362553119659424
large-sc917,16036,2.362558126449585
large-sc917,16044,2.346916675567627
large-sc917,16051,2.1883039474487305
large-sc917,16056,2.3104734420776367
large-sc917,16061,2.264463186264038
large-sc917,16067,2.307027578353882
large-sc917,16088,2.299846649169922
large-sc917,16101,2.300253391265869
large-sc917,16105,2.2874860763549805
large-sc917,16126,2.302126884460449
large-sc917,16161,2.2821199893951416
large-sc917,16202,2.283627986907959
large-sc917,16207,2.3620591163635254
large-sc917,16209,2.328787088394165
large-sc917,16212,2.3219518661499023
large-sc917,16250,2.3078906536102295
large-sc917,16304,2.2705655097961426
large-sc917,16309,2.2414422035217285
large-sc917,16310,2.340817451477051
large-sc917,16314,2.2164900302886963
large-sc917,16320,2.320657253265381
large-sc917,16330,2.3422646522521973
large-sc917,16339,2.319119453430176
large-sc917,16342,2.235165596008301
large-sc917,16368,2.3038668632507324
large-sc917,16369,2.2683656215667725
large-sc917,16371,2.2657454013824463
large-sc917,16424,2.2984888553619385
large-sc917,16445,2.3092846870422363
large-sc917,16449,2.283398151397705
large-sc917,16497,2.2907803058624268
large-sc917,16526,2.2698769569396973
large-sc917,16537,2.286505699157715
large-sc917,16559,2.2871270179748535
large-sc917,16569,2.256704330444336
large-sc917,16573,2.2972030639648438
large-sc917,16612,2.2701644897460938
large-sc917,16620,2.258436679840088
large-sc917,16711,2.27962589263916
large-sc917,16722,2.272059440612793
large-sc917,16759,2.1775712966918945
large-sc917,16760,2.283057689666748
large-sc917,16778,2.315457820892334
large-sc917,16781,2.2407374382019043
large-sc917,16831,2.280256748199463
large-sc917,16843,2.2749555110931396
large-sc917,16854,2.261690139770508
large-sc917,16872,2.285198211669922
large-sc917,16882,2.17043137550354
large-sc917,16890,2.256465435028076
large-sc917,16915,2.258756399154663
large-sc917,16925,2.214689016342163
large-sc917,16940,2.2802977561950684
large-sc917,16945,2.2217369079589844
large-sc917,16947,2.198841094970703
large-sc917,16960,2.2145795822143555
large-sc917,16980,2.231306314468384
large-sc917,16988,2.19705867767334
large-sc917,16995,2.266596555709839
large-sc917,17005,2.292175531387329
large-sc917,17007,2.2626612186431885
large-sc917,17012,2.2145907878875732
large-sc917,17024,2.246983051300049
large-sc917,17102,2.222822427749634
large-sc917,17104,2.2583582401275635
large-sc917,17115,2.271096706390381
large-sc917,17118,2.2165513038635254
large-sc917,17126,2.2911577224731445
large-sc917,17164,2.2518181800842285
large-sc917,17207,2.2200522422790527
large-sc917,17213,2.277261734008789
large-sc917,17223,2.2273404598236084
large-sc917,17237,2.1849334239959717
large-sc917,17288,2.3058884143829346
large-sc917,17298,2.2538886070251465
large-sc917,17309,2.246150493621826
large-sc917,17315,2.23235821723938
large-sc917,17325,2.205251932144165
large-sc917,17334,2.170682668685913
large-sc917,17370,2.2385921478271484
large-sc917,17373,2.2553176879882812
large-sc917,17376,2.2117276191711426
large-sc917,17406,2.191180944442749
large-sc917,17427,2.232628345489502
large-sc917,17445,2.23197078704834
large-sc917,17457,2.2533340454101562
large-sc917,17460,2.22359037399292
large-sc917,17461,2.2229859828948975
large-sc917,17462,2.2035374641418457
large-sc917,17464,2.241814374923706
large-sc917,17508,2.2293624877929688
large-sc917,17512,2.2111034393310547
large-sc917,17515,2.2444820404052734
large-sc917,17518,2.2064499855041504
large-sc917,17521,2.207782745361328
large-sc917,17528,2.202357292175293
large-sc917,17542,2.162415027618408
large-sc917,17550,2.1955862045288086
large-sc917,17552,2.1864378452301025
large-sc917,17569,2.1979892253875732
large-sc917,17587,2.1996171474456787
large-sc917,17606,2.2229669094085693
large-sc917,17621,2.212934732437134
large-sc917,17631,2.2811779975891113
large-sc917,17643,2.221832513809204
large-sc917,17650,2.19577956199646
large-sc917,17652,2.219273090362549
large-sc917,17661,2.195598840713501
large-sc917,17680,2.2420902252197266
large-sc917,17683,2.2026259899139404
large-sc917,17709,2.1951823234558105
large-sc917,17711,2.2650833129882812
large-sc917,17741,2.315290927886963
large-sc917,17767,2.2733988761901855
large-sc917,17782,2.259537935256958
large-sc917,17808,2.2674312591552734
large-sc917,17820,2.2245771884918213
large-sc917,17836,2.281158924102783
large-sc917,17859,2.2053122520446777
large-sc917,17865,2.2225818634033203
large-sc917,17884,2.2143607139587402
large-sc917,17886,2.240194797515869
large-sc917,17920,2.1874642372131348
large-sc917,17929,2.1913366317749023
large-sc917,17966,2.191401481628418
large-sc917,18027,2.206545352935791
large-sc917,18033,2.2161855697631836
large-sc917,18039,2.1826541423797607
large-sc917,18092,2.161254405975342
large-sc917,18099,2.192660331726074
large-sc917,18104,2.1754231452941895
large-sc917,18115,2.1930484771728516
large-sc917,18118,2.228330135345459
large-sc917,18124,2.1743574142456055
large-sc917,18126,2.2266616821289062
large-sc917,18141,2.2675418853759766
large-sc917,18148,2.2303683757781982
large-sc917,18152,2.269286870956421
large-sc917,18168,2.1573874950408936
large-sc917,18180,2.1736867427825928
large-sc917,18194,2.2287468910217285
large-sc917,18202,2.1892738342285156
large-sc917,18214,2.2283239364624023
large-sc917,18233,2.2416629791259766
large-sc917,18236,2.235245704650879
large-sc917,18248,2.199249744415283
large-sc917,18274,2.159233331680298
large-sc917,18292,2.2401161193847656
large-sc917,18293,2.220862865447998
large-sc917,18294,2.268841028213501
large-sc917,18307,2.1368327140808105
large-sc917,18333,2.1301980018615723
large-sc917,18346,2.3054585456848145
large-sc917,18361,2.183415651321411
large-sc917,18365,2.1933953762054443
large-sc917,18394,2.1824700832366943
large-sc917,18433,2.212733268737793
large-sc917,18439,2.2851991653442383
large-sc917,18486,2.204573631286621
large-sc917,18500,2.223345994949341
large-sc917,18515,2.1821537017822266
large-sc917,18516,2.1405813694000244
large-sc917,18525,2.158836841583252
large-sc917,18565,2.2107744216918945
large-sc917,18583,2.1601250171661377
large-sc917,18644,2.18721604347229
large-sc917,18654,2.160313606262207
large-sc917,18668,2.1781558990478516
large-sc917,18673,2.2011725902557373
large-sc917,18675,2.2348272800445557
large-sc917,18680,2.185509204864502
large-sc917,18687,2.1828064918518066
large-sc917,18784,2.1315884590148926
large-sc917,18798,2.1595277786254883
large-sc917,18804,2.145160675048828
large-sc917,18816,2.141254186630249
large-sc917,18844,2.123905658721924
large-sc917,18853,2.1086578369140625
large-sc917,18870,2.187194347381592
large-sc917,18906,2.1679441928863525
large-sc917,18929,2.203737735748291
large-sc917,18937,2.160127878189087
large-sc917,18947,2.1560139656066895
large-sc917,18952,2.1079447269439697
large-sc917,18963,2.199385643005371
large-sc917,19012,2.148348331451416
large-sc917,19030,2.123880386352539
large-sc917,19037,2.177173137664795
large-sc917,19048,2.1320276260375977
large-sc917,19055,2.1554672718048096
large-sc917,19063,2.104933261871338
large-sc917,19068,2.160106897354126
large-sc917,19102,2.139050006866455
large-sc917,19108,2.1481881141662598
large-sc917,19117,2.136775016784668
large-sc917,19120,2.1799075603485107
large-sc917,19145,2.1271276473999023
large-sc917,19166,2.1464455127716064
large-sc917,19167,2.120190143585205
large-sc917,19180,2.1961922645568848
large-sc917,19182,2.116786003112793
large-sc917,19242,2.174778938293457
large-sc917,19262,2.118224859237671
large-sc917,19267,2.111210346221924
large-sc917,19270,2.142155647277832
large-sc917,19287,2.159513473510742
large-sc917,19291,2.1420207023620605
large-sc917,19298,2.2014658451080322
large-sc917,19304,2.119442939758301
large-sc917,19317,2.1124267578125
large-sc917,19354,2.140350341796875
large-sc917,19369,2.177654266357422
large-sc917,19378,2.143958330154419
large-sc917,19386,2.161173105239868
large-sc917,19392,2.141322135925293
large-sc917,19395,2.1392602920532227
large-sc917,19402,2.1487479209899902
large-sc917,19409,2.170884132385254
large-sc917,19410,2.1955132484436035
large-sc917,19420,2.1204276084899902
large-sc917,19449,2.12959623336792
large-sc917,19453,2.1790122985839844
large-sc917,19476,2.20090913772583
large-sc917,19479,2.136465311050415
large-sc917,19502,2.1116819381713867
large-sc917,19512,2.080137014389038
large-sc917,19514,2.162444591522217
large-sc917,19532,2.117983341217041
large-sc917,19535,2.111942768096924
large-sc917,19576,2.116281032562256
large-sc917,19577,2.180302381515503
large-sc917,19584,2.1736621856689453
large-sc917,19596,2.1053028106689453
large-sc917,19597,2.157111883163452
large-sc917,19604,2.1104516983032227
large-sc917,19620,2.0892114639282227
large-sc917,19621,2.107250928878784
large-sc917,19627,2.164989948272705
large-sc917,19628,2.1036763191223145
large-sc917,19629,2.202789545059204
large-sc917,19633,2.13238525390625
large-sc917,19655,2.1501758098602295
large-sc917,19685,2.1260623931884766
large-sc917,19686,2.0725226402282715
large-sc917,19696,2.1170196533203125
large-sc917,19700,2.1471354961395264
large-sc917,19704,2.10673451423645
large-sc917,19715,2.0521321296691895
large-sc917,19739,2.076225757598877
large-sc917,19750,2.111328363418579
large-sc917,19762,2.1424293518066406
large-sc917,19768,2.106203556060791
large-sc917,19769,2.139558792114258
large-sc917,19781,2.091482400894165
large-sc917,19785,2.068807363510132
large-sc917,19786,2.121872901916504
large-sc917,19809,2.13210391998291
large-sc917,19828,2.053788900375366
large-sc917,19845,2.152238130569458
large-sc917,19860,2.1280884742736816
large-sc917,19873,2.112276077270508
large-sc917,19875,2.0837910175323486
large-sc917,19888,2.169883966445923
large-sc917,19893,2.0948081016540527
large-sc917,19897,2.1654350757598877
large-sc917,19913,2.093752145767212
large-sc917,19970,2.134094476699829
large-sc917,19990,2.1689534187316895
large-sc917,19992,2.165149688720703
large-sc917,20066,2.0692567825317383
large-sc917,20072,2.0956315994262695
large-sc917,20083,2.0537657737731934
large-sc917,20084,2.101198673248291
large-sc917,20085,2.086033821105957
large-sc917,20129,2.1146342754364014
large-sc917,20203,2.111403465270996
large-sc917,20204,2.1676180362701416
large-sc917,20214,2.102853775024414
large-sc917,20216,2.133272171020508
large-sc917,20231,2.1353116035461426
large-sc917,20277,2.135051965713501
large-sc917,20278,2.1152265071868896
large-sc917,20308,2.081186532974243
large-sc917,20312,2.158267021179199
large-sc917,20314,2.0848937034606934
large-sc917,20324,2.1097474098205566
large-sc917,20343,2.1653947830200195
large-sc917,20348,2.1237807273864746
large-sc917,20353,2.114506959915161
large-sc917,20354,2.0967800617218018
large-sc917,20360,2.1273725032806396
large-sc917,20377,2.037346363067627
large-sc917,20385,2.094367504119873
large-sc917,20388,2.061300039291382
large-sc917,20402,2.05806827545166
large-sc917,20406,2.144298553466797
large-sc917,20419,2.1075968742370605
large-sc917,20422,2.1521549224853516
large-sc917,20428,2.0945422649383545
large-sc917,20450,2.1351752281188965
large-sc917,20511,2.0950722694396973
large-sc917,20527,2.076387882232666
large-sc917,20529,2.12317156791687
large-sc917,20530,2.103614330291748
large-sc917,20544,2.0924172401428223
large-sc917,20582,2.074629306793213
large-sc917,20594,2.1208298206329346
large-sc917,20602,2.0965793132781982
large-sc917,20609,2.107992172241211
large-sc917,20619,2.0985846519470215
large-sc917,20625,2.089097738265991
large-sc917,20654,2.076322317123413
large-sc917,20685,2.0809192657470703
large-sc917,20734,2.142056465148926
large-sc917,20748,2.038876533508301
large-sc917,20764,2.0939393043518066
large-sc917,20768,2.0276784896850586
large-sc917,20827,2.0462217330932617
large-sc917,20874,2.107689380645752
large-sc917,20895,2.0947728157043457
large-sc917,20901,2.045785427093506
large-sc917,20907,2.1415810585021973
large-sc917,20927,2.0904486179351807
large-sc917,20932,2.0714569091796875
large-sc917,20946,2.1078572273254395
large-sc917,20968,2.092174768447876
large-sc917,20973,2.0229663848876953
large-sc917,20987,2.090324878692627
large-sc917,20995,2.04176664352417
large-sc917,21012,2.033632755279541
large-sc917,21014,2.033341407775879
large-sc917,21057,2.069190502166748
large-sc917,21070,2.0670528411865234
large-sc917,21083,2.098231315612793
large-sc917,21097,1.9777823686599731
large-sc917,21103,2.1205573081970215
large-sc917,21122,2.1329898834228516
large-sc917,21131,2.0760369300842285
large-sc917,21159,2.123539447784424
large-sc917,21164,2.0912346839904785
large-sc917,21165,2.0439839363098145
large-sc917,21174,2.056901454925537
large-sc917,21194,2.0709712505340576
large-sc917,21201,2.1242597103118896
large-sc917,21209,2.0745484828948975
large-sc917,21224,2.0460450649261475
large-sc917,21239,2.09672212600708
large-sc917,21253,2.060256004333496
large-sc917,21282,2.0796074867248535
large-sc917,21299,2.0755035877227783
large-sc917,21336,2.0374083518981934
large-sc917,21343,2.086332321166992
large-sc917,21355,2.0798661708831787
large-sc917,21389,2.0889077186584473
large-sc917,21419,2.147418260574341
large-sc917,21464,2.1283016204833984
large-sc917,21476,2.028214931488037
large-sc917,21478,2.061675548553467
large-sc917,21486,2.0172064304351807
large-sc917,21487,2.0897703170776367
large-sc917,21554,2.052663564682007
large-sc917,21574,2.086036443710327
large-sc917,21588,2.101494789123535
large-sc917,21614,2.0681023597717285
large-sc917,21647,2.042973041534424
large-sc917,21678,2.1039528846740723
large-sc917,21720,2.0283799171447754
large-sc917,21727,2.0955090522766113
large-sc917,21734,2.055166721343994
large-sc917,21735,2.0259618759155273
large-sc917,21744,2.0595388412475586
large-sc917,21759,2.113311290740967
large-sc917,21767,2.0829882621765137
large-sc917,21768,2.023916244506836
large-sc917,21770,2.0939645767211914
large-sc917,21776,2.08400559425354
large-sc917,21810,2.0739893913269043
large-sc917,21813,2.0408263206481934
large-sc917,21832,2.1171059608459473
large-sc917,21836,2.0609188079833984
large-sc917,21845,2.014600992202759
large-sc917,21867,2.071706771850586
large-sc917,21875,2.1088924407958984
large-sc917,21913,2.065945863723755
large-sc917,21924,2.001861095428467
large-sc917,21966,2.032705068588257
large-sc917,21977,2.083491325378418
large-sc917,21981,2.0302836894989014
large-sc917,22003,2.0319533348083496
large-sc917,22013,2.067410945892334
large-sc917,22029,2.1013662815093994
large-sc917,22035,2.0430262088775635
large-sc917,22052,2.0541858673095703
large-sc917,22061,2.0534157752990723
large-sc917,22064,2.0461854934692383
large-sc917,22068,2.007498264312744
large-sc917,22101,2.0665700435638428
large-sc917,22151,2.07560133934021
large-sc917,22157,2.031236171722412
large-sc917,22173,2.052083969116211
large-sc917,22190,2.109574556350708
large-sc917,22253,2.073671817779541
large-sc917,22280,2.049532413482666
large-sc917,22298,2.0904037952423096
large-sc917,22305,2.0091195106506348
large-sc917,22310,2.009526491165161
large-sc917,22346,2.077306032180786
large-sc917,22379,2.0394983291625977
large-sc917,22400,2.0776028633117676
large-sc917,22411,2.0379483699798584
large-sc917,22415,2.0549228191375732
large-sc917,22436,2.060181140899658
large-sc917,22444,2.1109299659729004
large-sc917,22471,2.0363643169403076
large-sc917,22498,2.07010555267334
large-sc917,22523,2.0165164470672607
large-sc917,22539,2.0587527751922607
large-sc917,22554,2.034015417098999
large-sc917,22557,2.0703439712524414
large-sc917,22578,2.0180797576904297
large-sc917,22591,2.0362133979797363
large-sc917,22607,1.9831974506378174
large-sc917,22618,2.044935703277588
large-sc917,22625,2.0069267749786377
large-sc917,22655,2.0530543327331543
large-sc917,22671,2.027430295944214
large-sc917,22678,2.000870943069458
large-sc917,22695,2.0233664512634277
large-sc917,22709,2.007389545440674
large-sc917,22724,2.0462403297424316
large-sc917,22731,2.082333564758301
large-sc917,22732,2.063263177871704
large-sc917,22748,2.023472785949707
large-sc917,22775,2.0516605377197266
large-sc917,22786,2.0317463874816895
large-sc917,22795,2.0563883781433105
large-sc917,22802,2.0259289741516113
large-sc917,22836,2.0062453746795654
large-sc917,22861,2.0269694328308105
large-sc917,22900,2.0255725383758545
large-sc917,22922,1.999415397644043
large-sc917,22927,2.035566568374634
large-sc917,22930,1.9865894317626953
large-sc917,22943,1.9752570390701294
large-sc917,22975,1.986530065536499
large-sc917,22987,1.9931306838989258
large-sc917,23000,2.0190649032592773
large-sc917,23001,2.041980266571045
large-sc917,23004,1.9731087684631348
large-sc917,23038,1.9630157947540283
large-sc917,23066,1.9885838031768799
large-sc917,23074,2.05427622795105
large-sc917,23101,2.0173959732055664
large-sc917,23116,2.0510220527648926
large-sc917,23120,2.0304791927337646
large-sc917,23155,1.955399513244629
large-sc917,23163,1.9858142137527466
large-sc917,23211,1.988763689994812
large-sc917,23225,1.9797512292861938
large-sc917,23243,2.0082995891571045
large-sc917,23249,1.9922877550125122
large-sc917,23251,2.0539002418518066
large-sc917,23262,2.0495798587799072
large-sc917,23279,2.07523775100708
large-sc917,23309,2.0574426651000977
large-sc917,23317,1.9928102493286133
large-sc917,23323,1.9507718086242676
large-sc917,23325,2.009725570678711
large-sc917,23335,2.099864959716797
large-sc917,23341,2.071610450744629
large-sc917,23343,2.0337772369384766
large-sc917,23367,2.0038163661956787
large-sc917,23370,2.0737457275390625
large-sc917,23376,2.012622117996216
large-sc917,23381,2.0360729694366455
large-sc917,23414,2.025454044342041
large-sc917,23427,1.9235552549362183
large-sc917,23446,2.063758611679077
large-sc917,23471,2.0183918476104736
large-sc917,23475,1.973901629447937
large-sc917,23476,2.0092220306396484
large-sc917,23512,2.0069808959960938
large-sc917,23525,1.997735619544983
large-sc917,23534,2.0147149562835693
large-sc917,23540,2.074069023132324
large-sc917,23541,2.0038511753082275
large-sc917,23543,1.9928206205368042
large-sc917,23596,2.0098884105682373
large-sc917,23628,2.0376996994018555
large-sc917,23653,1.9648751020431519
large-sc917,23671,2.068742036819458
large-sc917,23757,1.9783356189727783
large-sc917,23764,2.0285801887512207
large-sc917,23773,2.0257742404937744
large-sc917,23785,1.9949249029159546
large-sc917,23796,1.948570966720581
large-sc917,23801,1.9699406623840332
large-sc917,23815,1.989537000656128
large-sc917,23819,2.0072274208068848
large-sc917,23835,2.000122547149658
large-sc917,23836,1.985959529876709
large-sc917,23860,1.9800856113433838
large-sc917,23871,2.0506975650787354
large-sc917,23879,2.003305435180664
large-sc917,23881,1.9242594242095947
large-sc917,23891,2.0123229026794434
large-sc917,23920,2.043015241622925
large-sc917,23934,2.024930000305176
large-sc917,23936,2.038280487060547
large-sc917,23943,1.9925463199615479
large-sc917,23949,2.010068893432617
large-sc917,23966,1.9830851554870605
large-sc917,23973,2.0200958251953125
large-sc917,24004,2.0502843856811523
large-sc917,24009,1.9771909713745117
large-sc917,24015,1.9593876600265503
large-sc917,24028,2.0108144283294678
large-sc917,24056,1.9684138298034668
large-sc917,24080,2.047727584838867
large-sc917,24115,1.9967917203903198
large-sc917,24124,1.9792124032974243
large-sc917,24173,2.029545545578003
large-sc917,24189,2.0227596759796143
large-sc917,24209,2.036000967025757
large-sc917,24212,2.014556884765625
large-sc917,24213,1.982610821723938
large-sc917,24218,2.0061304569244385
large-sc917,24225,2.0292246341705322
large-sc917,24250,1.9604933261871338
large-sc917,24257,2.0050554275512695
large-sc917,24263,1.9632465839385986
large-sc917,24302,1.98221755027771
large-sc917,24305,2.0561909675598145
large-sc917,24332,1.9676730632781982
large-sc917,24369,2.0400118827819824
large-sc917,24389,1.9601500034332275
large-sc917,24409,2.0545499324798584
large-sc917,24420,2.0184249877929688
large-sc917,24430,2.0092058181762695
large-sc917,24442,1.9661991596221924
large-sc917,24484,2.0292716026306152
large-sc917,24512,1.9694186449050903
large-sc917,24525,2.0344293117523193
large-sc917,24534,2.0046448707580566
large-sc917,24543,1.9794597625732422
large-sc917,24569,2.0703954696655273
large-sc917,24583,2.0320892333984375
large-sc917,24597,2.0012927055358887
large-sc917,24598,1.9882519245147705
large-sc917,24625,1.9886672496795654
large-sc917,24635,1.947082281112671
large-sc917,24654,1.9831089973449707
large-sc917,24661,1.9421920776367188
large-sc917,24668,1.9315810203552246
large-sc917,24711,1.9382014274597168
large-sc917,24721,1.9985955953598022
large-sc917,24745,1.918116807937622
large-sc917,24749,1.9572374820709229
large-sc917,24756,1.938332200050354
large-sc917,24794,2.038228988647461
large-sc917,24831,2.0026743412017822
large-sc917,24848,1.9419283866882324
large-sc917,24881,2.0197300910949707
large-sc917,24887,1.979400873184204
large-sc917,24893,2.0360236167907715
large-sc917,24896,2.0441818237304688
large-sc917,24908,2.002868175506592
large-sc917,24925,1.9433673620224
large-sc917,24928,1.9514319896697998
large-sc917,24946,1.9566149711608887
large-sc917,24947,2.0284745693206787
large-sc917,24955,2.000128984451294
large-sc917,24963,2.0152671337127686
large-sc917,24966,1.9035437107086182
large-sc917,24969,1.9751144647598267
large-sc917,25003,1.9925014972686768
large-sc917,25021,2.036101818084717
large-sc917,25040,1.9726272821426392
large-sc917,25070,2.026411294937134
large-sc917,25077,1.9658637046813965
large-sc917,25094,1.9590198993682861
large-sc917,25132,2.032654285430908
large-sc917,25159,1.9948594570159912
large-sc917,25162,1.9925284385681152
large-sc917,25178,1.9553102254867554
large-sc917,25226,1.9630025625228882
large-sc917,25234,1.9952841997146606
large-sc917,25250,1.9992735385894775
large-sc917,25276,1.892823576927185
large-sc917,25288,2.0348896980285645
large-sc917,25296,2.0284571647644043
large-sc917,25302,1.9964649677276611
large-sc917,25315,1.9567956924438477
large-sc917,25328,1.9762811660766602
large-sc917,25353,1.954106330871582
large-sc917,25359,1.9714370965957642
large-sc917,25369,1.9910861253738403
large-sc917,25375,1.961525559425354
large-sc917,25386,1.9752013683319092
large-sc917,25393,2.0104422569274902
large-sc917,25401,1.9976551532745361
large-sc917,25404,1.9306138753890991
large-sc917,25405,1.9542452096939087
large-sc917,25415,1.969501256942749
large-sc917,25468,1.9834742546081543
large-sc917,25476,1.994800329208374
large-sc917,25483,1.9978692531585693
large-sc917,25508,1.9724599123001099
large-sc917,25555,2.0076098442077637
large-sc917,25575,2.005326271057129
large-sc917,25599,1.9452314376831055
large-sc917,25605,1.9983150959014893
large-sc917,25608,1.9519798755645752
large-sc917,25611,2.0177767276763916
large-sc917,25619,1.9527559280395508
large-sc917,25631,1.9864262342453003
large-sc917,25705,1.9977006912231445
large-sc917,25713,1.9424926042556763
large-sc917,25716,2.002650260925293
large-sc917,25736,1.9195690155029297
large-sc917,25747,1.9987897872924805
large-sc917,25756,1.9689303636550903
large-sc917,25788,1.9894347190856934
large-sc917,25791,2.004849433898926
large-sc917,25792,1.9724724292755127
large-sc917,25793,2.002842426300049
large-sc917,25824,1.9555656909942627
large-sc917,25845,1.9791028499603271
large-sc917,25849,1.9386143684387207
large-sc917,25852,1.913891077041626
large-sc917,25860,1.9491299390792847
large-sc917,25895,1.9478636980056763
large-sc917,25941,1.9529474973678589
large-sc917,25951,2.0286192893981934
large-sc917,25955,2.0194740295410156
large-sc917,25975,1.975095510482788
large-sc917,26004,1.9635846614837646
large-sc917,26008,1.949205756187439
large-sc917,26036,1.8994947671890259
large-sc917,26066,1.9277986288070679
large-sc917,26073,1.9423919916152954
large-sc917,26074,1.9366600513458252
large-sc917,26084,2.006058692932129
large-sc917,26090,2.0301339626312256
large-sc917,26101,2.0172080993652344
large-sc917,26121,1.895461082458496
large-sc917,26131,2.010385751724243
large-sc917,26152,1.9527629613876343
large-sc917,26181,1.9690748453140259
large-sc917,26182,1.8963406085968018
large-sc917,26185,1.9920731782913208
large-sc917,26189,1.9930931329727173
large-sc917,26228,1.955977439880371
large-sc917,26279,1.9748570919036865
large-sc917,26286,1.886549949645996
large-sc917,26287,1.9881882667541504
large-sc917,26304,1.950142502784729
large-sc917,26313,1.9658178091049194
large-sc917,26322,1.9745674133300781
large-sc917,26394,1.9579381942749023
large-sc917,26408,1.927048921585083
large-sc917,26422,1.9664782285690308
large-sc917,26433,1.9870613813400269
large-sc917,26444,1.9819908142089844
large-sc917,26447,2.0397653579711914
large-sc917,26453,1.9995123147964478
large-sc917,26464,1.9096143245697021
large-sc917,26474,1.934467077255249
large-sc917,26479,1.9468435049057007
large-sc917,26483,1.9773143529891968
large-sc917,26487,2.000490188598633
large-sc917,26492,1.9509871006011963
large-sc917,26502,1.9868139028549194
large-sc917,26524,1.9706299304962158
large-sc917,26538,1.9247682094573975
large-sc917,26566,1.969210147857666
large-sc917,26591,1.9458718299865723
large-sc917,26624,1.9181358814239502
large-sc917,26625,1.9488486051559448
large-sc917,26644,1.9569419622421265
large-sc917,26646,1.9710819721221924
large-sc917,26679,1.9203362464904785
large-sc917,26708,1.997633934020996
large-sc917,26728,1.9723401069641113
large-sc917,26735,1.959916591644287
large-sc917,26743,1.973440170288086
large-sc917,26763,1.956403374671936
large-sc917,26772,2.0167033672332764
large-sc917,26792,1.9656271934509277
large-sc917,26793,1.9847575426101685
large-sc917,26796,1.9815852642059326
large-sc917,26816,1.9749726057052612
large-sc917,26836,1.9783846139907837
large-sc917,26843,1.9556812047958374
large-sc917,26857,1.9552181959152222
large-sc917,26858,1.9573034048080444
large-sc917,26863,1.9699339866638184
large-sc917,26880,1.9129763841629028
large-sc917,26897,1.9886677265167236
large-sc917,26979,1.922189474105835
large-sc917,27031,1.934295654296875
large-sc917,27055,1.9704625606536865
large-sc917,27057,1.9780073165893555
large-sc917,27063,2.0479116439819336
large-sc917,27068,1.8850674629211426
large-sc917,27070,1.9105808734893799
large-sc917,27072,1.9873894453048706
large-sc917,27074,1.9712295532226562
large-sc917,27076,1.960050106048584
large-sc917,27103,1.9276036024093628
large-sc917,27119,1.9801552295684814
large-sc917,27129,1.9604768753051758
large-sc917,27134,1.9272054433822632
large-sc917,27138,1.9987425804138184
large-sc917,27140,1.9335510730743408
large-sc917,27148,1.940429449081421
large-sc917,27152,1.9129334688186646
large-sc917,27157,1.9644949436187744
large-sc917,27158,1.9610800743103027
large-sc917,27159,1.9903115034103394
large-sc917,27166,1.9685087203979492
large-sc917,27177,1.9441970586776733
large-sc917,27182,1.9234216213226318
large-sc917,27186,1.9404542446136475
large-sc917,27192,1.9842029809951782
large-sc917,27202,1.9507758617401123
large-sc917,27207,1.929877519607544
large-sc917,27258,1.9881575107574463
large-sc917,27260,1.9405107498168945
large-sc917,27270,1.9434250593185425
large-sc917,27285,1.8854806423187256
large-sc917,27322,1.9621245861053467
large-sc917,27343,1.938727617263794
large-sc917,27357,1.970592737197876
large-sc917,27358,2.0071628093719482
large-sc917,27364,1.9584649801254272
large-sc917,27369,1.9608758687973022
large-sc917,27440,1.946545124053955
large-sc917,27463,1.934090256690979
large-sc917,27465,1.9707133769989014
large-sc917,27489,1.9076619148254395
large-sc917,27510,1.9266046285629272
large-sc917,27523,1.9721934795379639
large-sc917,27530,1.8977177143096924
large-sc917,27568,1.9438402652740479
large-sc917,27587,1.9179837703704834
large-sc917,27589,1.945390224456787
large-sc917,27598,1.9406733512878418
large-sc917,27610,1.960815668106079
large-sc917,27626,1.9439592361450195
large-sc917,27630,1.9200184345245361
large-sc917,27633,1.8720004558563232
large-sc917,27656,1.9600428342819214
large-sc917,27666,1.9938379526138306
large-sc917,27696,1.9830197095870972
large-sc917,27697,1.954993724822998
large-sc917,27706,1.980470895767212
large-sc917,27721,1.9932470321655273
large-sc917,27730,1.957035779953003
large-sc917,27743,1.972048044204712
large-sc917,27749,1.9016411304473877
large-sc917,27769,1.9615838527679443
large-sc917,27817,1.9977762699127197
large-sc917,27820,1.9371118545532227
large-sc917,27828,1.9564034938812256
large-sc917,27888,2.005315065383911
large-sc917,27947,1.920555591583252
large-sc917,27968,1.940727949142456
large-sc917,27971,1.9693996906280518
large-sc917,27990,1.9331532716751099
large-sc917,28002,1.9455097913742065
large-sc917,28039,1.9708977937698364
large-sc917,28051,1.9524297714233398
large-sc917,28053,1.9433156251907349
large-sc917,28054,1.9581032991409302
large-sc917,28055,1.9531135559082031
large-sc917,28064,1.943139672279358
large-sc917,28073,1.9625928401947021
large-sc917,28084,1.9494074583053589
large-sc917,28102,1.9736802577972412
large-sc917,28105,1.9310393333435059
large-sc917,28107,1.935525894165039
large-sc917,28118,1.9562803506851196
large-sc917,28121,1.9318782091140747
large-sc917,28124,1.9094234704971313
large-sc917,28138,1.9771404266357422
large-sc917,28149,1.8946254253387451
large-sc917,28155,1.8809725046157837
large-sc917,28168,1.9662678241729736
large-sc917,28170,1.9265828132629395
large-sc917,28171,1.9154318571090698
large-sc917,28209,1.9124525785446167
large-sc917,28213,1.9743833541870117
large-sc917,28219,1.9224777221679688
large-sc917,28223,1.9925434589385986
large-sc917,28233,1.9719178676605225
large-sc917,28234,1.9229494333267212
large-sc917,28245,1.944596529006958
large-sc917,28256,2.0138118267059326
large-sc917,28270,1.9310543537139893
large-sc917,28312,1.9670289754867554
large-sc917,28346,1.899855613708496
large-sc917,28349,1.9607923030853271
large-sc917,28353,1.9391648769378662
large-sc917,28354,1.9424974918365479
large-sc917,28389,1.9724658727645874
large-sc917,28399,1.9653406143188477
large-sc917,28403,1.9834500551223755
large-sc917,28410,1.9750111103057861
large-sc917,28416,1.9439433813095093
large-sc917,28420,1.9040918350219727
large-sc917,28421,1.9878113269805908
large-sc917,28424,1.9575119018554688
large-sc917,28442,1.9148441553115845
large-sc917,28476,1.9756664037704468
large-sc917,28483,1.94630765914917
large-sc917,28489,1.989396333694458
large-sc917,28491,1.9243676662445068
large-sc917,28493,1.9329627752304077
large-sc917,28506,1.9512640237808228
large-sc917,28529,1.9387398958206177
large-sc917,28534,1.8982200622558594
large-sc917,28558,1.9450104236602783
large-sc917,28564,1.9502995014190674
large-sc917,28580,1.8816094398498535
large-sc917,28635,1.9686954021453857
large-sc917,28641,1.9061826467514038
large-sc917,28646,1.9322044849395752
large-sc917,28672,1.8856735229492188
large-sc917,28676,1.9590198993682861
large-sc917,28687,1.94338059425354
large-sc917,28709,1.9551830291748047
large-sc917,28716,1.923388957977295
large-sc917,28741,1.9648864269256592
large-sc917,28749,1.9195387363433838
large-sc917,28750,1.9377586841583252
large-sc917,28812,1.8885538578033447
large-sc917,28818,1.9645925760269165
large-sc917,28824,1.9820823669433594
large-sc917,28826,1.878666639328003
large-sc917,28836,2.023472547531128
large-sc917,28853,1.9234824180603027
large-sc917,28944,1.9575270414352417
large-sc917,28952,1.919849157333374
large-sc917,28958,1.9601249694824219
large-sc917,28975,1.9385745525360107
large-sc917,28988,1.9922431707382202
large-sc917,29023,1.946725606918335
large-sc917,29045,1.9804582595825195
large-sc917,29058,1.945281744003296
large-sc917,29066,1.9569950103759766
large-sc917,29070,1.8701857328414917
large-sc917,29081,1.9353649616241455
large-sc917,29089,1.8726050853729248
large-sc917,29104,1.9466938972473145
large-sc917,29132,1.950270175933838
large-sc917,29146,1.947397232055664
large-sc917,29162,1.926621913909912
large-sc917,29178,1.9771376848220825
large-sc917,29188,1.930717945098877
large-sc917,29226,1.9207864999771118
large-sc917,29248,1.9786336421966553
large-sc917,29263,1.9374284744262695
large-sc917,29276,1.939548134803772
large-sc917,29281,1.8863073587417603
large-sc917,29299,1.9062156677246094
large-sc917,29301,1.973663568496704
large-sc917,29317,1.912872552871704
large-sc917,29346,1.924917221069336
large-sc917,29347,1.9493831396102905
large-sc917,29368,1.925628423690796
large-sc917,29385,1.98874032497406
large-sc917,29413,1.8887357711791992
large-sc917,29439,2.0034918785095215
large-sc917,29444,1.9641053676605225
large-sc917,29447,1.9568495750427246
large-sc917,29455,1.9054319858551025
large-sc917,29459,1.9617247581481934
large-sc917,29460,1.9519891738891602
large-sc917,29461,1.9082187414169312
large-sc917,29463,1.981343150138855
large-sc917,29473,1.9641166925430298
large-sc917,29480,1.9426918029785156
large-sc917,29485,1.9134418964385986
large-sc917,29506,1.9542559385299683
large-sc917,29509,1.924739122390747
large-sc917,29542,1.961289644241333
large-sc917,29567,1.9284374713897705
large-sc917,29569,1.9458650350570679
large-sc917,29575,1.977612018585205
large-sc917,29586,1.972534418106079
large-sc917,29597,1.9268335103988647
large-sc917,29598,1.9617849588394165
large-sc917,29599,1.947631597518921
large-sc917,29601,1.9641401767730713
large-sc917,29607,1.9739389419555664
large-sc917,29640,1.9424142837524414
large-sc917,29650,1.9717869758605957
large-sc917,29690,1.9550683498382568
large-sc917,29692,1.9394099712371826
large-sc917,29704,1.9255157709121704
large-sc917,29707,1.9473645687103271
large-sc917,29711,1.9338072538375854
large-sc917,29719,1.95233952999115
large-sc917,29725,1.9217429161071777
large-sc917,29737,1.8990716934204102
large-sc917,29745,1.9628698825836182
large-sc917,29778,1.9878568649291992
large-sc917,29828,1.9506970643997192
large-sc917,29831,1.8450206518173218
large-sc917,29898,1.9641730785369873
large-sc917,29922,1.9748152494430542
large-sc917,29931,1.9806865453720093
large-sc917,29968,1.8957984447479248
large-sc917,29980,1.9694234132766724
large-sc917,29982,1.890861988067627
large-sc917,30015,1.9354130029678345
large-sc917,30039,1.9435484409332275
large-sc917,30046,1.9511704444885254
large-sc917,30062,1.9538356065750122
large-sc917,30074,1.941664457321167
large-sc917,30112,1.890114665031433
large-sc917,30119,1.940551996231079
large-sc917,30120,1.9035120010375977
large-sc917,30123,1.93320631980896
large-sc917,30181,1.9748404026031494
large-sc917,30185,1.9346990585327148
large-sc917,30215,1.9238991737365723
large-sc917,30216,1.9395225048065186
large-sc917,30222,1.9888818264007568
large-sc917,30224,1.934567928314209
large-sc917,30226,1.9330241680145264
large-sc917,30254,1.946340799331665
large-sc917,30270,1.9174121618270874
large-sc917,30284,1.9132866859436035
large-sc917,30290,2.0159285068511963
large-sc917,30294,1.95247220993042
large-sc917,30299,1.9387009143829346
large-sc917,30310,1.9132558107376099
large-sc917,30315,1.9392454624176025
large-sc917,30325,1.9411442279815674
large-sc917,30398,1.9813932180404663
large-sc917,30406,1.9189889430999756
large-sc917,30420,1.9748482704162598
large-sc917,30422,1.9441416263580322
large-sc917,30443,1.9225292205810547
large-sc917,30456,1.9606363773345947
large-sc917,30458,1.960681676864624
large-sc917,30460,1.9729373455047607
large-sc917,30481,1.9837709665298462
large-sc917,30495,1.9240577220916748
large-sc917,30516,1.9427565336227417
large-sc917,30519,1.936858892440796
large-sc917,30537,1.9705348014831543
large-sc917,30584,1.9857337474822998
large-sc917,30598,1.912520408630371
large-sc917,30627,1.9249963760375977
large-sc917,30633,1.9570244550704956
large-sc917,30659,1.980033278465271
large-sc917,30675,1.9320728778839111
large-sc917,30683,1.921653389930725
large-sc917,30747,1.9494413137435913
large-sc917,30765,1.9303642511367798
large-sc917,30769,1.9098634719848633
large-sc917,30808,1.9027247428894043
large-sc917,30816,2.0128307342529297
large-sc917,30820,1.9302116632461548
large-sc917,30827,1.9144591093063354
large-sc917,30830,1.9498224258422852
large-sc917,30844,1.901418924331665
large-sc917,30846,1.9309710264205933
large-sc917,30848,1.9876941442489624
large-sc917,30864,1.9605170488357544
large-sc917,30868,1.9928938150405884
large-sc917,30890,1.945162296295166
large-sc917,30924,1.9764642715454102
large-sc917,30941,1.9080584049224854
large-sc917,30943,1.9655661582946777
large-sc917,30974,1.9432108402252197
large-sc917,30982,2.0631489753723145
large-sc917,30988,1.9170773029327393
large-sc917,30996,1.944980263710022
large-sc917,31001,1.921500563621521
large-sc917,31010,1.9121434688568115
large-sc917,31011,1.966783881187439
large-sc917,31050,1.9435361623764038
large-sc917,31056,1.9687080383300781
large-sc917,31060,1.9418646097183228
large-sc917,31063,1.9529833793640137
large-sc917,31076,1.9235121011734009
large-sc917,31083,1.9957971572875977
large-sc917,31097,1.9654711484909058
large-sc917,31113,1.9373729228973389
large-sc917,31140,1.909031629562378
large-sc917,31149,1.956326961517334
large-sc917,31156,1.9361751079559326
large-sc917,31173,1.9541939496994019
large-sc917,31178,1.8941482305526733
large-sc917,31182,1.951025128364563
large-sc917,31184,1.9743876457214355
large-sc917,31193,1.9546046257019043
large-sc917,31194,1.9219002723693848
large-sc917,31223,1.943626880645752
large-sc917,31226,1.9008958339691162
large-sc917,31242,1.9578211307525635
large-sc917,31254,1.9203046560287476
large-sc917,31257,1.8977994918823242
large-sc917,31265,1.9452826976776123
large-sc917,31266,1.9021434783935547
large-sc917,31274,1.9426608085632324
large-sc917,31291,1.9091678857803345
